Kaggle_ID,Date,Hour,Temperature,Humidity,Wind speed,Visibility,Dew point temperature,Solar Radiation,Rainfall,Snowfall,Seasons,Holiday,Functioning Day,Record_id,Demand_Category,Month
0,15/05/2018,11,24.8,36.0,1.8,973,8.7,2.7,0.0,0.0,Spring,No Holiday,Yes,5137441,1,5
1,7/9/2018,23,12.9,,2.4,1688,50.9,0.0,2.4,1.4,Autumn,No Holiday,No,1465289,0,9
2,8/6/2018,21,21.2,77.0,1.7,638,16.9,0.0,0.0,0.0,Summer,No Holiday,Yes,13081158,2,6
3,3/2/2018,23,-10.0,48.0,2.6,2000,-18.9,0.0,0.0,0.0,Winter,No Holiday,Yes,807953,0,2
4,20/07/2018,18,33.9,42.0,2.0,1969,19.1,1.25,0.0,0.0,Summer,No Holiday,Yes,13313822,2,7
5,23/06/2018,18,26.3,55.0,3.2,1119,16.5,0.64,0.0,0.0,Summer,No Holiday,Yes,11877337,2,6
6,6/7/2018,1,23.1,66.0,1.6,2000,16.3,0.0,0.0,0.0,Summer,No Holiday,Yes,4965018,1,7
7,11/3/2018,3,4.4,80.0,1.6,393,1.2,0.0,0.0,0.0,Spring,No Holiday,Yes,1151402,0,3
8,20/01/2018,22,1.5,48.0,2.4,422,-8.3,0.0,0.0,0.0,Winter,No Holiday,Yes,1613698,1,1
9,22/05/2018,8,18.2,63.0,0.8,1731,11.0,1.0,0.0,0.0,Spring,Holiday,Yes,4164837,1,5
10,9/1/2018,23,-4.9,80.0,0.7,690,-7.8,0.0,0.0,0.2,Winter,No Holiday,Yes,1200126,0,1
11,7/12/2017,21,-2.2,46.0,2.2,1975,-12.2,0.0,0.0,0.0,Winter,No Holiday,Yes,3017933,1,12
12,4/12/2017,15,-0.1,25.0,5.8,2000,-17.8,0.88,0.0,0.0,Winter,No Holiday,Yes,2409351,1,12
13,17/06/2018,21,22.7,66.0,0.9,1069,16.0,0.0,0.0,0.0,Summer,No Holiday,Yes,11098581,2,6
14,26/02/2018,11,4.6,37.0,1.6,1309,-8.8,1.95,0.0,0.0,Winter,No Holiday,Yes,2425606,1,2
15,30/09/2018,15,21.3,32.0,3.8,2000,3.9,2.31,0.0,0.0,Autumn,No Holiday,No,239646,0,9
16,2/12/2017,23,4.0,56.0,1.0,1352,-4.0,0.0,0.0,0.0,Winter,No Holiday,Yes,2268243,1,12
17,9/12/2017,4,-4.3,49.0,0.7,2000,-13.4,0.0,0.0,0.0,Winter,No Holiday,Yes,1161028,0,12
18,23/09/2018,8,17.0,69.0,1.2,2000,11.2,0.3,0.0,0.0,Autumn,Holiday,Yes,2715639,1,9
19,30/12/2017,6,-1.1,81.0,,253,-3.9,0.0,0.0,0.0,Winter,No Holiday,Yes,674867,0,12
20,1/7/2018,8,22.1,93.0,,805,20.9,0.14,1.0,0.0,Summer,No Holiday,Yes,374571,0,7
21,25/06/2018,22,27.4,55.0,0.3,1001,17.5,0.0,0.0,0.0,Summer,No Holiday,Yes,11274078,2,6
22,7/1/2018,11,0.5,35.0,1.4,1558,-13.2,0.75,0.0,0.0,Winter,No Holiday,Yes,1474565,1,1
23,17/02/2018,8,-7.1,30.0,1.7,1991,-21.7,0.04,0.0,0.0,Winter,Holiday,Yes,676937,0,2
25,3/4/2018,23,15.0,94.0,1.6,163,14.0,0.0,0.0,0.0,Spring,No Holiday,Yes,3104694,1,4
27,12/2/2018,23,,,4.3,2059,-8.5,0.0,1.6,0.0,Winter,Holiday,No,8491368,2,2
28,12/4/2018,7,7.6,54.0,1.7,1690,-1.1,0.13,0.0,0.0,Spring,No Holiday,Yes,5499687,1,4
29,7/7/2018,5,19.8,63.0,1.4,2000,12.5,0.0,0.0,0.0,Summer,No Holiday,Yes,1590004,1,7
30,20/10/2018,7,7.0,82.0,0.5,867,4.1,0.0,0.0,0.0,Autumn,No Holiday,Yes,2499985,1,10
31,9/8/2018,1,28.8,75.0,2.1,1975,23.9,0.0,0.0,0.0,Summer,No Holiday,Yes,4683794,1,8
32,19/07/2018,16,33.7,43.0,2.7,1890,19.3,2.55,0.0,0.0,Summer,No Holiday,Yes,6102944,1,7
34,24/07/2018,10,32.4,54.0,0.9,1631,21.8,1.45,0.0,0.0,Summer,No Holiday,Yes,3369083,1,7
35,13/03/2018,15,18.6,47.0,3.3,1560,7.0,2.08,0.0,0.0,Spring,No Holiday,Yes,4635312,1,3
36,11/12/2017,9,-5.9,36.0,5.1,1941,-18.6,0.1,0.0,0.0,Winter,No Holiday,Yes,2378400,1,12
37,4/6/2018,22,22.0,64.0,1.8,1211,14.8,0.0,,0.0,Summer,No Holiday,Yes,10485049,2,6
38,4/10/2018,4,13.3,75.0,0.4,1792,8.9,0.0,0.0,0.0,Autumn,No Holiday,No,661513,0,10
39,23/09/2018,22,18.5,40.0,2.5,2000,4.6,0.0,0.0,0.0,Autumn,Holiday,Yes,6020580,1,9
40,10/1/2018,18,-7.8,32.0,4.5,2000,-21.6,0.02,0.0,0.0,Winter,No Holiday,Yes,2514355,1,1
41,9/8/2018,6,27.7,84.0,1.4,1436,24.7,0.0,0.0,0.0,Summer,No Holiday,Yes,3732905,1,8
42,14/02/2018,18,5.1,34.0,2.3,1440,-9.5,0.09,0.0,0.0,Winter,No Holiday,Yes,3466152,1,2
44,4/5/2018,21,13.3,47.0,1.9,1805,2.2,0.0,0.0,0.0,Spring,No Holiday,Yes,7479212,2,5
46,4/2/2018,4,-11.2,47.0,2.3,2000,-20.3,0.0,0.0,0.0,Winter,No Holiday,Yes,1131839,0,2
47,4/6/2018,10,25.1,40.0,2.7,1076,10.5,2.37,0.0,0.0,Summer,No Holiday,Yes,5467178,1,6
48,26/12/2017,4,-2.6,72.0,1.4,1929,-6.9,0.0,0.0,0.0,Winter,No Holiday,Yes,513651,0,12
49,21/09/2018,20,20.0,82.0,0.4,2000,16.8,0.0,0.0,0.0,Autumn,No Holiday,Yes,8383888,2,9
50,19/03/2018,15,9.8,57.0,3.0,2000,1.6,0.43,0.0,0.0,Spring,No Holiday,Yes,2217460,1,3
51,22/03/2018,11,6.9,46.0,2.1,1541,-3.9,2.33,0.0,0.0,Spring,No Holiday,Yes,3352854,1,3
52,29/10/2018,2,4.7,81.0,1.0,1918,1.7,0.0,0.0,0.0,Autumn,No Holiday,Yes,1934096,0,10
53,16/10/2018,23,12.9,78.0,0.6,1201,9.1,0.0,,0.0,Autumn,No Holiday,Yes,5510192,1,10
54,30/09/2018,20,16.0,39.0,2.9,2000,2.0,,0.0,0.0,Autumn,No Holiday,No,452762,0,9
55,11/12/2017,14,-5.4,31.0,4.1,1945,-19.9,1.13,,0.0,Winter,No Holiday,Yes,1582977,1,12
56,15/03/2018,8,14.1,97.0,1.1,342,13.6,0.0,0.0,0.0,Spring,No Holiday,Yes,618235,0,3
57,7/4/2018,13,7.4,22.0,4.5,1964,-12.9,,0.0,0.0,Spring,No Holiday,Yes,4559277,1,4
58,16/09/2018,19,21.2,87.0,2.7,479,18.9,0.01,0.0,0.0,Autumn,No Holiday,Yes,4282947,1,9
59,22/02/2018,5,-2.4,59.0,1.1,1984,-9.3,0.0,0.0,0.0,Winter,No Holiday,Yes,507675,0,2
60,28/01/2018,19,-6.0,31.0,3.6,2000,-20.4,0.0,0.0,0.0,Winter,No Holiday,Yes,1091396,0,1
61,8/5/2018,14,22.2,42.0,1.7,2000,8.6,2.29,0.0,0.0,Spring,No Holiday,Yes,6213729,2,5
62,6/5/2018,14,17.2,85.0,1.3,2000,14.6,0.94,0.0,0.0,Spring,No Holiday,Yes,2867063,1,5
63,29/06/2018,14,27.8,57.0,2.1,760,18.4,,0.0,0.0,Summer,No Holiday,Yes,6912707,2,6
64,24/03/2018,23,6.4,85.0,2.3,155,4.0,0.0,0.0,0.0,Spring,No Holiday,Yes,2047103,1,3
65,22/03/2018,22,3.9,66.0,2.7,990,-1.8,0.0,0.0,0.0,Spring,No Holiday,Yes,3641409,1,3
66,9/8/2018,21,27.8,82.0,0.3,1397,24.4,0.0,0.0,0.0,Summer,No Holiday,Yes,9019729,2,8
67,25/04/2018,15,22.8,21.0,2.1,1542,-0.6,2.75,0.0,0.0,Spring,No Holiday,Yes,6571137,2,4
68,29/12/2017,20,1.7,73.0,0.5,332,-2.6,0.0,0.0,0.0,Winter,No Holiday,Yes,2042615,1,12
69,21/10/2018,11,16.8,38.0,1.5,1326,2.3,2.07,0.0,0.0,Autumn,No Holiday,Yes,5599347,1,10
71,28/01/2018,11,-4.6,27.0,2.6,1887,-20.8,0.85,0.0,0.0,Winter,No Holiday,Yes,921310,0,1
73,30/12/2017,13,4.0,62.0,1.0,256,-2.6,0.51,0.0,0.0,Winter,No Holiday,Yes,1780392,1,12
74,31/05/2018,22,21.1,59.0,,1874,12.7,0.0,0.0,0.0,Spring,No Holiday,Yes,10912758,2,5
75,5/9/2018,2,20.6,72.0,0.9,2000,15.3,0.0,0.0,0.0,Autumn,No Holiday,Yes,3577999,1,9
77,25/08/2018,16,27.2,58.0,3.7,1987,18.2,0.99,0.0,0.0,Summer,No Holiday,Yes,8333957,2,8
78,3/4/2018,10,18.9,66.0,2.0,1298,12.4,0.85,0.0,0.0,Spring,No Holiday,Yes,4128106,1,4
79,11/6/2018,23,18.2,93.0,0.8,460,17.0,0.0,3.5,0.0,Summer,No Holiday,Yes,2335810,1,6
80,20/11/2018,14,12.3,16.0,2.5,1797,-12.8,1.69,0.0,0.0,Autumn,No Holiday,Yes,4390793,1,11
81,7/4/2018,12,6.0,23.0,4.2,1990,-13.6,2.0,0.0,0.0,Spring,No Holiday,Yes,3956197,1,4
82,1/9/2018,15,30.0,45.0,0.9,2000,16.7,2.1,0.0,0.0,Autumn,No Holiday,Yes,7461781,2,9
83,5/3/2018,0,7.6,88.0,2.5,1974,5.7,0.0,9.0,0.0,Spring,No Holiday,Yes,445168,0,3
85,29/12/2017,5,0.7,66.0,0.7,687,-4.9,0.0,0.0,0.0,Winter,No Holiday,Yes,499193,0,12
86,18/04/2018,7,6.4,51.0,1.0,1398,-3.0,0.19,0.0,0.0,Spring,No Holiday,Yes,5813417,1,4
87,4/6/2018,23,21.4,68.0,2.7,972,15.2,0.0,0.0,0.0,Summer,No Holiday,Yes,8070712,2,6
88,31/08/2018,11,26.7,51.0,2.7,1925,15.7,2.65,,0.0,Summer,No Holiday,Yes,4756884,1,8
89,6/4/2018,11,8.3,69.0,4.1,1217,2.9,1.81,0.0,0.0,Spring,No Holiday,Yes,3081667,1,4
90,7/7/2018,19,26.1,51.0,1.4,2000,15.1,0.32,0.0,0.0,Summer,No Holiday,Yes,12029910,2,7
91,8/5/2018,11,21.0,45.0,1.6,2000,8.6,2.89,0.0,0.0,Spring,No Holiday,Yes,4737016,1,5
92,23/11/2018,8,,43.0,1.1,2000,-13.8,0.03,,0.0,Autumn,No Holiday,Yes,8640944,2,11
93,8/1/2018,10,1.3,43.0,0.8,971,-9.9,,0.0,0.0,Winter,No Holiday,Yes,1801369,1,1
94,2/9/2018,4,21.1,62.0,1.8,2000,13.5,0.0,0.0,0.0,Autumn,No Holiday,Yes,1775382,1,9
95,14/07/2018,9,27.0,70.0,1.1,1393,21.0,1.15,0.0,0.0,Summer,No Holiday,Yes,5579197,1,7
96,4/3/2018,8,,,,309,-22.8,1.07,0.0,0.0,Spring,No Holiday,No,905594,0,3
97,7/10/2018,9,16.2,60.0,1.9,1899,8.4,1.16,0.0,0.0,Autumn,No Holiday,Yes,4320444,1,10
98,16/03/2018,16,11.6,31.0,1.4,1999,-4.9,2.11,0.0,0.0,Spring,No Holiday,Yes,5961671,1,3
99,5/5/2018,4,12.1,51.0,1.6,1939,2.2,,,0.0,Spring,No Holiday,Yes,1404940,1,5
100,4/5/2018,15,19.9,26.0,3.8,1898,-0.1,3.0,0.0,0.0,Spring,No Holiday,Yes,7919415,2,5
102,12/1/2018,0,-13.6,49.0,,2000,-22.0,0.0,0.0,0.0,Winter,No Holiday,Yes,1138499,0,1
103,6/4/2018,19,4.8,48.0,,1126,-5.3,0.17,0.0,0.0,Spring,No Holiday,Yes,3972708,1,4
104,18/11/2018,5,2.3,53.0,0.6,1763,-6.3,0.0,0.0,0.0,Autumn,No Holiday,Yes,764943,0,11
105,25/08/2018,14,29.2,52.0,3.1,1735,18.3,2.68,0.0,0.0,Summer,No Holiday,Yes,6625122,2,8
106,11/8/2018,12,33.2,50.0,2.3,2000,21.3,2.84,0.0,0.0,Summer,No Holiday,Yes,4626890,1,8
107,14/03/2018,8,14.2,67.0,0.9,1812,8.1,,0.0,0.0,Spring,No Holiday,Yes,6996908,2,3
108,25/09/2018,11,20.1,40.0,1.6,1985,6.0,2.47,0.0,0.0,Autumn,Holiday,Yes,4487922,1,9
110,16/03/2018,22,4.9,46.0,0.8,2000,-5.7,0.0,,0.0,Spring,No Holiday,Yes,4274306,1,3
111,4/5/2018,8,11.3,46.0,1.2,1788,0.0,1.04,0.0,0.0,Spring,No Holiday,Yes,10861419,2,5
112,9/1/2018,13,-2.6,45.0,4.0,1663,-12.9,1.11,0.0,0.3,Winter,No Holiday,Yes,2113635,1,1
114,5/8/2018,11,,63.0,2.6,1695,23.3,1.99,0.0,0.0,Summer,No Holiday,Yes,2750605,1,8
115,8/2/2018,6,-9.3,61.0,0.7,1684,-15.4,,0.0,0.0,Winter,No Holiday,Yes,1341090,0,2
116,29/10/2018,15,11.0,46.0,3.4,2000,-0.1,0.57,0.0,0.0,Autumn,No Holiday,Yes,5255710,1,10
117,1/9/2018,20,26.9,49.0,2.1,2000,15.2,0.0,0.0,0.0,Autumn,No Holiday,Yes,7931230,2,9
118,22/12/2017,14,5.9,55.0,0.6,779,-2.4,0.48,,0.0,Winter,Holiday,Yes,2026507,1,12
119,1/7/2018,16,22.2,97.0,1.1,1745,21.6,0.25,1.0,0.0,Summer,No Holiday,Yes,1103746,0,7
120,22/08/2018,8,25.7,66.0,0.9,1976,18.8,0.64,0.0,0.0,Summer,No Holiday,Yes,10674184,2,8
121,20/02/2018,6,-2.1,82.0,1.8,381,-4.7,0.0,0.0,0.0,Winter,No Holiday,Yes,1747088,0,2
122,21/02/2018,18,1.8,16.0,3.4,2000,-21.4,0.31,0.0,0.0,Winter,No Holiday,Yes,4704406,1,2
123,12/10/2018,13,15.8,36.0,1.5,1888,0.7,,0.0,0.0,Autumn,No Holiday,Yes,6219977,2,10
124,6/3/2018,14,9.2,27.0,2.9,1880,-8.8,2.32,0.0,0.0,Spring,No Holiday,Yes,3214032,1,3
125,21/07/2018,7,25.3,71.0,,1226,19.6,0.34,0.0,0.0,Summer,No Holiday,Yes,3260430,1,7
126,20/12/2017,15,-0.2,45.0,1.0,1852,-10.7,0.41,,1.6,Winter,No Holiday,Yes,2045881,1,12
127,15/10/2018,9,12.8,74.0,0.5,831,8.2,0.31,0.0,0.0,Autumn,No Holiday,Yes,5954303,2,10
128,25/03/2018,7,4.7,82.0,1.3,198,1.8,,0.0,0.0,Spring,No Holiday,Yes,1113642,0,3
129,11/5/2018,19,17.1,51.0,2.5,1223,6.8,,0.0,0.0,Spring,No Holiday,Yes,10540717,2,5
130,8/10/2018,17,20.0,28.0,0.7,2000,0.9,0.79,0.0,0.0,Autumn,No Holiday,Yes,11385703,2,10
131,14/11/2018,16,15.2,40.0,2.7,1371,1.6,0.87,0.0,0.0,Autumn,No Holiday,Yes,6211807,2,11
132,16/01/2018,22,4.0,57.0,0.3,430,-3.7,0.0,0.0,0.0,Winter,No Holiday,Yes,2629843,1,1
133,30/09/2018,6,15.5,80.0,0.4,2000,12.0,,0.0,0.0,Autumn,No Holiday,No,290847,0,9
134,27/08/2018,11,22.0,96.0,1.6,602,21.3,0.36,0.5,0.0,Summer,No Holiday,Yes,890222,0,8
135,3/1/2018,9,-6.8,44.0,1.7,1858,-17.0,0.16,,0.0,Winter,No Holiday,Yes,2795082,1,1
137,23/05/2018,4,15.0,97.0,1.4,1827,14.5,0.0,0.0,0.0,Spring,No Holiday,Yes,889894,0,5
138,7/4/2018,6,1.7,58.0,3.8,1189,-5.6,0.0,0.0,0.0,Spring,No Holiday,Yes,958580,0,4
139,17/01/2018,3,3.0,67.0,0.8,297,-2.5,0.0,0.0,0.0,Winter,No Holiday,Yes,643933,0,1
140,1/5/2018,17,22.0,65.0,2.4,589,15.1,0.47,0.0,0.0,Spring,Holiday,Yes,9588337,2,5
141,2/9/2018,9,23.4,52.0,1.3,1997,12.9,1.53,0.0,0.0,Autumn,No Holiday,Yes,4103633,1,9
142,26/08/2018,8,22.1,74.0,1.0,1479,17.2,0.77,0.0,0.0,Summer,No Holiday,Yes,3094073,1,8
143,8/8/2018,20,31.0,66.0,2.9,1857,23.8,,0.0,0.0,Summer,No Holiday,Yes,9226495,2,8
144,23/04/2018,22,9.6,90.0,1.9,2000,8.0,0.0,0.0,0.0,Spring,No Holiday,Yes,1456531,0,4
145,19/02/2018,22,1.0,69.0,0.7,525,-4.0,0.0,0.0,0.0,Winter,No Holiday,Yes,2709311,1,2
146,12/5/2018,20,15.7,97.0,0.3,343,15.2,0.0,1.0,0.0,Spring,No Holiday,Yes,745769,0,5
149,7/8/2018,3,27.6,69.0,0.9,2000,21.3,0.0,0.0,0.0,Summer,No Holiday,Yes,2204022,1,8
150,3/5/2018,16,12.8,53.0,3.3,2000,3.4,0.76,0.0,0.0,Spring,No Holiday,Yes,5660534,1,5
151,27/01/2018,23,-7.6,42.0,1.2,1760,-18.3,0.0,0.0,0.0,Winter,No Holiday,Yes,584150,0,1
152,8/12/2017,19,-3.3,35.0,1.1,2000,-16.6,0.0,0.0,0.0,Winter,No Holiday,Yes,3175065,1,12
153,8/7/2018,23,24.6,60.0,2.6,2000,16.3,0.0,0.0,0.0,Summer,No Holiday,Yes,6810416,2,7
155,3/8/2018,7,30.8,58.0,1.6,1777,21.5,0.22,,0.0,Summer,No Holiday,Yes,5327298,1,8
156,27/01/2018,1,-15.1,43.0,0.8,1905,-24.9,0.0,0.0,0.3,Winter,No Holiday,Yes,1208897,0,1
157,27/11/2018,22,6.6,33.0,2.1,722,-8.5,0.0,0.0,0.0,Autumn,No Holiday,Yes,3718328,1,11
158,15/10/2018,18,18.0,66.0,2.3,554,11.5,0.1,0.0,0.0,Autumn,No Holiday,Yes,14041500,2,10
160,21/03/2018,17,2.5,78.0,2.0,2000,-0.9,0.25,0.0,0.0,Spring,No Holiday,Yes,1707922,1,3
161,24/11/2018,9,0.3,97.0,3.0,34,-0.1,0.0,9.1,7.1,Autumn,No Holiday,Yes,957919,0,11
162,19/08/2018,1,25.0,57.0,0.9,2000,15.8,0.0,0.0,0.0,Summer,No Holiday,Yes,5096991,1,8
163,22/08/2018,11,32.1,49.0,1.6,1874,20.0,2.63,0.0,0.0,Summer,No Holiday,Yes,4189258,1,8
164,15/05/2018,4,16.1,74.0,0.8,440,11.4,0.0,0.0,0.0,Spring,No Holiday,Yes,1103006,0,5
165,19/08/2018,3,24.0,59.0,0.6,2000,15.4,0.0,0.0,0.0,Summer,No Holiday,Yes,2919110,1,8
166,25/09/2018,18,21.6,37.0,1.0,2000,6.2,0.24,,0.0,Autumn,Holiday,Yes,9947543,2,9
167,4/10/2018,19,22.3,50.0,1.4,2000,11.3,0.0,0.0,0.0,Autumn,No Holiday,No,236931,0,10
168,22/01/2018,1,-0.2,32.0,0.7,2000,-14.9,0.0,0.0,0.0,Winter,No Holiday,Yes,1268767,0,1
170,26/02/2018,15,10.3,23.0,2.1,1317,-9.9,2.09,0.0,0.0,Winter,No Holiday,Yes,3636924,1,2
171,13/04/2018,14,18.7,14.0,1.6,2000,-9.3,1.25,0.0,0.0,Spring,No Holiday,Yes,5763076,1,4
172,15/02/2018,10,-1.6,26.0,1.9,1980,-18.6,1.29,0.0,0.0,Winter,Holiday,Yes,1418641,0,2
173,9/11/2018,6,11.0,70.0,3.1,900,5.7,0.0,0.0,0.0,Autumn,No Holiday,No,419213,0,11
174,28/03/2018,10,14.7,62.0,2.9,684,7.4,1.59,0.0,0.0,Spring,No Holiday,Yes,2718858,1,3
175,1/6/2018,6,17.5,76.0,1.2,1161,13.2,0.05,0.0,0.0,Summer,No Holiday,Yes,3890364,1,6
176,3/11/2018,4,6.3,72.0,1.0,1104,1.6,0.0,0.0,0.0,Autumn,No Holiday,No,589094,0,11
177,5/5/2018,18,,31.0,3.4,1953,4.5,0.79,0.0,0.0,Spring,No Holiday,Yes,10452752,2,5
178,30/07/2018,7,26.8,59.0,1.1,2000,18.1,0.28,,0.0,Summer,No Holiday,Yes,6006921,2,7
179,27/06/2018,23,22.3,83.0,2.6,490,19.2,0.0,0.0,0.0,Summer,No Holiday,Yes,5957580,2,6
180,25/09/2018,12,21.7,36.0,2.0,2000,5.9,2.78,0.0,0.0,Autumn,Holiday,Yes,6271903,1,9
181,18/01/2018,16,3.6,42.0,2.4,883,-8.1,0.29,0.0,0.0,Winter,No Holiday,Yes,1739617,1,1
182,22/09/2018,9,,78.0,1.3,740,15.7,,0.0,0.0,Autumn,No Holiday,Yes,4870041,1,9
183,20/01/2018,3,-0.9,65.0,0.2,1359,-6.6,0.0,0.0,0.0,Winter,No Holiday,Yes,940901,0,1
184,9/5/2018,23,,62.0,1.4,2000,7.9,0.0,0.0,0.0,Spring,No Holiday,Yes,5884725,2,5
185,27/04/2018,3,10.7,63.0,1.1,989,3.9,0.0,0.0,0.0,Spring,No Holiday,Yes,2076340,1,4
186,29/09/2018,2,15.8,71.0,1.1,2000,10.5,0.0,0.0,0.0,Autumn,No Holiday,Yes,4126980,1,9
187,21/02/2018,22,-2.2,55.0,1.4,2000,-10.0,0.0,0.0,0.0,Winter,No Holiday,Yes,1838726,1,2
188,9/1/2018,1,-1.9,69.0,5.0,791,-6.8,0.0,0.0,1.0,Winter,No Holiday,Yes,973439,0,1
190,17/12/2017,13,-4.5,25.0,3.2,1989,-21.6,1.14,0.0,0.0,Winter,No Holiday,Yes,1439298,1,12
191,23/01/2018,12,-11.3,27.0,3.7,1955,-26.6,1.18,0.0,1.0,Winter,No Holiday,Yes,1584464,1,1
192,9/2/2018,18,4.1,40.0,2.1,1327,-8.3,0.1,0.0,0.0,Winter,No Holiday,Yes,3639532,1,2
193,5/1/2018,19,-2.5,49.0,0.6,1436,-11.7,0.0,0.0,0.0,Winter,No Holiday,Yes,2547835,1,1
194,2/7/2018,3,21.1,96.0,2.4,866,20.4,0.0,4.5,0.0,Summer,No Holiday,Yes,411133,0,7
195,17/05/2018,0,22.0,97.0,1.6,152,21.4,0.0,0.5,0.0,Spring,No Holiday,Yes,1602631,0,5
196,15/11/2018,21,9.6,52.0,1.3,906,0.2,,0.0,0.0,Autumn,No Holiday,Yes,6407399,2,11
197,27/12/2017,22,-6.4,36.0,1.3,2000,-19.0,0.0,0.0,0.0,Winter,No Holiday,Yes,1411605,1,12
198,3/8/2018,5,30.5,72.0,0.5,1084,24.8,0.0,0.0,0.0,Summer,No Holiday,Yes,1935285,1,8
199,8/7/2018,0,20.7,51.0,1.7,2000,10.1,0.0,0.0,0.0,Summer,No Holiday,Yes,6187432,2,7
200,4/11/2018,22,11.2,67.0,1.3,940,5.2,0.0,0.0,0.0,Autumn,No Holiday,Yes,5151890,1,11
201,25/08/2018,5,23.3,79.0,,1592,19.4,0.0,0.0,0.0,Summer,No Holiday,Yes,1625786,1,8
202,9/5/2018,16,21.4,35.0,2.7,1838,5.2,2.38,0.0,0.0,Spring,No Holiday,Yes,8532611,2,5
203,6/5/2018,9,15.4,97.0,0.8,413,14.9,0.18,1.0,0.0,Spring,No Holiday,Yes,970996,0,5
204,26/03/2018,10,10.0,70.0,,187,4.7,1.57,0.0,0.0,Spring,No Holiday,Yes,2354985,1,3
205,6/1/2018,21,-2.5,47.0,0.8,1495,-12.2,,0.0,0.0,Winter,No Holiday,Yes,1191872,1,1
206,19/03/2018,23,6.9,44.0,3.3,2000,-4.5,0.0,0.0,0.0,Spring,No Holiday,Yes,1983770,1,3
207,26/07/2018,13,32.4,54.0,0.7,896,21.8,1.41,,0.0,Summer,No Holiday,Yes,3336515,1,7
208,28/11/2018,16,9.6,17.0,3.0,1706,-14.3,0.77,0.0,0.0,Autumn,No Holiday,Yes,4581740,1,11
209,28/05/2018,15,28.4,43.0,3.1,900,14.6,2.28,0.0,0.0,Spring,No Holiday,Yes,7303846,2,5
210,27/01/2018,21,-7.9,35.0,2.6,1878,-20.7,0.0,,0.0,Winter,No Holiday,Yes,1480721,0,1
211,3/2/2018,18,-6.6,36.0,4.4,2000,-19.2,0.15,0.0,0.0,Winter,No Holiday,Yes,1371644,0,2
212,24/06/2018,22,23.9,72.0,0.8,1098,18.5,0.0,0.0,0.0,Summer,No Holiday,Yes,10036655,2,6
213,8/4/2018,21,2.8,88.0,2.1,592,1.0,0.0,0.0,0.0,Spring,No Holiday,Yes,1791408,0,4
214,21/04/2018,17,23.2,12.0,3.6,2000,-7.8,1.69,0.0,0.0,Spring,No Holiday,Yes,11166799,2,4
215,19/02/2018,8,-1.2,51.0,0.8,1800,-10.0,0.05,0.0,0.0,Winter,No Holiday,Yes,4439422,1,2
216,10/4/2018,3,,48.0,0.8,1455,-2.2,0.0,0.0,0.0,Spring,No Holiday,Yes,1596669,0,4
217,26/04/2018,4,10.7,70.0,0.7,1404,5.4,0.0,0.0,0.0,Spring,No Holiday,Yes,1609629,0,4
218,5/2/2018,3,-11.3,54.0,0.6,2000,-18.7,0.0,0.0,0.0,Winter,No Holiday,Yes,410847,0,2
219,18/07/2018,18,32.0,50.0,2.6,1374,20.2,1.25,0.0,0.0,Summer,No Holiday,Yes,14125714,2,7
220,10/9/2018,7,18.9,63.0,1.8,2000,11.6,0.09,0.0,0.0,Autumn,No Holiday,Yes,8120818,2,9
221,7/7/2018,13,27.5,43.0,2.0,2000,13.7,3.41,0.0,0.0,Summer,No Holiday,Yes,8089513,2,7
222,28/09/2018,21,17.8,66.0,1.1,2000,11.3,0.0,0.0,0.0,Autumn,No Holiday,No,561735,0,9
223,20/05/2018,9,16.0,34.0,1.3,2000,0.1,1.0,0.0,0.0,Spring,No Holiday,Yes,3969255,1,5
224,7/3/2018,10,5.2,52.0,1.5,1808,-3.8,0.74,0.0,0.0,Spring,No Holiday,Yes,2381781,1,3
225,29/10/2018,14,11.3,39.0,,2000,-2.1,,0.0,0.0,Autumn,No Holiday,Yes,5022857,1,10
226,15/06/2018,4,18.0,93.0,1.6,627,16.8,0.0,10.5,0.0,Summer,No Holiday,Yes,1204605,0,6
227,25/09/2018,8,12.0,61.0,1.3,1988,4.6,0.6,0.0,0.0,Autumn,Holiday,Yes,2939872,1,9
228,10/7/2018,5,20.6,97.0,0.6,2000,20.1,0.0,0.0,0.0,Summer,No Holiday,Yes,982817,0,7
229,22/04/2018,6,14.6,42.0,0.5,2000,1.8,0.0,0.0,0.0,Spring,No Holiday,Yes,1202599,0,4
230,4/12/2017,16,-0.2,23.0,4.7,2000,-18.8,0.55,0.0,0.0,Winter,No Holiday,Yes,2182729,1,12
231,10/11/2018,8,,85.0,0.3,313,6.9,0.07,0.0,0.0,Autumn,No Holiday,Yes,3562536,1,11
232,29/06/2018,11,24.8,74.0,1.8,644,19.8,,0.0,0.0,Summer,No Holiday,Yes,4885667,1,6
233,19/02/2018,19,3.6,55.0,1.6,728,-4.6,0.0,0.0,0.0,Winter,No Holiday,Yes,3080873,1,2
234,3/8/2018,3,31.2,68.0,1.4,968,24.5,0.0,,0.0,Summer,No Holiday,Yes,1733804,1,8
236,20/08/2018,4,26.2,65.0,1.1,1542,19.0,0.0,0.0,0.0,Summer,No Holiday,Yes,1465424,0,8
239,20/12/2017,10,-5.4,56.0,1.1,1751,-12.8,0.28,0.0,2.0,Winter,No Holiday,Yes,1517317,0,12
240,4/5/2018,19,15.5,46.0,2.6,1782,3.9,0.34,0.0,0.0,Spring,No Holiday,Yes,10613832,2,5
241,27/05/2018,19,21.7,38.0,,1857,6.7,0.27,0.0,0.0,Spring,No Holiday,Yes,11318302,2,5
242,23/04/2018,8,8.8,95.0,2.8,519,8.0,,5.0,0.0,Spring,No Holiday,Yes,338994,0,4
243,4/6/2018,21,22.6,62.0,1.1,1363,14.9,0.0,0.0,0.0,Summer,No Holiday,Yes,12948367,2,6
244,1/4/2018,21,16.9,81.0,1.9,472,13.6,0.0,0.0,0.0,Spring,No Holiday,Yes,5931053,1,4
245,11/4/2018,21,11.0,34.0,2.1,2000,-4.2,0.0,0.0,0.0,Spring,No Holiday,No,593927,0,4
246,19/10/2018,0,10.3,67.0,1.5,2000,4.4,0.0,0.0,0.0,Autumn,No Holiday,Yes,3449336,1,10
247,15/08/2018,11,35.4,44.0,1.2,1887,21.2,2.58,0.0,0.0,Summer,Holiday,Yes,3920102,1,8
248,13/03/2018,14,18.3,43.0,2.2,1509,5.4,2.43,0.0,0.0,Spring,No Holiday,Yes,4333065,1,3
249,21/01/2018,21,-0.1,29.0,0.5,2000,-16.0,0.0,0.0,0.0,Winter,No Holiday,Yes,2060950,1,1
250,27/02/2018,5,0.6,50.0,0.1,1026,-8.6,,0.0,0.0,Winter,No Holiday,Yes,957524,0,2
251,27/03/2018,8,9.3,62.0,0.6,519,2.3,,,0.0,Spring,No Holiday,Yes,6588934,2,3
252,27/12/2017,8,-10.2,35.0,1.8,2000,-22.7,0.0,0.0,0.0,Winter,No Holiday,Yes,3644630,1,12
253,16/03/2018,10,6.7,46.0,2.2,1936,-4.1,1.79,0.0,0.0,Spring,No Holiday,Yes,3357691,1,3
254,8/2/2018,0,-8.2,50.0,1.1,1850,-16.8,0.0,0.0,0.0,Winter,No Holiday,Yes,1363520,0,2
255,19/03/2018,17,8.5,59.0,2.7,1927,0.9,0.16,0.0,0.0,Spring,No Holiday,Yes,3162810,1,3
256,21/07/2018,17,36.3,36.0,3.1,1972,18.8,1.91,0.0,0.0,Summer,No Holiday,Yes,5996839,1,7
261,28/08/2018,8,23.4,83.0,0.8,1998,20.3,,0.0,0.0,Summer,No Holiday,Yes,9885530,2,8
262,2/6/2018,21,22.1,44.0,2.5,2000,9.2,0.0,0.0,0.0,Summer,No Holiday,Yes,11792038,2,6
264,24/03/2018,14,12.7,55.0,3.4,378,3.8,,0.0,0.0,Spring,No Holiday,Yes,4891313,1,3
265,29/03/2018,16,20.7,38.0,2.2,741,5.8,1.63,0.0,0.0,Spring,No Holiday,Yes,5482425,1,3
266,28/06/2018,11,26.5,64.0,1.8,1806,19.1,1.3,0.0,0.0,Summer,No Holiday,Yes,4994427,1,6
267,16/06/2018,2,17.9,60.0,0.8,2000,10.0,0.0,0.0,0.0,Summer,No Holiday,Yes,4612578,1,6
268,23/12/2017,9,5.2,84.0,0.7,226,2.7,0.03,0.0,0.0,Winter,No Holiday,Yes,1866810,1,12
269,25/10/2018,16,20.4,32.0,0.9,1720,3.1,0.84,0.0,0.0,Autumn,No Holiday,Yes,7904053,2,10
270,8/12/2017,12,-2.0,30.0,1.4,1728,-17.3,1.14,0.0,0.0,Winter,No Holiday,Yes,2648814,1,12
271,5/9/2018,9,23.4,59.0,3.0,1974,14.9,1.46,0.0,0.0,Autumn,No Holiday,Yes,7133333,2,9
272,17/04/2018,4,7.6,52.0,0.4,1935,-1.6,0.0,0.0,0.0,Spring,No Holiday,Yes,1203223,0,4
273,1/2/2018,8,-8.6,59.0,,1948,-15.1,0.01,0.0,1.6,Winter,No Holiday,Yes,3092010,1,2
274,19/07/2018,13,32.6,47.0,2.7,1641,19.8,3.36,0.0,0.0,Summer,No Holiday,Yes,4421309,1,7
275,27/02/2018,14,6.3,40.0,0.8,943,-6.3,0.34,0.0,0.0,Winter,No Holiday,Yes,2355655,1,2
276,8/7/2018,18,26.7,48.0,1.0,2000,14.7,0.53,0.0,0.0,Summer,No Holiday,Yes,12942887,2,7
277,16/07/2018,0,26.5,81.0,0.9,1650,22.9,0.0,0.0,0.0,Summer,No Holiday,Yes,4306655,1,7
278,10/2/2018,20,-4.4,19.0,5.8,2000,-24.6,0.0,0.0,0.0,Winter,No Holiday,Yes,1539262,0,2
279,30/06/2018,17,27.4,75.0,2.3,616,22.5,0.46,0.0,0.0,Summer,No Holiday,Yes,7380062,2,6
280,30/10/2018,16,11.0,34.0,2.3,1999,-4.2,1.16,0.0,0.0,Autumn,No Holiday,Yes,5919344,2,10
281,29/12/2017,19,2.7,68.0,,348,-2.6,,0.0,0.0,Winter,No Holiday,Yes,2512770,1,12
282,9/4/2018,14,13.9,26.0,2.5,1537,-5.3,2.99,0.0,0.0,Spring,No Holiday,Yes,5583347,1,4
283,12/4/2018,16,18.8,23.0,4.2,1956,-2.7,2.39,0.0,0.0,Spring,No Holiday,Yes,6642281,2,4
284,19/10/2018,15,19.7,30.0,,1971,1.6,1.89,0.0,0.0,Autumn,No Holiday,Yes,7708031,2,10
285,24/06/2018,21,24.5,71.0,1.7,1295,18.8,0.0,0.0,0.0,Summer,No Holiday,Yes,11507677,2,6
286,22/07/2018,14,37.4,34.0,2.3,1860,18.8,3.05,0.0,0.0,Summer,No Holiday,Yes,3586595,1,7
287,13/03/2018,19,14.1,77.0,2.0,1240,10.1,0.04,0.0,0.0,Spring,No Holiday,Yes,6879608,2,3
288,25/01/2018,20,-13.5,33.0,2.4,2000,-26.3,,0.0,0.5,Winter,No Holiday,Yes,1536416,0,1
289,8/4/2018,0,2.9,46.0,2.2,2000,-7.6,0.0,0.0,0.0,Spring,No Holiday,Yes,1780277,1,4
290,14/11/2018,19,11.5,52.0,2.4,1319,1.9,0.0,0.0,0.0,Autumn,No Holiday,Yes,7555698,2,11
291,8/1/2018,16,3.5,36.0,1.7,1702,-10.2,0.16,0.0,0.0,Winter,No Holiday,Yes,2564902,1,1
292,12/3/2018,6,2.8,57.0,0.7,920,-4.8,0.0,0.0,0.0,Spring,No Holiday,Yes,2166863,1,3
293,24/03/2018,0,4.7,46.0,1.7,746,-5.9,0.0,,0.0,Spring,No Holiday,Yes,2226877,1,3
294,15/02/2018,18,1.1,18.0,2.5,2000,-20.6,0.2,0.0,0.0,Winter,Holiday,Yes,1358519,1,2
295,17/08/2018,1,23.4,47.0,2.1,2000,11.4,0.0,0.0,0.0,Summer,No Holiday,Yes,4827135,1,8
296,26/03/2018,11,12.6,60.0,2.4,281,5.0,2.23,0.0,0.0,Spring,No Holiday,Yes,3032354,1,3
297,21/03/2018,8,1.6,42.0,1.8,2000,-9.9,0.13,0.0,0.0,Spring,No Holiday,Yes,6046930,2,3
298,8/4/2018,3,2.0,50.0,2.0,2000,-7.3,0.0,0.0,0.0,Spring,No Holiday,Yes,1433259,0,4
299,14/08/2018,23,30.3,65.0,0.4,2000,22.9,0.0,0.0,0.0,Summer,No Holiday,Yes,6450780,2,8
300,18/11/2018,22,6.8,53.0,0.4,1498,-2.1,,0.0,0.0,Autumn,No Holiday,Yes,3585574,1,11
301,6/4/2018,18,5.9,43.0,5.3,859,-5.7,0.62,0.0,0.0,Spring,No Holiday,Yes,6082392,2,4
303,18/04/2018,9,11.2,31.0,1.7,1299,-5.3,1.59,,0.0,Spring,No Holiday,Yes,5523422,1,4
304,20/03/2018,17,4.9,43.0,4.3,2000,-6.6,0.42,0.0,0.0,Spring,No Holiday,Yes,4404893,1,3
305,11/5/2018,22,16.2,54.0,,1327,6.8,0.0,0.0,0.0,Spring,No Holiday,Yes,7909513,2,5
306,22/05/2018,19,17.6,93.0,0.3,331,16.4,0.06,1.5,0.0,Spring,Holiday,Yes,631139,0,5
307,19/05/2018,6,10.5,70.0,1.0,2000,5.2,0.03,0.0,0.0,Spring,No Holiday,Yes,1817959,1,5
308,10/3/2018,20,5.2,69.0,1.8,1196,0.0,0.0,0.0,0.0,Spring,No Holiday,Yes,2736128,1,3
309,17/12/2017,17,-3.8,35.0,2.4,2000,-17.0,0.17,0.0,0.0,Winter,No Holiday,Yes,1879275,1,12
310,24/12/2017,20,0.6,67.0,3.3,506,-4.8,0.0,,0.0,Winter,Holiday,Yes,1530928,0,12
311,9/3/2018,2,2.8,74.0,1.2,415,-1.3,0.0,0.0,0.0,Spring,No Holiday,Yes,1289916,0,3
313,6/8/2018,14,34.0,59.0,3.2,1180,24.8,1.98,0.0,0.0,Summer,No Holiday,Yes,3315523,1,8
314,11/6/2018,7,19.1,59.0,1.1,2000,10.8,0.38,,0.0,Summer,No Holiday,Yes,8838104,2,6
315,23/01/2018,22,-13.9,45.0,4.0,2000,-23.2,0.0,0.0,0.9,Winter,No Holiday,Yes,1004022,0,1
316,27/08/2018,6,20.6,98.0,0.7,626,20.2,,1.0,0.0,Summer,No Holiday,Yes,903266,0,8
317,11/10/2018,10,10.2,44.0,2.3,1986,-1.5,1.8,0.0,0.0,Autumn,No Holiday,Yes,4409214,1,10
318,14/01/2018,11,,57.0,12.3,1440,5.1,0.61,0.1,0.1,Winter,Holiday,No,1170981,0,1
319,2/11/2018,7,4.1,75.0,0.8,1143,0.0,0.0,,0.0,Autumn,No Holiday,Yes,5960242,1,11
320,12/11/2018,4,4.0,68.0,0.0,2000,-1.3,0.0,0.0,0.0,Autumn,No Holiday,Yes,1241219,0,11
321,18/12/2017,12,-1.8,83.0,1.2,351,-4.3,0.09,1.1,5.1,Winter,No Holiday,Yes,787942,0,12
322,28/07/2018,6,28.0,85.0,0.8,647,25.2,0.01,0.0,0.0,Summer,No Holiday,Yes,2156044,1,7
323,20/08/2018,13,31.6,46.0,,1864,18.5,1.77,0.0,0.0,Summer,No Holiday,Yes,5096899,1,8
324,22/07/2018,15,37.5,33.0,2.0,1816,18.4,2.32,0.0,0.0,Summer,No Holiday,Yes,3725262,1,7
325,18/03/2018,9,6.3,53.0,0.5,849,-2.5,0.34,0.0,0.0,Spring,No Holiday,Yes,2492501,1,3
326,20/10/2018,15,21.3,24.0,1.5,1832,-0.1,1.91,0.0,0.0,Autumn,No Holiday,Yes,9658929,2,10
327,13/06/2018,23,21.5,62.0,0.1,1827,13.9,0.0,0.0,0.0,Summer,No Holiday,Yes,7447458,2,6
328,14/10/2018,5,7.6,79.0,0.3,765,4.1,0.0,,0.0,Autumn,No Holiday,Yes,1052828,0,10
329,17/01/2018,9,3.0,66.0,0.7,306,-2.7,0.12,0.0,0.0,Winter,No Holiday,Yes,2366784,1,1
330,27/03/2018,12,18.0,,6.5,1404,-26.4,0.0,2.5,0.3,Spring,No Holiday,No,2238613,1,3
331,10/9/2018,4,19.4,61.0,1.6,2000,11.6,,0.0,0.0,Autumn,No Holiday,Yes,1339773,0,9
332,17/10/2018,22,9.9,50.0,0.1,2000,0.0,0.0,0.0,0.0,Autumn,No Holiday,Yes,7658415,2,10
333,28/08/2018,10,25.4,75.0,0.7,1995,20.6,0.96,0.0,0.0,Summer,No Holiday,Yes,3851465,1,8
334,7/10/2018,13,20.1,41.0,3.0,1963,6.4,2.34,0.0,0.0,Autumn,No Holiday,Yes,9280440,2,10
335,7/9/2018,18,24.4,34.0,2.4,2000,7.5,0.84,0.0,0.0,Autumn,No Holiday,Yes,15913950,2,9
336,23/03/2018,18,9.7,36.0,3.6,948,-4.6,0.37,0.0,0.0,Spring,No Holiday,Yes,8828915,2,3
337,13/06/2018,11,24.5,51.0,1.5,1333,13.6,1.97,0.0,0.0,Summer,No Holiday,Yes,8463826,2,6
339,10/1/2018,12,-5.6,44.0,4.5,1830,-15.9,1.1,0.0,0.5,Winter,No Holiday,Yes,1264044,1,1
340,18/09/2018,9,20.8,64.0,1.1,1205,13.7,1.13,0.0,0.0,Autumn,No Holiday,No,134539,0,9
341,21/11/2018,17,5.7,61.0,2.2,1987,-1.2,0.07,0.0,0.0,Autumn,No Holiday,Yes,6216002,2,11
342,28/11/2018,2,4.1,34.0,1.3,928,-10.3,0.0,,0.0,Autumn,No Holiday,Yes,1678652,1,11
343,17/09/2018,17,27.3,43.0,2.6,2000,13.6,1.25,0.0,0.0,Autumn,No Holiday,Yes,11492782,2,9
344,9/4/2018,12,10.4,44.0,1.7,1235,-1.3,2.93,0.0,0.0,Spring,No Holiday,Yes,4368734,1,4
345,25/06/2018,7,22.1,74.0,0.3,830,17.2,0.37,0.0,0.0,Summer,No Holiday,Yes,8933713,2,6
346,19/01/2018,14,4.7,24.0,3.6,1552,-14.2,,0.0,0.0,Winter,No Holiday,Yes,2473373,1,1
347,8/7/2018,4,18.4,57.0,1.1,2000,9.7,0.0,0.0,0.0,Summer,No Holiday,Yes,1751269,1,7
348,6/3/2018,7,-1.0,78.0,0.6,1484,-4.3,0.0,0.0,0.0,Spring,No Holiday,Yes,3746321,1,3
349,16/06/2018,12,24.8,43.0,1.2,1943,11.3,3.27,0.0,0.0,Summer,No Holiday,Yes,8461655,2,6
350,23/05/2018,18,21.7,40.0,3.5,1987,7.4,1.18,0.0,0.0,Spring,No Holiday,Yes,16956916,2,5
351,4/4/2018,19,14.3,53.0,2.1,2000,4.8,0.17,0.0,0.0,Spring,No Holiday,Yes,7995871,2,4
352,28/03/2018,9,12.4,66.0,,546,6.2,0.91,0.0,0.0,Spring,No Holiday,Yes,4304775,1,3
353,21/12/2017,5,-4.3,91.0,1.5,233,-5.5,0.0,0.0,2.2,Winter,No Holiday,Yes,490435,0,12
354,12/7/2018,5,25.9,91.0,0.4,872,24.3,0.0,0.5,0.0,Summer,No Holiday,Yes,1746666,1,7
355,10/10/2018,23,8.5,52.0,0.6,2000,-0.8,0.0,,0.0,Autumn,No Holiday,Yes,4780746,1,10
356,26/12/2017,19,-5.4,27.0,3.0,2000,-21.5,0.0,0.0,0.0,Winter,No Holiday,Yes,2402546,1,12
357,16/08/2018,22,25.9,45.0,2.1,2000,13.0,0.0,0.0,0.0,Summer,No Holiday,Yes,10989973,2,8
358,31/03/2018,9,12.6,57.0,,859,4.2,0.98,0.0,0.0,Spring,No Holiday,Yes,3623049,1,3
359,9/4/2018,13,12.4,32.0,1.7,1441,-3.8,3.06,0.0,0.0,Spring,No Holiday,Yes,5189493,1,4
360,15/09/2018,3,21.6,80.0,1.2,2000,17.9,0.0,0.0,0.0,Autumn,No Holiday,Yes,2159572,1,9
361,10/3/2018,15,8.1,36.0,4.7,1964,-6.1,2.23,0.0,0.0,Spring,No Holiday,Yes,4880682,1,3
362,29/09/2018,16,26.6,34.0,1.3,2000,9.4,,0.0,0.0,Autumn,No Holiday,Yes,11858549,2,9
363,24/06/2018,0,22.0,81.0,1.6,374,18.5,,0.0,0.0,Summer,No Holiday,Yes,5162722,1,6
364,25/11/2018,18,7.3,72.0,0.7,530,2.5,0.0,0.0,0.4,Autumn,No Holiday,Yes,4328089,1,11
365,19/02/2018,7,-0.9,45.0,0.9,1820,-11.3,0.0,0.0,0.0,Winter,No Holiday,Yes,2656953,1,2
367,9/2/2018,17,4.8,38.0,3.0,1582,-8.3,0.47,,0.0,Winter,No Holiday,Yes,2561315,1,2
368,8/2/2018,3,-8.6,64.0,0.9,1754,-14.1,0.0,0.0,0.0,Winter,No Holiday,Yes,1063033,0,2
369,14/09/2018,23,22.3,87.0,1.1,1810,20.0,0.0,0.5,0.0,Autumn,No Holiday,Yes,4610149,1,9
370,24/01/2018,16,-11.2,30.0,4.7,2000,-25.3,0.77,0.0,0.7,Winter,No Holiday,Yes,782395,0,1
371,12/7/2018,15,28.0,76.0,2.3,1437,23.3,1.0,0.0,0.0,Summer,No Holiday,Yes,6645365,2,7
372,8/6/2018,0,19.1,82.0,2.2,874,15.9,0.0,0.0,0.0,Summer,No Holiday,Yes,4853974,1,6
373,25/02/2018,18,5.2,30.0,2.8,1877,-11.0,0.36,0.0,0.0,Winter,No Holiday,Yes,2578840,1,2
374,28/12/2017,10,-3.4,33.0,1.3,1863,-17.4,0.33,0.0,0.0,Winter,No Holiday,Yes,1465688,1,12
375,23/06/2018,10,25.8,35.0,1.5,1900,9.1,1.66,0.0,0.0,Summer,No Holiday,Yes,6153251,1,6
376,7/2/2018,7,-13.2,56.0,0.9,1665,-20.1,0.0,0.0,0.0,Winter,No Holiday,Yes,1298982,1,2
377,3/1/2018,8,-7.0,49.0,,1971,-15.9,0.0,0.0,0.0,Winter,No Holiday,Yes,4094053,1,1
378,11/5/2018,3,12.0,86.0,0.9,297,9.7,0.0,,0.0,Spring,No Holiday,Yes,1397692,1,5
379,9/3/2018,21,3.5,69.0,1.4,1177,-1.6,,0.0,0.0,Spring,No Holiday,Yes,3636882,1,3
380,15/01/2018,15,7.4,38.0,1.7,817,-6.0,0.63,0.0,0.0,Winter,No Holiday,Yes,2271001,1,1
381,29/10/2018,9,7.5,53.0,1.6,1981,-1.4,1.01,0.0,0.0,Autumn,No Holiday,Yes,5300522,1,10
382,10/3/2018,7,0.9,78.0,1.1,535,-2.5,0.0,0.0,0.0,Spring,No Holiday,Yes,1985245,1,3
383,11/10/2018,7,6.3,65.0,1.0,2000,0.1,0.01,0.0,0.0,Autumn,No Holiday,Yes,6927580,2,10
384,27/07/2018,8,28.5,76.0,0.9,725,23.8,0.59,0.0,0.0,Summer,No Holiday,Yes,9658252,2,7
386,21/12/2017,6,-4.8,91.0,1.1,266,-6.0,0.0,0.0,2.2,Winter,No Holiday,Yes,604588,0,12
387,18/11/2018,11,7.6,35.0,,1695,-6.9,1.25,0.0,0.0,Autumn,No Holiday,Yes,3826920,1,11
388,18/06/2018,21,23.8,48.0,2.0,2000,12.1,0.0,0.0,0.0,Summer,No Holiday,Yes,8719127,2,6
389,21/12/2017,10,-3.0,71.0,0.7,608,-7.5,0.67,0.0,2.1,Winter,No Holiday,Yes,1305173,0,12
390,28/08/2018,18,24.3,97.0,0.8,105,23.7,0.01,18.5,0.0,Summer,No Holiday,Yes,854467,0,8
391,23/07/2018,1,30.0,52.0,1.5,1774,19.0,0.0,0.0,0.0,Summer,No Holiday,Yes,3079353,1,7
392,25/01/2018,11,-13.8,25.0,3.5,1996,-29.6,0.91,0.0,0.6,Winter,No Holiday,Yes,806725,0,1
393,26/03/2018,12,14.6,53.0,2.5,348,5.1,2.65,0.0,0.0,Spring,No Holiday,Yes,2903811,1,3
394,23/12/2017,2,5.6,76.0,1.6,641,1.6,0.0,0.0,0.0,Winter,No Holiday,Yes,1726906,1,12
395,18/10/2018,12,16.8,50.0,1.6,2000,6.3,1.94,0.0,0.0,Autumn,No Holiday,Yes,6480589,2,10
396,6/6/2018,16,27.9,47.0,2.8,824,15.5,2.36,0.0,0.0,Summer,Holiday,Yes,10240878,2,6
397,24/01/2018,17,-11.8,26.0,3.5,2000,-27.4,0.39,0.0,0.7,Winter,No Holiday,Yes,1701279,1,1
398,17/11/2018,2,2.9,77.0,1.8,853,-0.7,0.0,0.0,0.0,Autumn,No Holiday,Yes,3052262,1,11
399,8/3/2018,20,3.3,74.0,2.6,494,-0.8,0.0,0.0,0.0,Spring,No Holiday,Yes,3080500,1,3
400,1/10/2018,18,16.6,61.0,2.9,2000,9.0,0.16,0.0,0.0,Autumn,No Holiday,Yes,14634563,2,10
401,30/05/2018,21,18.2,69.0,2.0,1286,12.4,0.0,0.0,0.0,Spring,No Holiday,Yes,11438658,2,5
402,23/09/2018,4,16.2,69.0,0.7,2000,10.4,0.0,0.0,0.0,Autumn,Holiday,Yes,1352822,0,9
403,1/3/2018,9,0.1,78.0,4.9,615,-3.2,0.09,0.0,0.0,Spring,Holiday,Yes,1726881,0,3
404,12/11/2018,14,14.2,33.0,1.5,1374,-1.8,1.84,0.0,0.0,Autumn,No Holiday,Yes,5277391,1,11
405,17/10/2018,20,12.2,47.0,1.1,2000,1.2,0.0,0.0,0.0,Autumn,No Holiday,Yes,8071315,2,10
406,16/04/2018,3,6.4,67.0,1.4,1668,0.7,0.0,0.0,0.0,Spring,No Holiday,Yes,1328147,0,4
407,28/05/2018,10,23.3,49.0,1.1,1881,11.9,,,0.0,Spring,No Holiday,Yes,4681081,1,5
408,10/1/2018,16,-5.4,30.0,3.9,2000,-20.2,0.69,0.0,0.2,Winter,No Holiday,Yes,1818046,1,1
409,10/11/2018,4,9.5,87.0,0.6,266,7.4,,0.0,0.0,Autumn,No Holiday,Yes,1652956,1,11
410,24/08/2018,12,,81.0,3.2,1828,22.2,0.8,0.0,0.0,Summer,No Holiday,Yes,2132523,1,8
411,24/12/2017,1,5.6,78.0,0.5,197,2.0,0.0,0.0,0.0,Winter,Holiday,Yes,2193294,1,12
412,18/12/2017,16,1.8,76.0,0.8,410,-1.9,0.47,,2.7,Winter,No Holiday,Yes,1428326,1,12
413,27/01/2018,10,-12.3,35.0,,1497,-24.6,0.6,0.0,0.3,Winter,No Holiday,Yes,654882,0,1
414,23/08/2018,19,30.0,59.0,2.2,1970,21.1,0.01,0.0,0.0,Summer,No Holiday,Yes,3443929,1,8
415,10/5/2018,6,11.4,80.0,1.0,885,8.0,0.02,0.0,0.0,Spring,No Holiday,No,588386,0,5
416,14/02/2018,17,6.6,34.0,2.8,1300,-8.1,,0.0,0.0,Winter,No Holiday,Yes,3096795,1,2
417,23/12/2017,6,5.1,81.0,1.3,375,2.1,0.0,0.0,0.0,Winter,No Holiday,Yes,845432,0,12
418,4/3/2018,13,10.8,84.0,1.2,400,8.1,0.44,0.0,0.0,Spring,No Holiday,Yes,2893281,1,3
419,26/07/2018,3,27.7,76.0,,1376,23.0,0.0,0.0,0.0,Summer,No Holiday,Yes,2415919,1,7
420,5/4/2018,18,7.6,96.0,2.0,660,6.9,0.04,,0.0,Spring,No Holiday,Yes,1079698,0,4
421,22/03/2018,13,9.9,29.0,3.2,1641,-7.3,2.91,0.0,0.0,Spring,No Holiday,Yes,4118893,1,3
422,16/10/2018,8,10.4,63.0,0.6,1367,3.6,0.19,0.0,0.0,Autumn,No Holiday,Yes,11103192,2,10
423,17/06/2018,12,,56.0,0.9,530,15.4,,0.0,0.0,Summer,No Holiday,Yes,7973163,2,6
424,11/4/2018,8,9.7,77.0,1.6,519,5.8,0.68,0.0,0.0,Spring,No Holiday,No,176765,0,4
425,23/05/2018,14,22.0,33.0,3.4,1966,4.9,3.41,0.0,0.0,Spring,No Holiday,Yes,6396093,2,5
426,30/05/2018,19,21.2,52.0,3.6,1856,10.9,0.55,0.0,0.0,Spring,No Holiday,Yes,14097745,2,5
427,25/04/2018,10,14.8,29.0,0.6,1749,-3.0,2.2,0.0,0.0,Spring,No Holiday,Yes,4457467,1,4
428,2/6/2018,0,20.9,53.0,1.4,1717,10.9,0.0,0.0,0.0,Summer,No Holiday,Yes,6772160,2,6
429,28/08/2018,3,22.9,93.0,0.6,2000,21.7,,0.0,0.0,Summer,No Holiday,Yes,1934551,1,8
430,21/07/2018,13,35.2,34.0,1.8,1636,16.9,3.21,0.0,0.0,Summer,No Holiday,Yes,4540533,1,7
431,29/05/2018,13,24.2,58.0,1.5,1030,15.4,1.66,0.0,0.0,Spring,No Holiday,Yes,6439588,2,5
432,15/10/2018,14,20.0,48.0,2.1,586,8.6,1.72,0.0,0.0,Autumn,No Holiday,Yes,6013665,2,10
433,24/04/2018,12,15.2,57.0,1.9,2000,6.7,,0.0,0.0,Spring,No Holiday,Yes,5202119,1,4
434,26/04/2018,12,13.2,58.0,10.8,1407,3.4,0.57,0.3,0.1,Spring,Holiday,Yes,8720927,2,4
436,29/07/2018,14,35.4,43.0,1.4,2000,20.9,2.48,0.0,0.0,Summer,No Holiday,Yes,4382518,1,7
437,15/05/2018,19,26.9,49.0,0.9,1063,15.2,0.1,0.0,0.0,Spring,No Holiday,Yes,12669628,2,5
438,8/9/2018,13,26.1,32.0,3.0,1985,8.1,3.06,0.0,0.0,Autumn,No Holiday,Yes,8285045,2,9
439,10/5/2018,11,18.3,51.0,3.1,1015,7.9,2.84,0.0,0.0,Spring,No Holiday,No,268942,0,5
440,26/03/2018,4,,96.0,2.0,53,4.9,0.0,0.0,0.0,Spring,No Holiday,Yes,552480,0,3
441,31/05/2018,0,15.8,82.0,1.6,546,12.7,0.0,0.0,0.0,Spring,No Holiday,Yes,4187489,1,5
442,2/1/2018,1,-2.1,56.0,0.8,1732,-9.7,0.0,0.0,0.0,Winter,No Holiday,Yes,1080897,0,1
444,23/01/2018,1,-6.0,76.0,3.1,1178,-9.5,0.0,0.0,1.0,Winter,No Holiday,Yes,972956,0,1
445,12/4/2018,12,17.5,20.0,4.6,2000,-5.7,,0.0,0.0,Spring,No Holiday,Yes,5801289,1,4
446,1/8/2018,0,30.5,68.0,1.9,2000,23.9,0.0,0.0,0.0,Summer,No Holiday,Yes,4775149,1,8
447,1/8/2018,9,,53.0,0.7,1264,21.5,1.69,0.0,0.0,Summer,No Holiday,Yes,4406556,1,8
448,7/6/2018,18,25.6,57.0,2.7,1217,16.4,0.96,0.0,0.0,Summer,No Holiday,Yes,17417756,2,6
450,8/4/2018,17,4.3,80.0,2.6,1357,1.1,0.23,0.1,0.0,Spring,No Holiday,Yes,557851,0,4
451,3/8/2018,9,33.0,50.0,1.7,1722,21.1,1.49,0.0,0.0,Summer,No Holiday,Yes,4451190,1,8
452,4/4/2018,3,14.3,97.0,,228,13.8,0.0,7.0,0.0,Spring,No Holiday,Yes,886214,0,4
453,11/11/2018,14,10.1,58.0,0.9,605,2.1,0.43,0.0,0.0,Autumn,No Holiday,Yes,4627438,1,11
454,27/03/2018,23,12.4,74.0,1.5,356,7.8,0.0,0.0,0.0,Spring,No Holiday,Yes,3498923,1,3
455,28/03/2018,23,13.5,74.0,1.2,603,8.9,0.0,0.0,0.0,Spring,No Holiday,Yes,3769276,1,3
456,25/11/2018,14,9.2,52.0,1.3,765,-0.1,1.01,0.0,1.3,Autumn,No Holiday,Yes,4432412,1,11
457,15/03/2018,6,14.4,96.0,0.7,453,13.7,0.0,8.0,0.0,Spring,No Holiday,Yes,208033,0,3
458,30/11/2018,4,,71.0,0.4,1345,-5.1,0.0,,0.0,Autumn,No Holiday,Yes,1106055,0,11
459,12/11/2018,13,13.3,36.0,2.1,1283,-1.4,1.99,0.0,0.0,Autumn,No Holiday,Yes,5315917,1,11
460,20/12/2017,9,-6.7,62.0,1.1,1749,-12.7,0.09,0.0,2.0,Winter,No Holiday,Yes,1944130,1,12
462,27/03/2018,14,,45.0,2.0,624,7.1,,0.0,0.0,Spring,No Holiday,Yes,3420168,1,3
463,2/6/2018,20,23.4,38.0,2.3,2000,8.2,,0.0,0.0,Summer,No Holiday,Yes,12562388,2,6
464,8/8/2018,3,28.3,84.0,,1006,25.3,0.0,0.0,0.0,Summer,No Holiday,Yes,2004256,1,8
465,15/11/2018,3,6.5,75.0,1.1,970,2.3,0.0,0.0,0.0,Autumn,No Holiday,Yes,1835594,1,11
466,3/1/2018,5,-6.4,47.0,2.4,1981,-15.8,0.0,0.0,0.0,Winter,No Holiday,Yes,978654,0,1
467,17/09/2018,14,26.7,40.0,3.3,1822,11.9,2.8,0.0,0.0,Autumn,No Holiday,Yes,6051696,1,9
468,14/04/2018,8,7.7,88.0,1.4,516,5.8,0.08,1.0,0.0,Spring,No Holiday,Yes,1036825,0,4
469,4/1/2018,0,-6.3,54.0,1.4,1990,-14.1,0.0,,0.0,Winter,No Holiday,Yes,1252975,0,1
470,11/1/2018,6,-12.0,61.0,2.3,1709,-18.0,0.0,0.0,0.0,Winter,No Holiday,Yes,513579,0,1
471,2/9/2018,16,29.3,44.0,1.4,1997,15.7,1.32,0.0,0.0,Autumn,No Holiday,Yes,9833712,2,9
472,10/6/2018,18,24.1,53.0,1.3,2000,13.9,0.48,0.0,0.0,Summer,No Holiday,Yes,12754719,2,6
473,28/10/2018,19,8.4,85.0,1.2,2000,6.0,0.0,0.0,0.0,Autumn,No Holiday,Yes,3919040,1,10
474,15/09/2018,13,25.8,65.0,1.0,1996,18.7,,0.0,0.0,Autumn,No Holiday,Yes,7616843,2,9
475,14/07/2018,6,24.6,86.0,0.4,1119,22.0,0.02,0.0,0.0,Summer,No Holiday,Yes,2498253,1,7
477,6/6/2018,22,20.8,78.0,1.8,763,16.8,0.0,0.0,0.0,Summer,Holiday,Yes,9226675,2,6
478,13/12/2017,19,-6.6,31.0,1.6,2000,-20.9,,0.0,0.0,Winter,No Holiday,Yes,2376374,1,12
479,14/02/2018,3,1.1,65.0,1.0,1596,-4.7,0.0,0.0,0.0,Winter,No Holiday,Yes,1262333,0,2
480,27/11/2018,23,5.8,34.0,2.6,763,-8.8,0.0,0.0,0.0,Autumn,No Holiday,Yes,3810837,1,11
481,2/1/2018,5,-3.1,67.0,0.6,1384,-8.3,0.0,0.0,0.0,Winter,No Holiday,Yes,1070702,0,1
482,1/8/2018,19,36.1,56.0,3.7,1837,25.9,0.47,0.0,0.0,Summer,No Holiday,Yes,8735622,2,8
483,28/12/2017,17,0.2,58.0,2.0,1159,-7.1,0.08,0.0,0.0,Winter,No Holiday,Yes,2695856,1,12
484,19/07/2018,11,30.7,48.0,,1705,18.4,2.92,0.0,0.0,Summer,No Holiday,Yes,4509860,1,7
485,16/08/2018,19,29.8,45.0,2.5,2000,16.5,0.36,0.0,0.0,Summer,No Holiday,Yes,12306611,2,8
486,26/08/2018,12,28.9,42.0,2.0,1975,14.6,2.5,0.0,0.0,Summer,No Holiday,Yes,5849307,1,8
487,25/04/2018,14,22.1,22.0,2.1,1470,-0.6,3.12,0.0,0.0,Spring,No Holiday,Yes,6671478,2,4
488,25/02/2018,6,-0.8,44.0,0.6,1541,-11.5,0.0,0.0,0.0,Winter,No Holiday,Yes,1072254,0,2
489,19/03/2018,13,10.1,61.0,3.7,1504,2.9,0.38,0.0,0.0,Spring,No Holiday,Yes,2591876,1,3
490,2/10/2018,2,,75.0,1.6,1840,7.9,0.0,,0.0,Autumn,No Holiday,No,614458,0,10
491,17/05/2018,19,22.3,96.0,2.6,191,21.6,,0.0,0.0,Spring,No Holiday,Yes,611002,0,5
492,27/04/2018,2,11.2,58.0,1.4,1255,3.2,0.0,0.0,0.0,Spring,No Holiday,Yes,2375678,1,4
493,16/01/2018,8,1.2,68.0,0.6,411,-4.0,0.0,0.0,0.0,Winter,No Holiday,Yes,3462545,1,1
494,9/8/2018,15,31.2,67.0,2.7,1368,24.3,1.39,0.0,0.0,Summer,No Holiday,Yes,4021484,1,8
495,8/7/2018,3,,56.0,1.2,2000,9.8,0.0,0.0,0.0,Summer,No Holiday,Yes,2748263,1,7
496,12/6/2018,0,18.0,94.0,0.7,1906,17.0,0.0,1.0,0.0,Summer,No Holiday,Yes,2366135,1,6
497,25/11/2018,15,9.5,54.0,1.3,675,0.6,0.76,0.0,1.1,Autumn,No Holiday,Yes,4731203,1,11
498,30/11/2018,5,,66.0,0.5,1336,-6.2,0.0,0.0,0.0,Autumn,No Holiday,Yes,1543305,0,11
499,16/02/2018,0,-3.3,35.0,1.8,1977,-16.6,0.0,0.0,0.0,Winter,Holiday,Yes,1184762,0,2
501,1/11/2018,20,9.9,53.0,1.7,1868,0.7,,0.0,0.0,Autumn,No Holiday,Yes,6854860,2,11
502,14/05/2018,11,18.5,65.0,1.4,463,11.7,2.07,,0.0,Spring,No Holiday,Yes,5361028,1,5
503,9/2/2018,23,2.0,70.0,0.7,689,-2.9,0.0,0.0,0.0,Winter,No Holiday,Yes,1902824,0,2
505,16/11/2018,3,7.4,63.0,0.6,699,0.8,0.0,0.0,0.0,Autumn,No Holiday,Yes,1556613,1,11
506,31/03/2018,1,11.5,77.0,2.0,593,7.6,0.0,0.0,0.0,Spring,No Holiday,Yes,3022446,1,3
508,4/11/2018,6,6.2,73.0,0.3,1018,1.7,0.0,0.0,0.0,Autumn,No Holiday,Yes,1522225,0,11
509,20/12/2017,13,-1.3,43.0,1.0,1777,-12.3,0.8,,1.7,Winter,No Holiday,Yes,1606228,1,12
510,16/06/2018,4,16.9,63.0,1.0,2000,9.8,0.0,0.0,0.0,Summer,No Holiday,Yes,1902473,1,6
511,28/11/2018,11,5.7,15.0,1.1,1419,-19.0,0.98,0.0,0.0,Autumn,No Holiday,Yes,3404644,1,11
512,11/3/2018,11,7.6,54.0,1.6,430,-1.1,2.06,0.0,0.0,Spring,No Holiday,Yes,2389345,1,3
513,15/12/2017,8,-6.6,64.0,1.1,791,-12.2,0.0,0.0,0.0,Winter,No Holiday,Yes,3554058,1,12
514,8/10/2018,3,10.8,59.0,0.5,2000,3.0,0.0,0.0,0.0,Autumn,No Holiday,Yes,1122547,1,10
515,4/2/2018,14,-7.4,33.0,4.0,1713,-20.9,2.17,0.0,0.0,Winter,No Holiday,Yes,1362509,0,2
516,1/4/2018,16,18.2,69.0,3.2,625,12.4,,0.0,0.0,Spring,No Holiday,Yes,7275918,2,4
517,21/08/2018,10,24.8,82.0,3.2,1732,21.5,0.34,0.0,0.0,Summer,No Holiday,Yes,2659475,1,8
518,7/11/2018,20,13.3,77.0,1.6,833,9.3,0.0,0.0,0.0,Autumn,No Holiday,Yes,6451563,2,11
519,22/12/2017,13,5.4,55.0,1.2,820,-2.9,0.66,0.0,0.0,Winter,Holiday,Yes,2425140,1,12
520,17/06/2018,11,23.6,63.0,0.7,523,16.1,0.93,,0.0,Summer,No Holiday,Yes,6789016,2,6
521,16/07/2018,5,24.3,85.0,1.0,1496,21.6,0.0,0.0,0.0,Summer,No Holiday,Yes,2144049,1,7
522,14/08/2018,0,29.3,68.0,1.6,2000,22.7,0.0,0.0,0.0,Summer,No Holiday,Yes,5247632,1,8
523,13/10/2018,0,9.1,69.0,0.9,1885,3.7,0.0,0.0,0.0,Autumn,No Holiday,Yes,4490166,1,10
524,6/12/2017,17,4.1,60.0,2.5,1565,-2.9,0.1,0.0,0.0,Winter,No Holiday,Yes,1840539,1,12
525,4/2/2018,8,-12.8,56.0,2.4,1507,-19.7,0.02,0.0,0.0,Winter,No Holiday,Yes,572526,0,2
526,11/3/2018,20,6.7,32.0,1.9,1722,-8.8,0.0,0.0,0.0,Spring,No Holiday,Yes,3701939,1,3
527,18/07/2018,14,32.7,49.0,1.5,765,20.5,2.62,0.0,0.0,Summer,No Holiday,Yes,4608076,1,7
528,20/03/2018,15,6.5,39.0,3.3,2000,-6.4,1.21,0.0,0.0,Spring,No Holiday,Yes,2806384,1,3
529,24/11/2018,4,3.0,26.0,1.6,2000,-14.6,0.0,0.0,0.0,Autumn,No Holiday,Yes,1615078,0,11
530,28/08/2018,19,23.9,98.0,0.8,1792,23.5,0.0,7.0,0.0,Summer,No Holiday,Yes,1230471,0,8
531,30/03/2018,20,14.3,63.0,2.6,936,7.3,0.0,0.0,0.0,Spring,No Holiday,Yes,5724136,2,3
532,2/5/2018,19,12.6,93.0,3.9,831,11.4,0.0,,0.0,Spring,No Holiday,Yes,1071091,0,5
533,1/4/2018,11,16.7,55.0,2.1,1182,7.6,1.37,0.0,0.0,Spring,No Holiday,Yes,4554284,1,4
534,9/3/2018,14,8.0,42.0,,1690,-4.1,1.24,0.0,0.0,Spring,No Holiday,Yes,3479307,1,3
535,18/01/2018,14,4.4,42.0,2.3,719,-7.4,0.72,0.0,0.0,Winter,No Holiday,Yes,2351847,1,1
537,27/05/2018,6,17.3,62.0,1.4,1293,9.9,0.03,0.0,0.0,Spring,No Holiday,Yes,1448798,1,5
538,1/8/2018,13,37.9,38.0,2.3,1868,21.1,3.05,0.0,0.0,Summer,No Holiday,Yes,2822366,1,8
539,21/01/2018,20,0.3,27.0,0.4,2000,-16.5,0.0,0.0,0.0,Winter,No Holiday,Yes,2036395,1,1
540,25/07/2018,15,34.0,50.0,3.0,1705,22.1,1.72,0.0,0.0,Summer,No Holiday,Yes,4266379,1,7
541,10/1/2018,6,-7.7,74.0,1.1,2000,-11.5,0.0,0.0,0.8,Winter,No Holiday,Yes,466671,0,1
542,24/11/2018,21,2.6,85.0,1.1,674,0.3,,0.0,3.2,Autumn,No Holiday,Yes,2367759,1,11
543,25/05/2018,15,25.1,25.0,2.7,1959,3.6,2.2,0.0,0.0,Spring,No Holiday,Yes,7397460,2,5
544,18/05/2018,21,15.3,73.0,2.3,2000,10.4,0.0,0.0,0.0,Spring,No Holiday,Yes,7436683,2,5
545,29/12/2017,2,0.5,63.0,1.0,691,-5.7,0.0,0.0,0.0,Winter,No Holiday,Yes,1436812,1,12
546,8/3/2018,18,5.9,68.0,3.4,543,0.4,0.38,0.0,0.0,Spring,No Holiday,Yes,6593000,2,3
547,19/02/2018,0,-1.1,39.0,1.7,1832,-13.3,,0.0,0.0,Winter,No Holiday,Yes,1384727,0,2
548,17/09/2018,20,21.9,65.0,2.5,1986,15.0,0.0,0.0,0.0,Autumn,No Holiday,Yes,11522140,2,9
549,21/11/2018,5,6.8,86.0,0.5,692,4.6,0.0,0.0,0.0,Autumn,No Holiday,Yes,1228951,0,11
550,1/2/2018,14,0.8,23.0,3.2,2000,-18.0,1.29,,0.5,Winter,No Holiday,Yes,2125366,1,2
551,17/03/2018,17,12.1,34.0,2.5,1240,-3.3,0.81,,0.0,Spring,No Holiday,Yes,6337687,2,3
552,30/01/2018,11,-4.5,29.0,1.3,1912,-19.8,0.79,0.0,0.0,Winter,No Holiday,Yes,1434858,1,1
553,7/12/2017,23,-3.2,50.0,2.1,1887,-12.1,0.0,0.0,0.0,Winter,No Holiday,Yes,2271262,1,12
555,18/10/2018,1,9.0,66.0,0.7,2000,2.9,0.0,,0.0,Autumn,No Holiday,Yes,3744323,1,10
558,15/12/2017,18,0.1,43.0,0.9,1485,-11.0,0.0,0.0,0.0,Winter,No Holiday,Yes,3895956,1,12
559,18/08/2018,4,22.6,55.0,1.4,2000,13.0,0.0,0.0,0.0,Summer,No Holiday,Yes,1946200,1,8
561,26/05/2018,9,20.6,43.0,1.1,1104,7.5,1.84,0.0,0.0,Spring,No Holiday,Yes,5334564,1,5
562,15/01/2018,13,6.1,61.0,2.3,534,-0.8,0.91,0.0,0.0,Winter,No Holiday,Yes,2291358,1,1
563,9/6/2018,7,20.2,73.0,1.1,708,15.1,0.41,0.0,0.0,Summer,No Holiday,Yes,3154255,1,6
564,10/7/2018,14,25.5,77.0,0.8,1957,21.1,0.75,0.0,0.0,Summer,No Holiday,Yes,6194549,2,7
565,26/08/2018,15,24.3,64.0,1.8,1931,17.0,0.59,0.0,0.0,Summer,No Holiday,Yes,4360830,1,8
568,31/12/2017,20,-1.0,32.0,0.9,2000,-15.6,0.0,0.0,0.0,Winter,Holiday,Yes,1783341,0,12
569,5/8/2018,3,27.3,84.0,1.7,1089,24.3,0.0,0.0,0.0,Summer,No Holiday,Yes,2441606,1,8
570,9/11/2018,21,11.4,74.0,1.9,498,6.9,0.0,0.0,0.0,Autumn,No Holiday,No,580065,0,11
571,20/01/2018,10,2.1,60.0,1.2,1005,-4.8,0.3,0.0,0.0,Winter,No Holiday,Yes,1495045,1,1
573,2/1/2018,19,-1.3,28.0,2.4,2000,-17.5,0.0,0.0,0.0,Winter,No Holiday,Yes,2972313,1,1
574,16/06/2018,18,28.0,46.0,2.3,1833,15.2,1.23,0.0,0.0,Summer,No Holiday,Yes,12891009,2,6
575,11/11/2018,23,6.3,62.0,0.0,1993,-0.4,0.0,0.0,0.0,Autumn,No Holiday,Yes,3858620,1,11
576,24/06/2018,2,20.9,87.0,1.8,222,18.6,0.0,,0.0,Summer,No Holiday,Yes,4896104,1,6
577,2/4/2018,19,19.1,60.0,3.4,1592,11.1,0.1,0.0,0.0,Spring,No Holiday,Yes,9680110,2,4
578,14/06/2018,5,20.3,84.0,3.2,518,17.5,0.0,0.0,0.0,Summer,No Holiday,Yes,876307,0,6
579,9/2/2018,2,-5.1,47.0,0.9,1460,-14.6,0.0,0.0,0.0,Winter,No Holiday,Yes,1258450,0,2
580,16/12/2017,21,-7.1,39.0,,2000,-18.7,0.0,0.0,0.0,Winter,No Holiday,Yes,1340077,0,12
581,1/7/2018,0,22.6,88.0,0.2,1259,20.5,0.0,0.0,0.0,Summer,No Holiday,Yes,5167345,1,7
582,31/12/2017,8,-2.1,86.0,1.4,354,-4.1,0.0,0.0,1.2,Winter,Holiday,Yes,1144923,0,12
583,16/12/2017,8,-7.3,62.0,2.6,1112,-13.3,0.0,,0.0,Winter,No Holiday,Yes,2017522,1,12
584,8/7/2018,11,23.8,47.0,2.1,2000,11.8,2.59,0.0,0.0,Summer,No Holiday,Yes,5574271,1,7
585,24/07/2018,3,28.2,65.0,0.3,1999,20.9,0.0,0.0,0.0,Summer,No Holiday,Yes,1916870,1,7
586,23/01/2018,14,-10.4,30.0,4.3,2000,-24.6,1.22,0.0,1.0,Winter,No Holiday,Yes,1459422,0,1
587,2/8/2018,22,32.9,64.0,1.0,1088,25.1,0.0,,0.0,Summer,No Holiday,Yes,7509144,2,8
589,14/05/2018,22,19.6,71.0,0.6,325,14.1,0.0,0.0,0.0,Spring,No Holiday,Yes,9446659,2,5
590,14/04/2018,22,8.8,77.0,3.2,1258,4.9,,0.0,0.0,Spring,No Holiday,Yes,3462167,1,4
591,13/09/2018,15,27.8,49.0,1.4,1963,16.1,1.97,0.0,0.0,Autumn,No Holiday,Yes,7104375,2,9
592,23/02/2018,21,6.0,79.0,2.7,306,2.6,0.0,0.0,0.0,Winter,No Holiday,Yes,2355744,1,2
593,2/1/2018,10,-1.4,50.0,1.9,1355,-10.5,0.38,0.0,0.0,Winter,No Holiday,Yes,1837365,1,1
595,12/5/2018,2,15.5,62.0,1.0,730,8.2,0.0,0.0,0.0,Spring,No Holiday,Yes,2659185,1,5
596,11/11/2018,17,8.9,57.0,3.0,1149,0.8,0.03,0.0,0.0,Autumn,No Holiday,Yes,3544943,1,11
597,29/09/2018,21,20.1,54.0,1.2,2000,10.4,,0.0,0.0,Autumn,No Holiday,Yes,9641268,2,9
598,5/12/2017,9,-7.6,31.0,1.3,1974,-21.8,,0.0,0.0,Winter,No Holiday,Yes,2353782,1,12
599,9/1/2018,2,-2.9,66.0,3.3,1515,-8.3,0.0,0.0,1.0,Winter,No Holiday,Yes,1140089,0,1
600,11/11/2018,22,7.0,60.0,0.0,1948,-0.2,0.0,0.0,0.0,Autumn,No Holiday,Yes,4289486,1,11
601,23/04/2018,10,8.6,95.0,2.5,578,7.8,0.2,4.0,0.0,Spring,No Holiday,Yes,1016356,0,4
602,5/9/2018,11,,47.0,2.9,2000,14.1,2.38,0.0,0.0,Autumn,No Holiday,Yes,5359871,1,9
603,26/06/2018,4,24.7,49.0,1.0,1293,13.2,0.0,0.0,0.0,Summer,No Holiday,Yes,930966,0,6
604,27/12/2017,1,-8.2,39.0,1.8,2000,-19.7,0.0,0.0,0.0,Winter,No Holiday,Yes,1086940,0,12
605,9/2/2018,11,-0.2,31.0,0.8,1269,-15.3,0.5,0.0,0.0,Winter,No Holiday,Yes,1357251,1,2
606,9/10/2018,10,14.8,51.0,1.0,1998,4.7,1.07,0.0,0.0,Autumn,Holiday,No,475482,0,10
607,11/2/2018,7,-9.2,34.0,2.0,1945,-22.2,,0.0,0.0,Winter,No Holiday,Yes,515905,0,2
608,22/11/2018,19,3.6,48.0,2.6,2000,-6.4,0.0,0.0,0.0,Autumn,No Holiday,Yes,5393185,1,11
609,6/10/2018,3,16.8,90.0,3.3,1601,15.1,0.0,2.0,0.0,Autumn,No Holiday,No,767158,0,10
611,29/03/2018,7,12.8,82.0,0.6,370,9.7,0.01,0.0,0.0,Spring,No Holiday,Yes,4835716,1,3
612,6/9/2018,15,27.8,48.0,3.0,1880,15.7,0.93,0.0,0.0,Autumn,No Holiday,Yes,6179038,2,9
613,25/09/2018,19,20.3,39.0,0.6,2000,5.8,0.0,0.0,0.0,Autumn,Holiday,Yes,8991392,2,9
614,26/01/2018,5,-16.9,38.0,,2000,-27.9,0.0,,0.5,Winter,No Holiday,Yes,810380,0,1
615,3/4/2018,22,16.0,85.0,2.0,409,13.4,0.0,0.0,0.0,Spring,No Holiday,Yes,5636387,1,4
616,8/2/2018,1,-8.5,60.0,1.2,1908,-14.8,0.0,0.0,0.0,Winter,No Holiday,Yes,1052443,0,2
617,14/06/2018,22,21.8,72.0,1.0,1952,16.5,0.0,0.0,0.0,Summer,No Holiday,Yes,9592984,2,6
618,17/02/2018,4,-5.2,28.0,2.5,2000,-20.9,0.0,0.0,0.0,Winter,Holiday,Yes,1081279,0,2
619,28/09/2018,3,15.3,59.0,1.6,2000,7.3,0.0,0.0,0.0,Autumn,No Holiday,No,187395,0,9
620,20/05/2018,19,20.8,24.0,2.0,2000,-0.5,0.56,0.0,0.0,Spring,No Holiday,Yes,11073721,2,5
621,13/03/2018,15,18.6,47.0,3.3,1560,7.0,2.08,0.0,0.0,Spring,No Holiday,Yes,4635312,1,3
622,1/8/2018,16,39.4,39.0,2.5,1897,22.8,2.42,0.0,0.0,Summer,No Holiday,Yes,3433855,1,8
623,5/10/2018,12,16.6,90.0,1.7,518,14.9,0.51,2.0,0.0,Autumn,No Holiday,Yes,597230,0,10
624,10/11/2018,0,11.3,77.0,0.9,433,7.4,0.0,0.0,0.0,Autumn,No Holiday,Yes,4047795,1,11
625,3/4/2018,3,,74.0,1.7,1294,12.3,0.0,0.0,0.0,Spring,No Holiday,Yes,1324807,0,4
626,20/07/2018,8,26.6,70.0,1.3,1062,20.6,1.01,0.0,0.0,Summer,No Holiday,Yes,10055493,2,7
627,8/4/2018,22,2.7,88.0,2.0,621,0.9,0.0,,0.0,Spring,No Holiday,Yes,1149324,0,4
628,14/04/2018,17,9.3,81.0,2.4,2000,6.1,,0.0,0.0,Spring,No Holiday,Yes,3925345,1,4
629,11/7/2018,11,27.2,82.0,0.9,1093,23.8,,0.0,0.0,Summer,No Holiday,Yes,4512871,1,7
630,7/1/2018,8,-5.3,53.0,1.1,1411,-13.4,0.0,0.0,0.0,Winter,No Holiday,Yes,1123439,0,1
631,11/3/2018,0,5.1,77.0,1.9,718,1.3,0.0,0.0,0.0,Spring,No Holiday,Yes,2567758,1,3
632,18/07/2018,15,32.9,46.0,2.5,1248,19.7,2.9,,0.0,Summer,No Holiday,Yes,4949041,1,7
633,3/8/2018,1,31.7,68.0,,1103,25.0,0.0,0.0,0.0,Summer,No Holiday,Yes,3490038,1,8
634,14/06/2018,5,20.3,84.0,3.2,518,17.5,0.0,0.0,0.0,Summer,No Holiday,Yes,876307,0,6
635,21/10/2018,5,8.2,73.0,1.3,1305,3.6,0.0,,0.0,Autumn,No Holiday,Yes,1622403,0,10
636,1/7/2018,19,21.9,96.0,1.2,509,21.2,,5.5,0.0,Summer,No Holiday,Yes,444532,0,7
637,16/01/2018,21,4.3,56.0,0.7,434,-3.7,0.0,0.0,0.0,Winter,No Holiday,Yes,2623925,1,1
638,1/9/2018,3,21.6,87.0,0.3,1579,19.3,0.0,0.0,0.0,Autumn,No Holiday,Yes,2694640,1,9
640,23/05/2018,1,15.3,97.0,,178,14.8,0.0,3.0,0.0,Spring,No Holiday,Yes,1116065,0,5
641,12/12/2017,19,-8.2,43.0,1.1,2000,-18.5,0.0,0.0,0.0,Winter,No Holiday,Yes,2338662,1,12
642,24/06/2018,17,30.9,34.0,2.5,1640,13.2,1.79,0.0,0.0,Summer,No Holiday,Yes,9900969,2,6
643,24/12/2017,21,0.4,69.0,3.5,477,-4.6,0.0,0.0,0.0,Winter,Holiday,Yes,1335841,0,12
644,12/6/2018,4,17.5,84.0,0.8,2000,14.7,0.0,0.0,0.0,Summer,No Holiday,Yes,1089498,0,6
645,22/05/2018,21,17.0,85.0,1.1,597,14.4,0.0,0.5,0.0,Spring,Holiday,Yes,700220,0,5
646,12/10/2018,14,16.5,32.0,1.4,1841,-0.2,2.43,0.0,0.0,Autumn,No Holiday,Yes,6402839,2,10
647,2/2/2018,8,-7.4,58.0,2.2,1882,-14.2,0.01,0.0,0.0,Winter,No Holiday,Yes,3218190,1,2
648,11/9/2018,2,18.9,52.0,1.1,2000,8.8,0.0,,0.0,Autumn,No Holiday,Yes,2701279,1,9
649,28/07/2018,18,29.0,81.0,0.8,989,25.4,0.22,0.0,0.0,Summer,No Holiday,Yes,5214611,1,7
651,1/1/2018,3,-4.0,44.0,1.0,2000,-14.4,0.0,0.0,0.0,Winter,Holiday,Yes,1260966,0,1
652,28/10/2018,2,6.6,59.0,0.4,2000,-0.8,0.0,0.0,0.0,Autumn,No Holiday,Yes,2913488,1,10
653,2/10/2018,14,21.5,39.0,2.5,1691,6.9,2.56,0.0,0.0,Autumn,No Holiday,No,211424,0,10
654,15/04/2018,7,5.8,83.0,1.1,733,3.1,0.15,0.0,0.0,Spring,No Holiday,Yes,1471382,1,4
655,4/9/2018,19,25.1,49.0,3.1,2000,13.6,0.18,,0.0,Autumn,No Holiday,Yes,13407960,2,9
656,26/06/2018,1,26.7,50.0,1.8,884,15.4,0.0,0.0,0.0,Summer,No Holiday,Yes,4843939,1,6
657,27/09/2018,3,14.9,57.0,1.1,2000,6.4,0.0,0.0,0.0,Autumn,No Holiday,Yes,1385231,0,9
658,28/07/2018,2,28.8,80.0,1.9,925,24.9,0.0,0.0,0.0,Summer,No Holiday,Yes,3660478,1,7
659,17/10/2018,0,12.3,75.0,1.2,1332,7.9,,,0.0,Autumn,No Holiday,Yes,3634515,1,10
661,5/3/2018,12,7.6,58.0,2.4,2000,-0.1,1.85,0.0,0.0,Spring,No Holiday,Yes,3144835,1,3
662,23/02/2018,17,,68.0,4.2,352,2.3,0.27,0.0,0.0,Winter,No Holiday,Yes,2812557,1,2
663,4/12/2017,6,1.2,76.0,3.7,371,-2.5,0.0,0.1,0.0,Winter,No Holiday,Yes,1312090,0,12
664,9/7/2018,6,21.0,64.0,1.0,2000,13.9,0.03,,0.0,Summer,No Holiday,Yes,2961140,1,7
665,21/08/2018,15,29.5,57.0,2.0,2000,20.0,,0.0,0.0,Summer,No Holiday,Yes,5881613,1,8
667,10/11/2018,18,13.2,57.0,,618,4.8,0.01,0.0,0.0,Autumn,No Holiday,Yes,6413927,2,11
668,25/12/2017,20,-2.1,49.0,1.7,2000,-11.4,0.0,0.0,0.0,Winter,Holiday,Yes,1033930,0,12
669,8/1/2018,13,3.0,32.0,1.6,1518,-12.1,0.38,0.0,0.0,Winter,No Holiday,Yes,1730732,1,1
670,13/08/2018,12,,57.0,15.7,1467,4.1,0.6,0.2,0.1,Summer,No Holiday,Yes,5475236,1,8
671,2/1/2018,11,,40.0,2.3,1633,-12.3,,0.0,0.0,Winter,No Holiday,Yes,2258006,1,1
672,9/5/2018,13,20.1,36.0,1.1,1933,4.5,3.34,0.0,0.0,Spring,No Holiday,Yes,6160600,2,5
673,13/01/2018,3,-6.5,42.0,0.7,1996,-17.3,0.0,0.0,0.0,Winter,No Holiday,Yes,516062,0,1
674,31/03/2018,16,18.0,32.0,3.0,1836,1.0,,0.0,0.0,Spring,No Holiday,Yes,8258507,2,3
675,18/03/2018,7,5.5,58.0,1.0,937,-2.1,0.0,0.0,0.0,Spring,No Holiday,Yes,701754,0,3
676,15/10/2018,3,11.3,85.0,0.0,907,8.8,0.0,,0.0,Autumn,No Holiday,Yes,1340903,0,10
677,23/03/2018,16,12.2,24.0,2.8,1655,-7.8,1.98,0.0,0.0,Spring,No Holiday,Yes,4942104,1,3
678,13/10/2018,10,12.6,50.0,1.4,1712,2.4,1.68,0.0,0.0,Autumn,No Holiday,Yes,5670874,1,10
679,22/11/2018,6,,41.0,0.7,2000,-12.6,0.0,0.0,0.0,Autumn,No Holiday,Yes,2545600,1,11
680,24/01/2018,5,-15.6,29.0,3.7,2000,-29.6,0.0,0.0,0.9,Winter,No Holiday,Yes,545864,0,1
681,7/1/2018,4,-5.1,60.0,0.7,1377,-11.6,0.0,0.0,0.0,Winter,No Holiday,Yes,847625,0,1
682,7/10/2018,8,14.6,71.0,1.0,1896,9.3,0.43,0.0,0.0,Autumn,No Holiday,Yes,3849525,1,10
685,16/12/2017,7,-6.7,64.0,2.1,977,-12.3,0.0,0.0,0.0,Winter,No Holiday,Yes,895272,0,12
686,11/5/2018,0,12.5,84.0,1.5,334,9.8,0.0,0.0,0.0,Spring,No Holiday,Yes,4927276,1,5
687,8/5/2018,1,16.0,64.0,1.0,1600,9.1,0.0,0.0,0.0,Spring,No Holiday,Yes,2544559,1,5
688,20/09/2018,0,20.1,58.0,0.3,2000,11.5,0.0,,0.0,Autumn,No Holiday,Yes,4996677,1,9
689,14/08/2018,14,,41.0,2.9,1814,20.8,2.68,0.0,0.0,Summer,No Holiday,Yes,3694587,1,8
691,2/7/2018,7,20.7,97.0,0.4,1801,20.2,0.0,0.5,0.0,Summer,No Holiday,Yes,1196532,0,7
692,25/11/2018,21,4.7,81.0,1.0,437,1.7,0.0,0.0,0.4,Autumn,No Holiday,Yes,3312957,1,11
694,11/6/2018,4,,60.0,1.0,2000,10.8,0.0,0.0,0.0,Summer,No Holiday,Yes,1338032,1,6
695,14/09/2018,21,24.7,61.0,1.6,2000,16.6,0.0,0.0,0.0,Autumn,No Holiday,Yes,7249180,2,9
696,31/12/2017,3,0.3,91.0,2.0,172,-1.0,0.0,1.0,1.2,Winter,Holiday,Yes,1199953,0,12
697,2/5/2018,2,19.0,80.0,1.6,346,15.4,0.0,0.0,0.0,Spring,No Holiday,Yes,1582514,1,5
698,17/05/2018,3,21.8,98.0,0.6,113,21.4,0.0,2.5,0.0,Spring,No Holiday,Yes,617115,0,5
699,12/3/2018,22,7.8,49.0,0.1,528,-2.2,,0.0,0.0,Spring,No Holiday,Yes,4356036,1,3
700,19/05/2018,11,19.0,44.0,,2000,6.4,3.12,0.0,0.0,Spring,No Holiday,Yes,6879913,2,5
701,28/12/2017,15,0.4,57.0,2.4,1179,-7.1,0.36,0.0,0.0,Winter,No Holiday,Yes,2303431,1,12
702,13/10/2018,18,16.5,38.0,1.6,1246,2.1,0.14,0.0,0.0,Autumn,No Holiday,Yes,9278336,2,10
703,2/12/2017,18,5.5,53.0,1.5,1697,-3.3,0.0,0.0,0.0,Winter,No Holiday,Yes,3096606,1,12
704,28/10/2018,23,6.0,74.0,1.1,2000,1.7,0.0,0.0,0.0,Autumn,No Holiday,Yes,3315424,1,10
705,14/04/2018,18,9.6,79.0,1.8,2000,6.1,0.39,0.0,0.0,Spring,No Holiday,Yes,4196936,1,4
706,18/01/2018,16,3.6,42.0,2.4,883,-8.1,0.29,0.0,0.0,Winter,No Holiday,Yes,1739617,1,1
707,28/03/2018,1,11.6,74.0,1.2,374,7.1,0.0,0.0,0.0,Spring,No Holiday,Yes,2568020,1,3
708,4/6/2018,13,27.4,30.0,2.0,1768,8.2,3.03,0.0,0.0,Summer,No Holiday,Yes,6042930,2,6
709,3/10/2018,19,20.0,49.0,1.5,2000,8.9,0.0,0.0,0.0,Autumn,Holiday,Yes,10295753,2,10
710,1/3/2018,1,2.1,97.0,0.2,859,1.6,0.0,0.0,0.0,Spring,Holiday,Yes,1316240,0,3
711,12/6/2018,21,20.6,70.0,1.8,1986,14.9,0.0,0.0,0.0,Summer,No Holiday,Yes,13839293,2,6
712,31/01/2018,18,-1.8,35.0,2.1,2000,-15.2,0.05,0.0,1.6,Winter,No Holiday,Yes,2479164,1,1
713,11/4/2018,1,13.6,81.0,3.6,886,10.3,0.0,0.0,0.0,Spring,No Holiday,No,135952,0,4
714,14/01/2018,16,5.3,49.0,1.8,982,-4.5,0.43,0.0,0.0,Winter,No Holiday,Yes,2626549,1,1
715,20/02/2018,12,4.0,23.0,3.5,1785,-15.3,,0.0,0.0,Winter,No Holiday,Yes,2480386,1,2
716,6/10/2018,8,16.6,97.0,2.0,457,16.1,0.01,9.0,0.0,Autumn,No Holiday,Yes,1037017,0,10
717,8/5/2018,18,20.7,40.0,,2000,6.6,1.06,0.0,0.0,Spring,No Holiday,Yes,13205108,2,5
719,3/3/2018,2,0.9,35.0,,1856,-12.8,0.0,0.0,0.0,Spring,No Holiday,Yes,1116010,0,3
720,22/12/2017,17,5.4,61.0,1.3,691,-1.5,0.08,0.0,0.0,Winter,Holiday,Yes,3190325,1,12
721,23/11/2018,6,,40.0,1.4,2000,-14.3,0.0,0.0,0.0,Autumn,No Holiday,Yes,2670106,1,11
722,25/11/2018,9,,88.0,,286,0.5,,0.0,2.5,Autumn,No Holiday,Yes,2374866,1,11
723,5/8/2018,15,33.7,55.0,3.7,1843,23.3,2.67,0.0,0.0,Summer,No Holiday,Yes,4423692,1,8
724,3/2/2018,2,-3.4,82.0,4.2,184,-6.0,0.0,,0.0,Winter,No Holiday,Yes,1133719,0,2
725,18/08/2018,17,29.9,39.0,2.9,2000,14.4,0.86,0.0,0.0,Summer,No Holiday,Yes,9067358,2,8
726,7/4/2018,8,2.4,44.0,4.3,1375,-8.6,0.41,0.0,0.0,Spring,No Holiday,Yes,2796104,1,4
727,23/11/2018,4,,42.0,0.7,2000,-13.2,0.0,0.0,0.0,Autumn,No Holiday,Yes,725348,0,11
728,22/01/2018,17,1.3,93.0,1.2,81,0.2,0.03,0.0,0.2,Winter,No Holiday,Yes,1008243,0,1
729,31/07/2018,5,28.3,60.0,1.6,2000,19.7,0.0,0.0,0.0,Summer,No Holiday,Yes,2269398,1,7
730,24/09/2018,11,19.4,31.0,4.1,1966,1.8,2.55,0.0,0.0,Autumn,Holiday,Yes,3391092,1,9
731,22/11/2018,20,3.1,42.0,2.4,2000,-8.5,0.0,0.0,0.0,Autumn,No Holiday,Yes,4547720,1,11
732,18/09/2018,23,21.2,69.0,1.3,1999,15.2,0.0,0.0,0.0,Autumn,No Holiday,No,469485,0,9
733,10/6/2018,9,19.2,65.0,1.4,2000,12.4,0.34,0.0,0.0,Summer,No Holiday,Yes,5036460,1,6
734,30/07/2018,1,28.5,54.0,,2000,18.2,0.0,0.0,0.0,Summer,No Holiday,Yes,3269599,1,7
735,2/10/2018,22,15.5,69.0,0.8,1987,9.8,0.0,0.0,0.0,Autumn,No Holiday,No,822992,0,10
736,29/09/2018,14,26.2,33.0,1.8,2000,8.6,2.62,0.0,0.0,Autumn,No Holiday,Yes,10377835,2,9
737,1/12/2017,8,-7.6,37.0,1.1,2000,-19.8,0.01,0.0,0.0,Winter,No Holiday,Yes,5116491,1,12
738,4/5/2018,16,18.6,30.0,5.1,1891,0.6,2.49,0.0,0.0,Spring,No Holiday,Yes,8827407,2,5
739,3/7/2018,19,30.4,62.0,0.9,2000,22.2,0.65,0.1,0.0,Summer,No Holiday,Yes,13643055,2,7
740,8/4/2018,23,2.9,85.0,0.9,829,0.6,,0.0,0.0,Spring,No Holiday,Yes,1275707,0,4
741,23/05/2018,19,18.8,52.0,3.4,2000,8.7,0.49,,0.0,Spring,No Holiday,Yes,12713993,2,5
742,20/04/2018,16,25.7,30.0,3.4,600,6.8,2.07,0.0,0.0,Spring,No Holiday,Yes,6967559,2,4
743,29/12/2017,6,0.8,68.0,0.6,673,-4.4,0.0,0.0,0.0,Winter,No Holiday,Yes,1224873,0,12
744,11/4/2018,16,16.9,23.0,4.4,1938,-4.4,2.39,,0.0,Spring,No Holiday,No,286222,0,4
746,18/07/2018,8,25.8,71.0,0.4,760,20.1,0.93,0.0,0.0,Summer,No Holiday,Yes,10130931,2,7
747,7/1/2018,3,-4.8,56.0,0.6,1505,-12.2,0.0,,0.0,Winter,No Holiday,Yes,875728,0,1
748,15/12/2017,17,-0.2,39.0,,1016,-12.5,0.0,0.0,0.0,Winter,No Holiday,Yes,3073268,1,12
749,13/07/2018,11,27.5,70.0,,1719,21.5,1.07,0.0,0.0,Summer,No Holiday,Yes,4836891,1,7
750,22/03/2018,23,3.4,69.0,1.1,895,-1.7,0.0,0.0,0.0,Spring,No Holiday,Yes,2338001,1,3
751,1/3/2018,0,2.0,96.0,,1894,1.4,0.0,2.0,0.0,Spring,Holiday,Yes,1333511,0,3
753,31/12/2017,14,3.0,28.0,3.8,1956,-13.7,1.1,0.0,0.0,Winter,Holiday,Yes,1905237,1,12
754,3/10/2018,7,11.2,85.0,0.3,1593,8.7,0.02,0.0,0.0,Autumn,Holiday,Yes,3003919,1,10
755,25/05/2018,11,23.1,30.0,2.5,1896,4.5,3.01,0.0,0.0,Spring,No Holiday,Yes,5662730,1,5
758,27/12/2017,15,-3.1,16.0,2.2,2000,-25.4,0.9,0.0,0.0,Winter,No Holiday,Yes,2135574,1,12
759,21/10/2018,8,7.9,67.0,1.1,1210,2.1,0.28,0.0,0.0,Autumn,No Holiday,Yes,3571821,1,10
760,1/5/2018,6,17.8,85.0,0.6,265,15.2,0.0,,0.0,Spring,Holiday,Yes,2195420,1,5
761,9/3/2018,23,2.5,72.0,1.5,1071,-2.0,0.0,0.0,0.0,Spring,No Holiday,Yes,1835775,1,3
762,14/07/2018,5,24.8,86.0,1.6,1170,22.2,0.0,0.0,0.0,Summer,No Holiday,Yes,1703100,1,7
763,5/2/2018,10,-9.6,32.0,3.7,2000,-23.2,1.14,0.0,0.0,Winter,No Holiday,Yes,1131215,0,2
764,12/5/2018,6,14.4,71.0,1.3,560,9.2,0.0,0.4,0.0,Spring,No Holiday,Yes,825395,0,5
765,30/08/2018,5,24.0,97.0,0.9,1347,23.4,0.0,0.5,0.0,Summer,No Holiday,Yes,896261,0,8
766,9/10/2018,2,11.4,65.0,1.1,2000,5.0,,0.0,0.0,Autumn,Holiday,No,731623,0,10
767,13/11/2018,5,4.7,72.0,0.0,1310,0.0,0.0,0.0,0.0,Autumn,No Holiday,Yes,1491308,0,11
768,16/09/2018,14,23.4,72.0,2.2,682,18.0,,0.0,0.0,Autumn,No Holiday,Yes,2699277,1,9
769,21/01/2018,4,-2.3,47.0,0.7,984,-12.1,0.0,0.0,0.0,Winter,No Holiday,Yes,526560,0,1
770,29/06/2018,10,24.4,76.0,2.1,617,19.8,1.58,0.0,0.0,Summer,No Holiday,Yes,4765763,1,6
771,12/9/2018,5,17.5,60.0,,2000,9.6,0.0,0.0,0.0,Autumn,No Holiday,Yes,1369153,1,9
772,22/04/2018,4,14.9,35.0,0.8,2000,-0.4,0.0,0.0,0.0,Spring,No Holiday,Yes,1860786,1,4
773,20/12/2017,6,-8.2,66.0,0.9,1718,-13.4,0.0,0.0,2.0,Winter,No Holiday,Yes,1214942,0,12
774,17/04/2018,9,12.0,39.0,0.6,1386,-1.5,1.44,0.0,0.0,Spring,No Holiday,Yes,5974031,1,4
775,27/08/2018,8,21.3,97.0,1.3,1029,20.7,0.17,0.5,0.0,Summer,No Holiday,Yes,1728177,1,8
776,16/12/2017,2,-4.1,73.0,2.1,567,-8.2,0.0,0.0,0.0,Winter,No Holiday,Yes,1611654,1,12
777,19/04/2018,5,7.9,59.0,1.4,1005,0.3,0.0,0.0,0.0,Spring,No Holiday,Yes,1106177,0,4
778,30/01/2018,16,-2.2,76.0,1.7,233,-5.8,0.25,0.0,0.0,Winter,No Holiday,Yes,998906,0,1
779,10/12/2017,11,0.9,92.0,0.9,137,-0.2,0.03,0.0,3.9,Winter,No Holiday,Yes,722164,0,12
780,20/07/2018,15,34.1,45.0,2.4,1110,20.4,2.88,0.0,0.0,Summer,No Holiday,Yes,4828166,1,7
781,11/8/2018,19,33.8,44.0,2.2,2000,19.8,0.3,0.0,0.0,Summer,No Holiday,Yes,7598623,2,8
782,14/01/2018,22,2.8,60.0,0.6,829,-4.2,0.0,0.0,0.0,Winter,No Holiday,Yes,1508566,1,1
783,16/02/2018,8,-5.4,38.0,0.7,2000,-17.5,0.04,,0.0,Winter,Holiday,Yes,1312201,0,2
784,27/11/2018,11,7.9,64.0,1.2,383,1.4,0.87,0.0,0.0,Autumn,No Holiday,Yes,3680800,1,11
785,18/04/2018,23,10.7,42.0,0.9,1236,-1.7,0.0,,0.0,Spring,No Holiday,Yes,3949722,1,4
786,20/01/2018,19,3.5,66.0,1.7,187,-2.2,0.0,0.0,0.0,Winter,No Holiday,Yes,1888323,1,1
787,14/08/2018,3,28.4,73.0,1.4,1990,23.0,0.0,0.0,0.0,Summer,No Holiday,Yes,2173684,1,8
788,1/7/2018,22,21.7,97.0,0.7,540,21.1,0.0,3.5,0.0,Summer,No Holiday,Yes,435392,0,7
789,4/7/2018,13,31.0,60.0,2.6,1657,22.3,2.75,0.0,0.0,Summer,No Holiday,Yes,5127521,1,7
790,8/12/2017,10,-5.3,44.0,2.8,1516,-15.6,0.63,0.0,0.0,Winter,No Holiday,Yes,2166608,1,12
791,3/1/2018,12,-3.4,32.0,3.1,1706,-17.7,1.02,0.0,0.0,Winter,No Holiday,Yes,2476995,1,1
792,2/2/2018,12,0.9,37.0,1.5,1283,-12.1,1.12,0.0,0.0,Winter,No Holiday,Yes,1857945,1,2
793,28/01/2018,0,-7.5,36.0,2.3,1972,-20.0,0.0,0.0,0.0,Winter,No Holiday,Yes,789512,0,1
794,23/05/2018,7,13.6,75.0,1.6,1987,9.2,0.47,0.0,0.0,Spring,No Holiday,Yes,7160424,2,5
796,31/05/2018,15,26.9,37.0,2.7,1850,10.9,,0.0,0.0,Spring,No Holiday,Yes,6621509,2,5
797,12/7/2018,22,25.9,83.0,0.6,1827,22.7,0.0,0.0,0.0,Summer,No Holiday,Yes,10352882,2,7
798,14/11/2018,0,7.0,54.0,0.9,1862,-1.6,0.0,0.0,0.0,Autumn,No Holiday,Yes,3751117,1,11
799,1/12/2017,14,3.0,26.0,2.0,2000,-14.6,1.01,0.0,0.0,Winter,No Holiday,Yes,3243293,1,12
800,5/5/2018,6,12.3,55.0,2.1,1972,3.5,0.02,0.0,0.0,Spring,No Holiday,Yes,1835316,1,5
801,7/3/2018,15,10.2,34.0,2.3,1919,-4.9,1.19,0.0,0.0,Spring,No Holiday,Yes,3291085,1,3
802,29/01/2018,2,-10.2,47.0,0.9,1808,-19.3,0.0,0.0,0.0,Winter,No Holiday,Yes,715766,0,1
803,7/12/2017,16,3.2,38.0,2.9,1817,-9.7,0.51,0.0,0.0,Winter,No Holiday,Yes,2842892,1,12
805,27/02/2018,23,5.3,53.0,1.5,582,-3.5,,0.0,0.0,Winter,No Holiday,Yes,1754426,1,2
806,24/04/2018,8,10.5,79.0,1.3,2000,7.0,0.29,0.0,0.0,Spring,No Holiday,Yes,7885112,2,4
807,15/06/2018,6,17.2,83.0,1.3,2000,14.2,,0.0,0.0,Summer,No Holiday,Yes,3174053,1,6
809,1/1/2018,4,-4.2,53.0,1.1,1994,-12.3,0.0,0.0,0.0,Winter,Holiday,Yes,837062,0,1
810,2/3/2018,14,3.4,23.0,,1545,-15.8,2.74,0.0,0.0,Spring,No Holiday,Yes,2862258,1,3
811,2/8/2018,1,31.5,69.0,1.5,1512,25.1,0.0,0.0,0.0,Summer,No Holiday,Yes,4048188,1,8
812,7/12/2017,9,0.1,91.0,0.8,265,-1.1,0.14,0.0,0.8,Winter,No Holiday,Yes,3165088,1,12
813,25/07/2018,22,28.8,76.0,2.8,1231,24.1,0.0,0.0,0.0,Summer,No Holiday,Yes,9290084,2,7
814,16/01/2018,2,0.5,72.0,0.7,385,-3.9,0.0,0.0,0.0,Winter,No Holiday,Yes,1025560,0,1
815,1/9/2018,16,,41.0,1.4,1930,15.7,1.95,0.0,0.0,Autumn,No Holiday,Yes,8596569,2,9
816,11/10/2018,7,6.3,65.0,1.0,2000,0.1,0.01,0.0,0.0,Autumn,No Holiday,Yes,6927580,2,10
817,25/06/2018,18,30.7,43.0,1.6,931,16.6,0.74,0.0,0.0,Summer,No Holiday,Yes,17511128,2,6
818,29/08/2018,20,23.4,98.0,0.6,70,23.0,0.0,21.0,0.0,Summer,No Holiday,Yes,829226,0,8
819,15/02/2018,6,-2.6,38.0,1.0,2000,-15.0,0.0,0.0,0.0,Winter,Holiday,Yes,391325,0,2
820,29/11/2018,10,3.9,28.0,0.6,1627,-12.9,0.49,0.0,0.0,Autumn,No Holiday,Yes,2946904,1,11
821,16/04/2018,16,18.5,24.0,3.0,1773,-2.4,2.27,0.0,0.0,Spring,No Holiday,Yes,7720466,2,4
823,5/1/2018,3,-5.5,56.0,1.1,1453,-12.9,,0.0,0.0,Winter,No Holiday,Yes,848853,0,1
824,29/10/2018,1,5.1,83.0,1.1,1989,2.4,0.0,0.0,0.0,Autumn,No Holiday,Yes,2214701,1,10
825,30/12/2017,20,1.9,90.0,0.9,88,0.4,0.0,0.0,0.0,Winter,No Holiday,Yes,1138949,0,12
826,16/11/2018,15,13.2,61.0,,719,5.8,1.03,0.0,0.0,Autumn,No Holiday,Yes,5571566,1,11
827,19/12/2017,22,-5.5,56.0,1.5,2000,-12.9,0.0,0.0,2.0,Winter,No Holiday,Yes,1122116,1,12
828,9/6/2018,0,19.7,83.0,1.5,390,16.7,0.0,0.0,0.0,Summer,No Holiday,Yes,6794058,2,6
829,6/4/2018,13,7.9,58.0,4.3,488,0.1,1.88,0.0,0.0,Spring,No Holiday,Yes,4204508,1,4
831,22/05/2018,20,17.2,85.0,1.4,467,14.6,0.0,0.5,0.0,Spring,Holiday,Yes,485958,0,5
832,1/12/2017,9,-6.5,27.0,0.5,1928,-22.4,0.23,0.0,0.0,Winter,No Holiday,Yes,3115806,1,12
833,12/10/2018,22,10.5,62.0,1.2,2000,3.5,0.0,0.0,0.0,Autumn,No Holiday,Yes,7529583,2,10
834,13/08/2018,23,29.6,63.0,,2000,21.8,,0.0,0.0,Summer,No Holiday,Yes,6475820,2,8
835,4/1/2018,6,-7.6,47.0,2.3,2000,-16.9,0.0,0.0,0.0,Winter,No Holiday,Yes,1482365,0,1
836,7/5/2018,20,20.9,61.0,2.7,1523,13.0,,0.0,0.0,Spring,No Holiday,Yes,9942189,2,5
837,30/01/2018,20,-1.5,91.0,1.7,270,-2.7,0.0,0.0,3.3,Winter,No Holiday,Yes,824014,0,1
838,6/5/2018,15,17.8,77.0,1.6,2000,13.7,1.13,0.0,0.0,Spring,No Holiday,Yes,4298463,1,5
839,6/8/2018,10,29.8,76.0,1.4,850,25.1,1.52,0.0,0.0,Summer,No Holiday,Yes,3364685,1,8
840,16/03/2018,14,11.0,36.0,1.8,1973,-3.5,2.91,0.0,0.0,Spring,No Holiday,Yes,4919748,1,3
841,2/3/2018,21,1.0,34.0,1.4,1880,-13.1,0.0,0.0,0.0,Spring,No Holiday,Yes,2570371,1,3
842,25/02/2018,11,,29.0,2.6,1293,-12.2,1.87,0.0,0.0,Winter,No Holiday,Yes,1845157,1,2
843,8/12/2017,8,-7.0,59.0,0.8,1559,-13.6,0.01,0.0,0.0,Winter,No Holiday,Yes,4458831,1,12
844,1/5/2018,14,23.0,64.0,2.8,520,15.8,1.59,0.0,0.0,Spring,Holiday,Yes,8363014,2,5
845,19/06/2018,19,23.3,59.0,2.6,1214,14.8,0.28,0.0,0.0,Summer,No Holiday,Yes,15366998,2,6
847,30/05/2018,0,19.1,84.0,1.6,540,16.3,0.0,,0.0,Spring,No Holiday,Yes,3511170,1,5
848,24/12/2017,6,4.9,84.0,1.3,159,2.4,0.0,0.1,0.0,Winter,Holiday,Yes,666920,0,12
849,30/09/2018,7,15.1,81.0,0.8,1939,11.8,0.03,0.0,0.0,Autumn,No Holiday,No,196158,0,9
850,21/06/2018,2,20.2,82.0,0.9,575,17.0,0.0,0.0,0.0,Summer,No Holiday,Yes,3096254,1,6
851,12/3/2018,6,2.8,57.0,0.7,920,-4.8,0.0,0.0,0.0,Spring,No Holiday,Yes,2166863,1,3
852,20/12/2017,2,-7.8,68.0,0.9,1642,-12.6,0.0,0.0,2.0,Winter,No Holiday,Yes,1099940,0,12
853,25/02/2018,4,-1.1,43.0,0.7,1558,-12.1,,0.0,0.0,Winter,No Holiday,Yes,1086771,0,2
854,3/10/2018,6,11.4,84.0,0.3,1742,8.7,,0.0,0.0,Autumn,Holiday,Yes,2180156,1,10
855,8/4/2018,11,6.4,29.0,2.7,2000,-10.3,0.9,0.0,0.0,Spring,No Holiday,Yes,3366270,1,4
856,18/03/2018,18,10.4,47.0,0.4,824,-0.4,,0.0,0.0,Spring,No Holiday,Yes,1922265,1,3
857,25/05/2018,0,17.6,57.0,1.8,943,8.9,0.0,0.0,0.0,Spring,No Holiday,Yes,5051086,1,5
858,18/06/2018,9,24.7,59.0,1.1,616,16.1,1.8,0.0,0.0,Summer,No Holiday,Yes,6896465,2,6
860,2/2/2018,0,-4.9,56.0,,1982,-12.3,0.0,0.0,0.0,Winter,No Holiday,Yes,1750434,0,2
861,16/01/2018,13,5.8,47.0,0.8,382,-4.6,0.53,0.0,0.0,Winter,No Holiday,Yes,2044672,1,1
862,1/9/2018,10,26.0,54.0,1.5,2000,15.9,2.13,0.0,0.0,Autumn,No Holiday,Yes,5294508,1,9
863,13/10/2018,6,6.6,80.0,1.0,1424,3.3,0.0,,0.0,Autumn,No Holiday,Yes,1481693,1,10
864,17/11/2018,20,5.4,43.0,2.7,1913,-6.2,0.0,0.0,0.0,Autumn,No Holiday,Yes,4217327,1,11
866,20/01/2018,8,0.3,63.0,0.4,1140,-5.9,0.0,0.0,0.0,Winter,No Holiday,Yes,1667515,1,1
867,17/10/2018,3,10.2,80.0,0.3,1191,6.8,0.0,0.0,0.0,Autumn,No Holiday,Yes,1375586,1,10
868,3/10/2018,13,22.5,40.0,2.6,1854,8.2,2.64,0.0,0.0,Autumn,Holiday,Yes,9851518,2,10
869,9/8/2018,18,28.1,86.0,2.3,1244,25.5,0.28,0.5,0.0,Summer,No Holiday,Yes,10189203,2,8
871,19/11/2018,3,4.8,65.0,0.8,1179,-1.2,0.0,0.0,0.0,Autumn,No Holiday,Yes,1033898,0,11
872,7/12/2017,0,1.4,92.0,0.5,240,0.2,0.0,0.0,0.9,Winter,No Holiday,Yes,1400006,0,12
873,21/08/2018,20,27.7,69.0,1.6,1992,21.4,,0.0,0.0,Summer,No Holiday,Yes,11798017,2,8
874,11/11/2018,1,8.8,89.0,0.7,213,7.0,0.0,0.0,0.0,Autumn,No Holiday,Yes,2884243,1,11
875,28/02/2018,19,2.5,95.0,1.9,838,1.7,0.0,0.0,0.0,Winter,No Holiday,Yes,773885,0,2
876,18/04/2018,20,13.0,41.0,2.3,1164,0.0,0.0,0.0,0.0,Spring,No Holiday,Yes,6994822,2,4
877,17/02/2018,6,-6.2,32.0,2.5,2000,-20.2,0.0,0.0,0.0,Winter,Holiday,Yes,655491,0,2
878,24/10/2018,8,8.1,85.0,1.2,772,5.7,0.26,0.0,0.0,Autumn,No Holiday,Yes,11577848,2,10
879,30/03/2018,16,20.7,36.0,,811,5.0,1.82,0.0,0.0,Spring,No Holiday,Yes,6149398,2,3
880,3/8/2018,6,30.5,62.0,1.3,1583,22.3,0.01,0.0,0.0,Summer,No Holiday,Yes,3805097,1,8
881,18/10/2018,13,18.1,43.0,2.2,2000,5.3,2.3,0.0,0.0,Autumn,No Holiday,Yes,6055069,2,10
882,4/2/2018,1,-10.5,48.0,3.1,2000,-19.4,,0.0,0.0,Winter,No Holiday,Yes,1233368,0,2
883,28/04/2018,4,11.4,78.0,1.8,362,7.6,0.0,,0.0,Spring,No Holiday,Yes,1516991,0,4
884,6/2/2018,19,-8.4,37.0,4.0,2000,-20.5,0.0,0.0,0.0,Winter,No Holiday,Yes,1626876,1,2
885,23/10/2018,2,10.6,68.0,0.9,603,4.9,0.0,0.0,0.0,Autumn,No Holiday,Yes,2528740,1,10
886,28/03/2018,13,17.5,54.0,3.1,1065,8.0,1.63,0.0,0.0,Spring,No Holiday,Yes,4075056,1,3
887,14/12/2017,21,-4.8,45.0,0.8,1351,-14.9,0.0,0.0,0.0,Winter,No Holiday,Yes,1997428,1,12
888,23/09/2018,18,22.3,53.0,2.7,2000,12.2,0.44,0.0,0.0,Autumn,Holiday,Yes,8419449,2,9
890,4/2/2018,10,-11.2,43.0,3.5,1359,-21.3,1.04,0.0,0.0,Winter,No Holiday,Yes,1456963,0,2
891,20/03/2018,0,6.3,42.0,3.3,2000,-5.6,0.0,0.0,0.0,Spring,No Holiday,Yes,2261815,1,3
893,26/06/2018,5,23.7,64.0,0.9,876,16.4,0.0,0.1,0.0,Summer,No Holiday,Yes,341955,0,6
894,6/9/2018,18,25.8,58.0,2.9,2000,16.9,0.16,0.0,0.0,Autumn,No Holiday,Yes,12910228,2,9
895,26/01/2018,0,-15.1,34.0,1.7,2000,-27.4,0.0,0.0,0.5,Winter,No Holiday,Yes,1356694,0,1
896,2/4/2018,19,19.1,60.0,3.4,1592,11.1,0.1,0.0,0.0,Spring,No Holiday,Yes,9680110,2,4
897,9/3/2018,9,,60.0,1.3,1969,-3.5,0.71,,0.0,Spring,No Holiday,Yes,3108788,1,3
898,11/11/2018,8,6.3,81.0,,365,3.2,0.11,0.0,0.0,Autumn,No Holiday,Yes,2625524,1,11
901,8/4/2018,2,2.2,49.0,1.9,2000,-7.4,0.0,0.0,0.0,Spring,No Holiday,Yes,1488511,0,4
902,3/6/2018,6,16.9,62.0,0.4,1768,9.5,0.06,0.0,0.0,Summer,No Holiday,Yes,1241455,1,6
903,28/05/2018,22,21.1,54.0,0.6,2000,11.4,0.0,0.0,0.0,Spring,No Holiday,Yes,9797321,2,5
904,27/07/2018,5,,86.0,0.8,657,24.6,0.0,0.0,0.0,Summer,No Holiday,Yes,2335475,1,7
905,29/04/2018,18,20.1,28.0,3.2,1114,1.0,0.89,,0.0,Spring,No Holiday,Yes,10371776,2,4
906,3/2/2018,13,-5.8,38.0,3.7,1961,-17.8,2.25,0.0,0.0,Winter,No Holiday,Yes,2004496,1,2
907,28/06/2018,20,21.0,96.0,0.1,1431,20.3,,0.0,0.0,Summer,No Holiday,Yes,5413060,1,6
908,6/3/2018,20,6.1,31.0,2.8,2000,-9.8,0.0,0.0,0.0,Spring,No Holiday,Yes,3737246,1,3
909,9/7/2018,23,20.4,96.0,0.6,1137,19.7,,1.0,0.0,Summer,No Holiday,Yes,845960,0,7
910,19/07/2018,15,33.7,41.0,2.5,1924,18.6,3.04,0.0,0.0,Summer,No Holiday,Yes,4114914,1,7
911,16/10/2018,21,14.3,72.0,1.0,1374,9.3,0.0,0.0,0.0,Autumn,No Holiday,Yes,8016201,2,10
912,8/9/2018,8,17.1,57.0,1.0,1979,8.5,0.76,0.0,0.0,Autumn,No Holiday,Yes,4701628,1,9
913,18/06/2018,10,26.1,53.0,0.9,554,15.7,2.14,0.0,0.0,Summer,No Holiday,Yes,4547495,1,6
915,5/9/2018,7,19.8,79.0,0.9,2000,16.0,0.13,0.0,0.0,Autumn,No Holiday,Yes,8173796,2,9
917,6/3/2018,19,7.1,30.0,2.7,2000,-9.3,0.02,0.0,0.0,Spring,No Holiday,Yes,4692480,1,3
918,5/12/2017,17,-1.6,35.0,0.0,2000,-15.1,0.0,,0.0,Winter,No Holiday,Yes,3281606,1,12
919,2/1/2018,22,-3.4,33.0,2.4,2000,-17.4,0.0,,0.0,Winter,No Holiday,Yes,1872756,1,1
920,23/01/2018,3,-8.6,68.0,3.3,2000,-13.4,0.0,0.0,1.0,Winter,No Holiday,Yes,1124990,0,1
921,27/11/2018,1,4.5,82.0,0.4,350,1.6,0.0,0.0,0.0,Autumn,No Holiday,Yes,2666053,1,11
922,12/12/2017,9,-11.8,46.0,2.9,1956,-21.1,0.1,0.0,0.0,Winter,No Holiday,Yes,2170392,1,12
923,2/9/2018,5,20.6,65.0,1.1,2000,13.7,,0.0,0.0,Autumn,No Holiday,Yes,1347400,0,9
924,19/11/2018,21,5.8,44.0,2.2,1205,-5.5,0.0,0.0,0.0,Autumn,No Holiday,Yes,5794398,1,11
925,23/08/2018,20,29.2,62.0,2.1,1952,21.1,0.0,0.1,0.0,Summer,No Holiday,Yes,2364926,1,8
926,30/10/2018,23,7.7,50.0,1.0,1988,-2.0,,0.0,0.0,Autumn,No Holiday,Yes,2967182,1,10
927,21/04/2018,4,13.6,67.0,1.6,521,7.5,,0.0,0.0,Spring,No Holiday,Yes,1608450,0,4
928,24/03/2018,16,12.3,61.0,3.4,359,4.9,,0.0,0.0,Spring,No Holiday,Yes,4982016,1,3
929,19/01/2018,16,4.9,27.0,2.8,1648,-12.5,0.65,0.0,0.0,Winter,No Holiday,Yes,2095720,1,1
930,1/6/2018,5,17.8,75.0,1.0,1210,13.3,0.0,0.0,0.0,Summer,No Holiday,Yes,1854766,1,6
931,10/2/2018,7,1.6,81.0,1.4,393,-1.3,0.0,0.0,0.0,Winter,No Holiday,Yes,1444848,0,2
932,19/07/2018,7,23.6,75.0,0.9,856,18.9,0.36,0.0,0.0,Summer,No Holiday,Yes,7040845,2,7
933,25/05/2018,3,15.4,71.0,,780,10.1,0.0,0.0,0.0,Spring,No Holiday,Yes,2191561,1,5
934,14/09/2018,2,21.3,75.0,1.1,2000,16.6,0.0,0.0,0.0,Autumn,No Holiday,Yes,2969050,1,9
935,10/2/2018,18,-2.0,15.0,5.6,2000,-25.2,,0.0,0.0,Winter,No Holiday,Yes,2010041,1,2
936,18/09/2018,20,22.6,58.0,1.4,2000,13.9,0.0,0.0,0.0,Autumn,No Holiday,No,524404,0,9
938,20/08/2018,20,29.8,61.0,3.4,1525,21.4,,0.0,0.0,Summer,No Holiday,Yes,10443721,2,8
939,3/3/2018,22,10.2,49.0,1.7,1972,0.0,,,0.0,Spring,No Holiday,Yes,2758196,1,3
940,24/08/2018,2,25.4,85.0,2.0,1453,22.6,0.0,,0.0,Summer,No Holiday,Yes,1244844,0,8
941,24/08/2018,19,23.6,86.0,3.0,1275,21.1,0.04,0.0,0.0,Summer,No Holiday,Yes,5212919,1,8
942,12/1/2018,8,-15.1,44.0,1.2,2000,-24.6,0.0,0.0,0.0,Winter,No Holiday,Yes,2432370,1,1
943,13/03/2018,18,15.7,68.0,3.3,1473,9.8,,0.0,0.0,Spring,No Holiday,Yes,9094540,2,3
944,22/10/2018,23,12.0,59.0,0.4,685,4.2,0.0,0.0,0.0,Autumn,No Holiday,Yes,5631564,1,10
945,31/08/2018,5,23.1,84.0,0.5,1022,20.2,0.0,0.0,0.0,Summer,No Holiday,Yes,1339808,1,8
946,21/10/2018,7,7.2,76.0,0.5,1113,3.2,0.0,0.0,0.0,Autumn,No Holiday,Yes,2330157,1,10
947,30/06/2018,6,22.1,85.0,0.5,303,19.4,0.01,0.1,0.0,Summer,No Holiday,Yes,2448104,1,6
948,19/03/2018,7,6.5,88.0,1.4,515,4.6,0.0,0.0,0.0,Spring,No Holiday,Yes,2561224,1,3
949,6/11/2018,7,8.3,84.0,0.9,422,5.7,0.0,0.0,0.0,Autumn,No Holiday,No,840573,0,11
951,17/03/2018,5,1.0,62.0,0.9,2000,-5.4,0.0,0.0,0.0,Spring,No Holiday,Yes,428608,0,3
952,8/8/2018,7,28.2,82.0,1.5,985,24.8,0.19,0.0,0.0,Summer,No Holiday,Yes,6140490,2,8
953,26/09/2018,14,24.1,33.0,1.3,2000,6.8,2.52,0.0,0.0,Autumn,No Holiday,Yes,10177649,2,9
954,27/11/2018,0,4.9,79.0,0.5,391,1.5,0.0,0.0,0.0,Autumn,No Holiday,Yes,3011599,1,11
955,4/2/2018,0,-10.4,49.0,2.4,2000,-19.0,0.0,0.0,0.0,Winter,No Holiday,Yes,552988,0,2
956,31/08/2018,13,28.7,46.0,2.6,1815,15.9,3.1,,0.0,Summer,No Holiday,Yes,5040991,1,8
957,31/08/2018,1,23.7,77.0,1.1,1099,19.4,0.0,0.0,0.0,Summer,No Holiday,Yes,3940797,1,8
958,18/08/2018,21,26.8,48.0,0.9,2000,14.8,0.0,0.0,0.0,Summer,No Holiday,Yes,10712522,2,8
959,28/09/2018,19,19.3,61.0,0.8,2000,11.5,,0.0,0.0,Autumn,No Holiday,No,228488,0,9
960,11/5/2018,21,16.4,52.0,1.5,1273,6.5,,0.0,0.0,Spring,No Holiday,Yes,8688191,2,5
961,6/8/2018,18,32.8,63.0,1.3,1799,24.8,0.31,0.0,0.0,Summer,No Holiday,Yes,10320671,2,8
962,28/12/2017,8,-4.7,30.0,0.6,2000,-19.6,0.0,0.0,0.0,Winter,No Holiday,Yes,3501573,1,12
963,25/12/2017,3,-2.3,52.0,3.4,1947,-10.8,0.0,0.0,0.0,Winter,Holiday,Yes,1277137,0,12
964,8/2/2018,23,-4.3,44.0,0.7,1247,-14.7,0.0,0.0,0.0,Winter,No Holiday,Yes,1760508,0,2
966,21/10/2018,20,13.8,52.0,1.6,1341,4.0,0.0,0.0,0.0,Autumn,No Holiday,Yes,6695203,2,10
967,10/1/2018,13,-5.1,43.0,4.7,1901,-15.7,1.18,0.0,0.4,Winter,No Holiday,Yes,1805916,0,1
968,2/4/2018,20,18.2,65.0,,1563,11.5,0.0,0.0,0.0,Spring,No Holiday,Yes,8848805,2,4
969,11/10/2018,1,7.3,59.0,0.1,2000,-0.1,0.0,0.0,0.0,Autumn,No Holiday,Yes,3015056,1,10
970,26/10/2018,18,13.1,74.0,1.6,1989,8.5,0.05,0.0,0.0,Autumn,No Holiday,Yes,10783783,2,10
971,4/3/2018,1,8.3,91.0,0.1,282,6.9,,0.0,0.0,Spring,No Holiday,Yes,1542013,0,3
972,7/10/2018,5,15.1,89.0,1.1,1615,13.2,0.0,0.0,0.0,Autumn,No Holiday,Yes,1277020,0,10
973,15/05/2018,7,16.2,79.0,1.2,239,12.5,0.36,0.0,0.0,Spring,No Holiday,Yes,6653808,2,5
974,6/10/2018,18,20.5,66.0,1.2,2000,13.9,0.16,0.0,0.0,Autumn,No Holiday,Yes,10976912,2,10
975,14/02/2018,7,1.3,66.0,1.1,1534,-4.3,0.0,0.0,0.0,Winter,No Holiday,Yes,2274339,1,2
976,24/04/2018,16,15.5,52.0,1.7,2000,5.6,0.7,0.0,0.0,Spring,No Holiday,Yes,6154499,2,4
978,3/5/2018,8,10.5,67.0,2.3,1221,4.6,0.98,0.0,0.0,Spring,No Holiday,Yes,10757325,2,5
979,14/03/2018,17,20.5,49.0,3.5,2000,9.4,1.18,0.0,0.0,Spring,No Holiday,Yes,7611906,2,3
980,27/06/2018,0,20.5,94.0,3.7,896,19.4,0.0,0.0,0.0,Summer,No Holiday,Yes,3420931,1,6
983,25/12/2017,7,-4.6,46.0,2.8,2000,-14.4,0.0,0.0,0.0,Winter,Holiday,Yes,1079387,0,12
984,15/08/2018,20,28.4,69.0,1.5,2000,22.1,,0.0,0.0,Summer,Holiday,Yes,8818232,2,8
985,30/04/2018,13,23.3,45.0,1.8,684,10.6,2.96,0.0,0.0,Spring,No Holiday,Yes,5735821,2,4
987,19/05/2018,8,13.7,57.0,1.4,2000,5.3,1.28,0.0,0.0,Spring,No Holiday,Yes,4479349,1,5
988,18/09/2018,21,22.1,61.0,1.5,2000,14.2,0.0,0.0,0.0,Autumn,No Holiday,No,835353,0,9
989,28/12/2017,16,0.3,57.0,2.3,1204,-7.2,0.19,0.0,0.0,Winter,No Holiday,Yes,2807479,1,12
990,19/11/2018,20,6.0,50.0,1.5,931,-3.6,0.0,0.0,0.0,Autumn,No Holiday,Yes,5294025,1,11
991,7/7/2018,3,20.4,59.0,1.0,2000,12.1,0.0,0.0,0.0,Summer,No Holiday,Yes,3061529,1,7
992,2/3/2018,14,3.4,23.0,,1545,-15.8,2.74,0.0,0.0,Spring,No Holiday,Yes,2862258,1,3
993,6/10/2018,23,16.9,84.0,0.9,2000,14.1,,0.0,0.0,Autumn,No Holiday,Yes,6176507,2,10
994,6/4/2018,1,7.2,95.0,0.2,683,6.4,0.0,0.5,0.0,Spring,No Holiday,Yes,1150082,0,4
995,28/11/2018,3,3.5,38.0,,907,-9.5,0.0,0.0,0.0,Autumn,No Holiday,Yes,1531717,1,11
996,1/2/2018,17,0.3,26.0,2.4,1977,-17.0,0.45,0.0,0.0,Winter,No Holiday,Yes,1881177,1,2
997,15/12/2017,11,-2.9,46.0,1.0,809,-12.9,0.42,0.0,0.0,Winter,No Holiday,Yes,1586697,1,12
999,15/04/2018,8,7.0,78.0,0.9,656,3.4,0.56,0.0,0.0,Spring,No Holiday,Yes,3057692,1,4
1000,17/12/2017,3,-9.0,40.0,3.1,2000,-20.1,0.0,0.0,0.0,Winter,No Holiday,Yes,568175,0,12
1001,20/08/2018,9,27.5,54.0,1.0,1993,17.3,0.81,0.0,0.0,Summer,No Holiday,Yes,6077791,1,8
1003,7/9/2018,3,21.1,75.0,1.8,1551,16.4,0.0,0.0,0.0,Autumn,No Holiday,Yes,1750957,1,9
1004,15/01/2018,3,4.4,70.0,1.7,928,-0.6,0.0,0.0,0.0,Winter,No Holiday,Yes,560893,0,1
1005,3/2/2018,8,-9.5,56.0,3.5,1979,-16.6,0.01,0.0,0.3,Winter,No Holiday,Yes,1615368,0,2
1006,4/12/2017,5,2.0,83.0,2.7,253,-0.5,0.0,0.0,0.0,Winter,No Holiday,Yes,877742,0,12
1007,16/04/2018,14,18.0,28.0,1.6,1820,-0.8,3.11,0.0,0.0,Spring,No Holiday,Yes,5644102,1,4
1008,15/07/2018,16,32.8,52.0,3.0,1803,21.6,,0.0,0.0,Summer,No Holiday,Yes,5932578,2,7
1009,29/06/2018,2,22.2,96.0,0.8,269,21.5,0.0,0.2,0.0,Summer,No Holiday,Yes,2512868,1,6
1010,19/12/2017,3,-2.8,58.0,1.6,1315,-9.9,0.0,0.0,2.6,Winter,No Holiday,Yes,710907,0,12
1011,23/11/2018,3,,45.0,1.1,2000,-11.6,0.0,0.0,0.0,Autumn,No Holiday,Yes,1704601,0,11
1012,11/5/2018,8,13.1,78.0,,330,9.3,0.41,,0.0,Spring,No Holiday,Yes,10338378,2,5
1013,18/03/2018,19,10.0,53.0,1.7,796,0.8,0.01,0.0,0.0,Spring,No Holiday,Yes,1430123,1,3
1014,19/11/2018,9,4.6,60.0,0.8,967,-2.5,0.46,0.0,0.0,Autumn,No Holiday,Yes,4787930,1,11
1015,18/06/2018,12,28.4,45.0,2.2,649,15.3,,,0.0,Summer,No Holiday,Yes,5884401,1,6
1017,10/11/2018,16,16.0,37.0,1.9,984,1.2,0.94,0.0,0.0,Autumn,No Holiday,Yes,7315841,2,11
1018,21/08/2018,3,26.8,62.0,4.5,1742,18.9,0.0,0.1,0.0,Summer,No Holiday,Yes,1393349,0,8
1019,11/4/2018,13,15.6,38.0,4.7,1558,1.3,3.32,0.0,0.0,Spring,No Holiday,No,310014,0,4
1020,19/06/2018,0,21.5,63.0,1.0,1740,14.1,0.0,0.0,0.0,Summer,No Holiday,Yes,6519249,2,6
1021,16/01/2018,3,0.3,70.0,0.6,438,-4.5,0.0,0.0,0.0,Winter,No Holiday,Yes,785441,0,1
1022,5/3/2018,20,4.3,57.0,1.3,2000,-3.4,0.0,0.0,0.0,Spring,No Holiday,Yes,3768842,1,3
1023,30/07/2018,10,32.0,50.0,2.1,1992,20.2,2.34,0.0,0.0,Summer,No Holiday,Yes,4066467,1,7
1024,26/01/2018,4,-16.4,36.0,1.5,2000,-28.0,0.0,0.0,0.5,Winter,No Holiday,Yes,997446,0,1
1025,8/6/2018,6,18.8,78.0,2.0,1259,14.8,0.01,0.0,0.0,Summer,No Holiday,Yes,4555981,1,6
1026,19/01/2018,17,4.1,34.0,3.1,1810,-10.3,0.28,0.0,0.0,Winter,No Holiday,Yes,2871066,1,1
1027,29/01/2018,8,-11.5,38.0,1.0,1998,-23.0,0.01,0.0,0.0,Winter,No Holiday,Yes,3216316,1,1
1028,23/02/2018,5,1.0,91.0,0.7,257,-0.3,0.0,0.0,3.8,Winter,No Holiday,Yes,368700,0,2
1029,7/2/2018,20,-5.8,44.0,2.1,1994,-16.1,0.0,0.0,0.0,Winter,No Holiday,Yes,2219381,1,2
1030,20/06/2018,20,23.3,68.0,3.6,895,17.0,,0.0,0.0,Summer,No Holiday,Yes,12898405,2,6
1031,6/1/2018,7,-6.6,65.0,1.0,1320,-12.0,0.0,0.0,0.0,Winter,No Holiday,Yes,1171448,0,1
1032,15/12/2017,2,-6.8,58.0,0.4,1089,-13.6,0.0,0.0,0.0,Winter,No Holiday,Yes,1072423,0,12
1033,11/4/2018,6,9.0,86.0,2.0,442,6.7,0.0,0.0,0.0,Spring,No Holiday,No,237647,0,4
1034,29/05/2018,7,19.9,63.0,1.1,934,12.6,0.24,0.0,0.0,Spring,No Holiday,Yes,7544533,2,5
1035,17/12/2017,14,,26.0,3.1,1933,-20.0,,0.0,0.0,Winter,No Holiday,Yes,1989660,1,12
1036,3/4/2018,5,16.9,73.0,1.6,1275,12.0,0.0,0.0,0.0,Spring,No Holiday,Yes,1512355,0,4
1037,14/06/2018,21,22.2,72.0,1.0,1786,16.9,0.0,0.0,0.0,Summer,No Holiday,Yes,9491479,2,6
1038,28/08/2018,11,25.9,79.0,1.7,1900,21.9,0.9,0.0,0.0,Summer,No Holiday,Yes,2785691,1,8
1039,27/01/2018,11,-9.6,33.0,1.1,1748,-22.9,0.9,0.0,0.3,Winter,No Holiday,Yes,1207550,0,1
1040,1/12/2017,5,-6.4,37.0,1.5,2000,-18.7,0.0,0.0,0.0,Winter,No Holiday,Yes,1149587,0,12
1041,12/8/2018,7,27.4,61.0,0.6,2000,19.2,0.17,0.0,0.0,Summer,No Holiday,Yes,1984110,1,8
1042,8/12/2017,17,-2.4,30.0,2.7,2000,-17.6,0.18,,0.0,Winter,No Holiday,Yes,2975087,1,12
1043,16/03/2018,19,8.1,36.0,1.2,2000,-6.1,0.06,0.0,0.0,Spring,No Holiday,Yes,5276560,1,3
1044,5/10/2018,15,17.2,96.0,0.6,213,16.5,,4.0,0.0,Autumn,No Holiday,Yes,342220,0,10
1045,25/11/2018,23,3.8,83.0,1.1,390,1.1,0.0,0.0,0.4,Autumn,No Holiday,Yes,2841567,1,11
1047,19/05/2018,14,22.8,39.0,2.6,1983,8.1,3.39,0.0,0.0,Spring,No Holiday,Yes,11194797,2,5
1048,17/03/2018,18,10.6,42.0,2.8,1307,-1.8,0.31,0.0,0.0,Spring,No Holiday,Yes,5322617,1,3
1049,7/1/2018,22,,40.0,0.5,1305,-11.0,,0.0,0.0,Winter,No Holiday,Yes,2126663,1,1
1050,18/02/2018,14,4.1,17.0,1.8,1996,-18.8,1.87,0.0,0.0,Winter,No Holiday,Yes,2409098,1,2
1051,26/09/2018,18,22.1,45.0,1.5,2000,9.6,0.27,0.0,0.0,Autumn,No Holiday,Yes,12668596,2,9
1052,2/6/2018,5,17.8,69.0,1.1,951,12.0,0.0,,0.0,Summer,No Holiday,Yes,1922663,1,6
1053,3/10/2018,0,14.5,74.0,0.4,2000,9.9,0.0,0.0,0.0,Autumn,Holiday,Yes,5750230,1,10
1054,5/11/2018,6,7.2,83.0,0.8,636,4.4,0.0,0.0,0.0,Autumn,No Holiday,Yes,2989903,1,11
1055,15/11/2018,22,8.7,53.0,0.4,764,-0.3,0.0,0.0,0.0,Autumn,No Holiday,Yes,5599180,1,11
1056,8/3/2018,22,2.8,74.0,2.1,469,-1.3,0.0,0.0,0.0,Spring,No Holiday,Yes,3053658,1,3
1057,9/7/2018,10,21.1,73.0,1.2,1957,16.0,0.4,0.0,0.0,Summer,No Holiday,Yes,1276391,1,7
1058,14/07/2018,12,30.2,58.0,2.3,1359,21.0,2.64,0.0,0.0,Summer,No Holiday,Yes,5710079,1,7
1059,13/11/2018,1,5.6,68.0,0.5,1576,0.1,0.0,0.0,0.0,Autumn,No Holiday,Yes,2602083,1,11
1060,17/04/2018,14,19.8,23.0,2.6,1472,-1.9,3.01,0.0,0.0,Spring,No Holiday,Yes,5691190,1,4
1061,25/03/2018,23,8.0,82.0,1.3,196,5.1,0.0,0.0,0.0,Spring,No Holiday,Yes,2099786,1,3
1062,16/09/2018,4,22.5,89.0,0.7,444,20.5,0.0,0.3,0.0,Autumn,No Holiday,Yes,1608328,0,9
1063,20/10/2018,3,9.5,77.0,0.4,1611,5.6,0.0,0.0,0.0,Autumn,No Holiday,Yes,2082029,1,10
1064,14/02/2018,2,1.2,64.0,0.9,1680,-4.8,0.0,0.0,0.0,Winter,No Holiday,Yes,1178830,0,2
1065,14/04/2018,13,8.8,93.0,1.7,597,7.7,0.38,0.0,0.0,Spring,No Holiday,Yes,1000912,0,4
1066,8/8/2018,12,34.1,46.0,1.6,1885,20.8,2.72,0.0,0.0,Summer,No Holiday,Yes,4249520,1,8
1067,21/08/2018,0,28.3,59.0,3.7,1945,19.5,0.0,0.0,0.0,Summer,No Holiday,Yes,4953493,1,8
1069,22/07/2018,18,36.3,35.0,3.0,1860,18.3,0.89,0.0,0.0,Summer,No Holiday,Yes,6194666,2,7
1071,10/8/2018,0,27.1,84.0,0.2,1161,24.1,0.0,0.0,0.0,Summer,No Holiday,Yes,5380759,1,8
1072,18/06/2018,5,20.0,80.0,0.3,824,16.4,0.0,0.0,0.0,Summer,No Holiday,Yes,2447953,1,6
1073,26/08/2018,1,22.5,80.0,0.6,2000,18.8,0.0,0.0,0.0,Summer,No Holiday,Yes,4772679,1,8
1074,2/2/2018,11,-1.4,37.0,1.0,1317,-14.2,0.91,0.0,0.0,Winter,No Holiday,Yes,1809330,1,2
1075,7/5/2018,19,23.5,48.0,,1929,11.8,0.4,0.0,0.0,Spring,No Holiday,Yes,10121843,2,5
1076,21/11/2018,10,6.9,39.0,0.5,1977,-6.1,,0.0,0.0,Autumn,No Holiday,Yes,3866131,1,11
1077,5/12/2017,7,-7.5,33.0,2.2,2000,-21.0,0.0,0.0,0.0,Winter,No Holiday,Yes,2770429,1,12
1079,31/03/2018,19,15.3,41.0,2.0,1751,2.1,0.08,0.0,0.0,Spring,No Holiday,Yes,6149028,1,3
1080,24/02/2018,18,3.5,30.0,2.9,1726,-12.4,0.31,0.0,0.0,Winter,No Holiday,Yes,2510099,1,2
1081,16/10/2018,16,19.5,32.0,2.1,1436,2.3,1.1,0.0,0.0,Autumn,No Holiday,Yes,7960544,2,10
1082,11/6/2018,2,19.2,60.0,1.5,2000,11.2,0.0,0.0,0.0,Summer,No Holiday,Yes,2118592,1,6
1083,1/12/2017,11,-0.5,21.0,1.3,1936,-20.2,0.94,0.0,0.0,Winter,No Holiday,Yes,2170771,1,12
1084,2/11/2018,10,10.0,49.0,1.2,1411,-0.2,1.4,0.0,0.0,Autumn,No Holiday,Yes,4064818,1,11
1085,8/7/2018,9,20.8,51.0,1.5,1973,10.2,1.65,0.0,0.0,Summer,No Holiday,Yes,5016746,1,7
1087,28/02/2018,14,,80.0,3.7,348,2.5,0.13,0.0,0.0,Winter,No Holiday,Yes,943421,0,2
1089,26/07/2018,22,29.4,78.0,1.6,1011,25.1,0.0,0.0,0.0,Summer,No Holiday,Yes,9362266,2,7
1091,7/2/2018,20,-5.8,44.0,2.1,1994,-16.1,0.0,0.0,0.0,Winter,No Holiday,Yes,2219381,1,2
1093,15/03/2018,9,14.1,98.0,1.1,253,13.7,0.06,17.0,0.0,Spring,No Holiday,Yes,436743,0,3
1094,29/11/2018,0,2.2,30.0,0.7,1879,-13.6,0.0,0.0,0.0,Autumn,No Holiday,Yes,3428961,1,11
1095,11/11/2018,18,,55.0,2.0,1333,0.3,,0.0,0.0,Autumn,No Holiday,Yes,4226493,1,11
1096,6/1/2018,19,-1.2,37.0,1.2,1663,-14.0,0.0,0.0,0.0,Winter,No Holiday,Yes,1937040,1,1
1097,22/02/2018,11,2.7,44.0,0.9,1761,-8.3,1.45,0.0,0.0,Winter,No Holiday,Yes,2200845,1,2
1098,15/01/2018,9,3.9,86.0,1.7,399,1.7,0.11,0.2,0.0,Winter,No Holiday,Yes,2184835,1,1
1099,17/04/2018,3,7.8,49.0,1.0,1975,-2.2,0.0,0.0,0.0,Spring,No Holiday,Yes,1079420,0,4
1100,7/7/2018,22,22.6,51.0,1.7,2000,11.9,0.0,0.0,0.0,Summer,No Holiday,Yes,10770570,2,7
1102,16/04/2018,6,5.0,70.0,0.7,1739,0.0,0.0,0.0,0.0,Spring,No Holiday,Yes,3033240,1,4
1103,6/1/2018,23,-3.2,50.0,0.8,1429,-12.1,0.0,0.0,0.0,Winter,No Holiday,Yes,1015185,0,1
1104,24/08/2018,1,25.7,80.0,2.0,2000,21.9,0.0,0.2,0.0,Summer,No Holiday,Yes,1746850,0,8
1105,20/11/2018,14,12.3,16.0,2.5,1797,-12.8,1.69,0.0,0.0,Autumn,No Holiday,Yes,4390793,1,11
1106,26/11/2018,1,,84.0,1.0,365,0.6,0.0,0.0,0.3,Autumn,No Holiday,Yes,1357968,1,11
1107,29/03/2018,8,13.3,80.0,1.2,369,9.9,0.14,0.0,0.0,Spring,No Holiday,Yes,7476078,2,3
1108,4/3/2018,19,11.2,81.0,2.3,1614,8.0,0.0,0.0,0.0,Spring,No Holiday,Yes,2447261,1,3
1109,18/04/2018,6,6.2,52.0,0.8,1609,-2.9,0.0,0.0,0.0,Spring,No Holiday,Yes,2547993,1,4
1110,10/3/2018,14,9.2,38.0,2.6,1377,-4.4,2.53,0.0,0.0,Spring,No Holiday,Yes,4892294,1,3
1111,16/08/2018,11,33.5,48.0,2.4,1968,20.9,2.71,0.0,0.0,Summer,No Holiday,Yes,4390318,1,8
1112,27/06/2018,6,19.2,97.0,1.5,157,18.7,0.0,0.0,0.0,Summer,No Holiday,Yes,2607487,1,6
1113,13/08/2018,10,30.6,67.0,0.7,1354,23.7,1.2,0.0,0.0,Summer,No Holiday,Yes,3766542,1,8
1114,13/11/2018,22,8.1,50.0,0.5,2000,-1.7,0.0,0.0,0.0,Autumn,No Holiday,Yes,5901866,2,11
1115,17/09/2018,0,21.0,82.0,1.8,958,17.8,0.0,0.0,0.0,Autumn,No Holiday,Yes,3048763,1,9
1116,16/02/2018,9,-4.3,33.0,0.7,1923,-18.2,0.6,0.0,0.0,Winter,Holiday,Yes,979637,0,2
1118,11/11/2018,11,10.7,68.0,0.4,341,5.0,0.54,0.0,0.0,Autumn,No Holiday,Yes,3701762,1,11
1119,5/5/2018,7,12.9,55.0,2.3,1952,4.0,0.29,,0.0,Spring,No Holiday,Yes,2074899,1,5
1120,28/03/2018,17,17.6,45.0,4.2,1947,5.5,0.7,0.0,0.0,Spring,No Holiday,Yes,6910473,2,3
1121,11/6/2018,12,23.2,52.0,1.2,2000,12.7,0.82,0.0,0.0,Summer,No Holiday,Yes,7096303,2,6
1122,6/1/2018,3,-5.6,56.0,1.0,1367,-13.0,0.0,0.0,0.0,Winter,No Holiday,Yes,989964,0,1
1123,16/04/2018,17,18.7,21.0,,1871,-4.1,1.65,0.0,0.0,Spring,No Holiday,Yes,9826804,2,4
1124,7/9/2018,8,20.5,78.0,2.5,1250,16.5,0.32,0.0,0.0,Autumn,No Holiday,Yes,11465762,2,9
1125,30/10/2018,19,8.0,52.0,,2000,-1.2,0.0,0.0,0.0,Autumn,No Holiday,Yes,7576944,2,10
1126,26/12/2017,3,-2.6,70.0,1.0,1992,-7.3,0.0,0.0,0.0,Winter,No Holiday,Yes,648220,0,12
1127,29/04/2018,14,21.6,28.0,3.3,1172,2.2,2.93,0.0,0.0,Spring,No Holiday,Yes,9989179,2,4
1128,23/03/2018,9,3.3,72.0,1.4,618,-1.2,,0.0,0.0,Spring,No Holiday,Yes,3436813,1,3
1129,4/11/2018,2,8.2,62.0,0.2,1415,1.3,0.0,0.0,0.0,Autumn,No Holiday,Yes,2305814,1,11
1130,21/01/2018,11,1.9,25.0,1.0,1493,-16.1,0.78,,0.0,Winter,No Holiday,Yes,1202595,1,1
1132,15/06/2018,2,20.1,67.0,1.1,2000,13.7,0.0,0.1,0.0,Summer,No Holiday,Yes,2118551,1,6
1133,16/07/2018,19,31.2,52.0,2.4,1990,20.1,0.57,0.0,0.0,Summer,No Holiday,Yes,12115465,2,7
1134,20/05/2018,12,18.8,31.0,1.2,2000,1.2,0.92,0.0,0.0,Spring,No Holiday,Yes,7735441,2,5
1135,29/10/2018,6,4.7,76.0,0.6,2000,0.8,0.0,0.0,0.0,Autumn,No Holiday,Yes,2637374,1,10
1136,18/04/2018,15,19.0,21.0,3.3,1716,-3.8,,0.0,0.0,Spring,No Holiday,Yes,6407674,2,4
1137,30/03/2018,13,20.3,27.0,1.4,1464,0.6,,0.0,0.0,Spring,No Holiday,Yes,4877678,1,3
1138,10/3/2018,13,8.2,42.0,3.1,1261,-3.9,,,0.0,Spring,No Holiday,Yes,4694067,1,3
1139,23/05/2018,9,16.0,60.0,1.9,1992,8.2,1.98,,0.0,Spring,No Holiday,Yes,6039719,2,5
1140,24/05/2018,18,22.6,39.0,2.8,1655,7.9,1.1,0.0,0.0,Spring,No Holiday,Yes,14772314,2,5
1141,20/01/2018,4,-0.7,65.0,0.6,1226,-6.4,0.0,0.0,0.0,Winter,No Holiday,Yes,1012914,0,1
1142,22/08/2018,16,37.4,35.0,1.3,2000,19.3,2.0,0.0,0.0,Summer,No Holiday,Yes,5766783,1,8
1143,15/08/2018,12,36.5,41.0,1.1,1807,21.1,2.73,0.0,0.0,Summer,Holiday,Yes,3534892,1,8
1144,30/03/2018,18,17.4,57.0,3.1,657,8.7,0.52,0.0,0.0,Spring,No Holiday,Yes,10280504,2,3
1145,23/07/2018,17,34.8,49.0,3.0,1866,22.5,,0.0,0.0,Summer,No Holiday,Yes,7138752,2,7
1146,13/09/2018,0,21.9,62.0,1.0,1822,14.2,0.0,0.0,0.0,Autumn,No Holiday,Yes,5193457,1,9
1147,18/10/2018,10,13.7,57.0,1.2,2000,5.3,1.33,0.0,0.0,Autumn,No Holiday,Yes,4210167,1,10
1148,19/03/2018,2,6.6,86.0,0.6,416,4.4,0.0,0.0,0.0,Spring,No Holiday,Yes,1125187,0,3
1149,28/04/2018,12,20.5,31.0,2.5,1485,2.7,3.18,0.0,0.0,Spring,No Holiday,Yes,7379854,2,4
1150,26/02/2018,19,5.5,30.0,2.7,1150,-10.7,,0.0,0.0,Winter,No Holiday,Yes,3426891,1,2
1151,12/7/2018,11,27.4,78.0,2.3,1164,23.2,1.11,0.0,0.0,Summer,No Holiday,Yes,4764959,1,7
1152,18/11/2018,20,7.4,50.0,,1499,-2.3,0.0,0.0,0.0,Autumn,No Holiday,Yes,3985620,1,11
1153,7/10/2018,7,14.3,89.0,0.6,1165,12.5,0.03,0.0,0.0,Autumn,No Holiday,Yes,1892720,1,10
1155,23/12/2017,15,8.6,64.0,1.5,269,2.1,0.57,0.0,0.0,Winter,No Holiday,Yes,2984883,1,12
1156,23/01/2018,4,-9.5,49.0,4.3,2000,-18.2,0.0,0.0,1.0,Winter,No Holiday,Yes,341523,0,1
1157,14/04/2018,23,,77.0,3.8,1662,4.5,0.0,0.0,0.0,Spring,No Holiday,Yes,2927611,1,4
1158,19/08/2018,21,27.9,61.0,0.7,2000,19.6,0.0,0.0,0.0,Summer,No Holiday,Yes,9772822,2,8
1159,7/1/2018,5,-5.6,58.0,0.7,1350,-12.5,,0.0,0.0,Winter,No Holiday,Yes,543314,0,1
1160,13/06/2018,22,21.6,66.0,1.2,1438,14.9,0.0,0.0,0.0,Summer,No Holiday,Yes,10771957,2,6
1161,16/10/2018,17,18.4,38.0,1.8,1565,3.8,0.5,0.0,0.0,Autumn,No Holiday,Yes,9447378,2,10
1162,16/04/2018,7,5.0,67.0,1.0,1774,-0.6,0.18,0.0,0.0,Spring,No Holiday,Yes,6234675,1,4
1163,2/4/2018,14,23.0,42.0,3.4,1315,9.3,2.1,0.0,0.0,Spring,No Holiday,Yes,5454079,1,4
1164,19/01/2018,21,0.5,52.0,0.8,1595,-8.2,0.0,0.0,0.0,Winter,No Holiday,Yes,2331417,1,1
1165,5/7/2018,4,23.5,80.0,0.4,924,19.8,0.0,0.0,0.0,Summer,No Holiday,Yes,2137027,1,7
1166,21/11/2018,18,5.4,58.0,0.2,2000,-2.2,0.0,0.0,0.0,Autumn,No Holiday,Yes,8578752,2,11
1167,6/8/2018,8,28.7,86.0,1.4,532,26.1,0.32,0.5,0.0,Summer,No Holiday,Yes,4486611,1,8
1168,3/11/2018,13,17.8,29.0,2.0,1328,-0.4,2.17,0.0,0.0,Autumn,No Holiday,No,672353,0,11
1169,1/4/2018,22,16.7,83.0,2.4,416,13.7,0.0,,0.0,Spring,No Holiday,Yes,4691072,1,4
1170,14/11/2018,11,12.1,49.0,0.8,1827,1.6,1.61,0.0,0.0,Autumn,No Holiday,Yes,4596667,1,11
1171,22/08/2018,7,24.3,74.0,0.6,1999,19.3,,0.0,0.0,Summer,No Holiday,Yes,7821449,2,8
1172,27/05/2018,2,19.0,62.0,1.8,974,11.5,0.0,0.0,0.0,Spring,No Holiday,Yes,3056714,1,5
1173,28/10/2018,15,12.2,67.0,3.3,2000,6.2,0.86,0.0,0.0,Autumn,No Holiday,Yes,5183762,1,10
1174,16/12/2017,12,,,1.9,0,-8.6,1.93,5.4,0.1,Winter,No Holiday,Yes,267264,0,12
1175,20/02/2018,16,5.1,17.0,3.4,2000,-18.0,1.2,,0.0,Winter,No Holiday,Yes,2832544,1,2
1176,23/10/2018,15,16.6,68.0,1.5,955,10.6,1.55,0.0,0.0,Autumn,No Holiday,Yes,6058163,1,10
1177,4/1/2018,13,-2.0,32.0,1.0,1864,-16.5,0.91,,0.0,Winter,No Holiday,Yes,1865488,1,1
1178,17/11/2018,8,0.7,72.0,1.0,1397,-3.7,0.05,0.0,0.0,Autumn,No Holiday,Yes,3151702,1,11
1180,17/10/2018,13,17.7,25.0,2.1,1917,-2.6,2.48,0.0,0.0,Autumn,No Holiday,Yes,6191459,2,10
1181,21/12/2017,18,1.7,64.0,1.3,1140,-4.3,0.0,0.0,0.8,Winter,No Holiday,Yes,2945487,1,12
1182,13/07/2018,20,28.2,76.0,2.2,1888,23.5,,0.0,0.0,Summer,No Holiday,Yes,11376438,2,7
1183,29/09/2018,19,22.5,43.0,0.4,2000,9.2,0.0,0.0,0.0,Autumn,No Holiday,Yes,11182516,2,9
1184,6/1/2018,4,-5.9,61.0,1.1,1260,-12.2,0.0,0.0,0.0,Winter,No Holiday,Yes,871615,0,1
1185,6/2/2018,7,-12.7,41.0,3.7,1982,-23.2,0.0,0.0,0.0,Winter,No Holiday,Yes,1540627,1,2
1186,19/11/2018,22,5.3,39.0,2.3,1512,-7.5,0.0,0.0,0.0,Autumn,No Holiday,Yes,5091721,1,11
1187,3/1/2018,23,-5.9,54.0,0.8,1968,-13.7,0.0,0.0,0.0,Winter,No Holiday,Yes,1237298,0,1
1188,14/01/2018,19,3.9,54.0,1.1,1102,-4.5,0.0,0.0,0.0,Winter,No Holiday,Yes,1640086,1,1
1189,2/12/2017,21,4.1,55.0,1.2,1448,-4.1,0.0,0.0,0.0,Winter,No Holiday,Yes,2760959,1,12
1190,18/12/2017,20,3.3,65.0,3.2,1172,-2.6,0.0,0.0,2.7,Winter,No Holiday,Yes,1641519,0,12
1192,30/11/2018,21,2.6,39.0,0.3,1968,-9.9,0.0,0.0,0.0,Autumn,No Holiday,Yes,3709649,1,11
1193,20/05/2018,8,14.1,38.0,1.0,2000,0.0,0.72,0.0,0.0,Spring,No Holiday,Yes,3127177,1,5
1194,8/6/2018,10,21.9,62.0,1.7,1664,14.2,1.36,0.0,0.0,Summer,No Holiday,Yes,5950439,1,6
1195,14/05/2018,15,24.0,59.0,1.6,353,15.4,2.24,0.0,0.0,Spring,No Holiday,Yes,6831472,2,5
1196,21/05/2018,4,12.4,,0.8,2000,-3.4,0.0,0.0,0.0,Spring,No Holiday,Yes,699243,0,5
1197,14/06/2018,17,24.6,57.0,1.0,1866,15.5,0.45,0.0,0.0,Summer,No Holiday,Yes,10131534,2,6
1198,16/07/2018,14,19.0,,4.7,1968,-23.2,1.85,0.0,0.8,Summer,Holiday,Yes,7326559,2,7
1199,23/11/2018,18,3.9,23.0,,2000,-15.4,0.0,0.0,0.0,Autumn,No Holiday,Yes,8755504,2,11
1200,22/09/2018,7,18.1,96.0,0.9,557,17.4,,0.0,0.0,Autumn,No Holiday,Yes,2631852,1,9
1201,16/01/2018,0,,67.0,1.2,387,-3.6,0.0,0.0,0.0,Winter,No Holiday,Yes,1966097,1,1
1202,19/07/2018,23,27.2,78.0,1.9,1601,23.0,0.0,0.0,0.0,Summer,No Holiday,Yes,7909973,2,7
1204,9/9/2018,17,27.7,33.0,1.1,2000,9.9,1.21,0.0,0.0,Autumn,No Holiday,Yes,11304733,2,9
1205,17/09/2018,22,20.8,65.0,,2000,13.9,0.0,0.0,0.0,Autumn,No Holiday,Yes,10900480,2,9
1206,27/05/2018,7,17.6,,1.4,1219,8.7,0.34,0.0,0.0,Spring,No Holiday,Yes,2246623,1,5
1207,30/05/2018,13,24.0,56.0,2.6,1282,14.6,2.94,0.0,0.0,Spring,No Holiday,Yes,6707914,2,5
1208,3/12/2017,9,3.5,91.0,1.8,231,2.1,0.02,2.5,0.0,Winter,No Holiday,Yes,1071329,0,12
1209,12/7/2018,9,26.5,82.0,2.7,815,23.1,0.57,0.0,0.0,Summer,No Holiday,Yes,5668763,1,7
1210,8/5/2018,9,18.5,51.0,,1955,8.1,1.74,0.0,0.0,Spring,No Holiday,Yes,5794988,2,5
1211,29/03/2018,2,12.9,83.0,1.6,369,10.0,0.0,0.0,0.0,Spring,No Holiday,Yes,1893120,1,3
1212,28/10/2018,9,7.3,90.0,1.1,1889,5.7,0.12,2.5,0.0,Autumn,No Holiday,Yes,1331536,0,10
1213,29/03/2018,3,12.7,80.0,0.4,384,9.3,0.0,0.0,0.0,Spring,No Holiday,Yes,1759946,0,3
1214,31/03/2018,5,9.8,73.0,0.8,1098,5.1,,0.0,0.0,Spring,No Holiday,Yes,909520,0,3
1215,21/02/2018,20,-1.1,43.0,1.5,2000,-12.1,0.0,0.0,0.0,Winter,No Holiday,Yes,2502847,1,2
1216,22/01/2018,4,0.0,32.0,0.4,2000,-14.7,0.0,0.0,0.0,Winter,No Holiday,Yes,780135,0,1
1217,6/5/2018,3,16.2,94.0,1.7,400,15.2,0.0,1.5,0.0,Spring,No Holiday,Yes,488483,0,5
1218,13/09/2018,4,20.7,69.0,1.3,2000,14.8,0.0,0.0,0.0,Autumn,No Holiday,Yes,1285396,1,9
1219,21/02/2018,21,-1.6,52.0,2.2,2000,-10.1,0.0,0.0,0.0,Winter,No Holiday,Yes,2631845,1,2
1220,3/2/2018,3,-4.4,80.0,4.3,346,-7.3,,0.1,0.1,Winter,No Holiday,Yes,872194,0,2
1221,5/7/2018,10,25.6,75.0,1.1,1028,20.8,1.22,0.0,0.0,Summer,No Holiday,Yes,5060247,1,7
1223,6/1/2018,13,0.9,28.0,2.4,1895,-15.6,1.18,0.0,0.0,Winter,No Holiday,Yes,2067070,1,1
1224,5/7/2018,2,23.6,80.0,,879,19.9,0.0,0.0,0.0,Summer,No Holiday,Yes,3883184,1,7
1225,31/01/2018,13,-0.8,39.0,2.6,1853,-13.0,0.54,0.0,2.8,Winter,No Holiday,Yes,1102579,0,1
1226,7/9/2018,16,25.2,39.0,2.8,1987,10.2,1.65,0.0,0.0,Autumn,No Holiday,Yes,9044692,2,9
1227,14/12/2017,6,-11.0,55.0,0.8,1541,-18.2,0.0,0.0,0.0,Winter,No Holiday,Yes,1296977,0,12
1228,8/12/2017,1,-3.7,50.0,2.5,1902,-12.6,0.0,0.0,0.0,Winter,No Holiday,Yes,1957455,1,12
1229,4/8/2018,22,28.6,74.0,2.5,1804,23.5,0.0,0.0,0.0,Summer,No Holiday,Yes,7526593,2,8
1230,29/12/2017,7,0.9,67.0,0.6,658,-4.5,0.0,,0.0,Winter,No Holiday,Yes,1856057,1,12
1231,6/6/2018,7,19.3,63.0,0.7,916,12.0,0.46,0.0,0.0,Summer,Holiday,Yes,2988028,1,6
1232,15/07/2018,0,26.0,82.0,1.9,1674,22.6,0.0,0.0,0.0,Summer,No Holiday,Yes,6315664,2,7
1233,27/07/2018,19,32.0,68.0,3.0,1286,25.3,0.38,0.0,0.0,Summer,No Holiday,Yes,8903001,2,7
1234,7/10/2018,4,15.1,90.0,1.2,850,13.4,0.0,0.0,0.0,Autumn,No Holiday,Yes,1439535,1,10
1235,10/10/2018,9,12.0,72.0,3.3,1650,7.0,,0.0,0.0,Autumn,No Holiday,Yes,5939833,2,10
1236,5/1/2018,20,-3.4,51.0,1.1,1391,-12.1,0.0,0.0,0.0,Winter,No Holiday,Yes,2300380,1,1
1237,10/11/2018,19,12.1,67.0,1.5,430,6.1,0.0,0.0,0.0,Autumn,No Holiday,Yes,5631974,1,11
1238,23/11/2018,21,2.2,28.0,0.8,2000,-14.4,0.0,0.0,0.0,Autumn,No Holiday,Yes,4279388,1,11
1240,17/03/2018,7,0.5,64.0,0.8,2000,-5.5,0.01,0.0,0.0,Spring,No Holiday,Yes,1329233,1,3
1241,8/4/2018,9,5.1,46.0,2.7,1888,-5.5,1.34,0.0,0.0,Spring,No Holiday,Yes,2439701,1,4
1242,22/09/2018,15,25.4,32.0,3.8,1980,7.4,2.42,0.0,0.0,Autumn,No Holiday,Yes,9956392,2,9
1243,7/1/2018,10,-1.8,40.0,1.8,1555,-13.6,0.48,0.0,0.0,Winter,No Holiday,Yes,1584462,0,1
1244,13/01/2018,22,-4.3,81.0,,435,-7.0,0.0,0.0,0.0,Winter,No Holiday,Yes,1278006,0,1
1245,16/08/2018,3,27.9,68.0,0.6,2000,21.4,0.0,0.0,0.0,Summer,No Holiday,Yes,2130416,1,8
1246,16/11/2018,5,6.9,66.0,0.5,698,0.9,0.0,0.0,0.0,Autumn,No Holiday,Yes,1485834,0,11
1247,25/08/2018,13,28.6,54.0,2.9,1925,18.3,1.85,0.0,0.0,Summer,No Holiday,Yes,6938013,2,8
1248,13/04/2018,3,9.9,27.0,1.3,2000,-8.2,0.0,0.0,0.0,Spring,No Holiday,Yes,1568363,0,4
1249,24/09/2018,0,17.2,50.0,1.7,2000,6.6,,0.0,0.0,Autumn,Holiday,Yes,3647844,1,9
1250,2/8/2018,13,36.7,44.0,1.4,1765,22.4,1.9,0.0,0.0,Summer,No Holiday,Yes,3445121,1,8
1251,15/07/2018,12,30.1,58.0,1.6,1491,20.9,2.15,0.0,0.0,Summer,No Holiday,Yes,5095066,1,7
1252,30/09/2018,23,14.1,53.0,2.1,2000,4.6,0.0,0.0,0.0,Autumn,No Holiday,No,638372,0,9
1253,3/12/2017,16,7.6,77.0,1.6,399,3.8,0.2,,0.0,Winter,No Holiday,Yes,3723420,1,12
1254,10/3/2018,2,1.6,79.0,0.9,685,-1.6,0.0,0.0,0.0,Spring,No Holiday,Yes,1997202,1,3
1255,9/9/2018,21,22.2,57.0,1.2,2000,13.2,0.0,0.0,0.0,Autumn,No Holiday,Yes,9962832,2,9
1256,12/9/2018,18,,44.0,1.4,2000,13.6,0.62,0.0,0.0,Autumn,No Holiday,Yes,17081397,2,9
1257,19/02/2018,13,5.1,41.0,1.8,1097,-7.0,1.03,0.0,0.0,Winter,No Holiday,Yes,2001232,1,2
1258,22/02/2018,14,4.8,50.0,4.3,1168,-4.7,1.01,0.0,0.0,Winter,No Holiday,Yes,2134141,1,2
1259,26/12/2017,17,-3.6,20.0,3.7,2000,-23.3,0.23,0.0,0.0,Winter,No Holiday,Yes,2242259,1,12
1260,19/09/2018,9,21.5,61.0,0.8,1774,13.6,0.92,0.0,0.0,Autumn,No Holiday,No,764546,0,9
1261,20/10/2018,13,19.4,26.0,1.1,1942,-0.6,2.45,0.0,0.0,Autumn,No Holiday,Yes,8895848,2,10
1262,13/07/2018,23,26.2,84.0,1.0,1646,23.2,0.0,0.0,0.0,Summer,No Holiday,Yes,8045246,2,7
1263,8/4/2018,6,0.9,52.0,1.1,2000,-7.8,,0.0,0.0,Spring,No Holiday,Yes,1372714,0,4
1267,13/01/2018,7,-6.5,68.0,0.6,571,-11.4,0.0,0.0,0.0,Winter,No Holiday,Yes,786476,0,1
1268,29/08/2018,6,,85.0,,2000,22.0,0.0,0.0,0.0,Summer,No Holiday,Yes,2642367,1,8
1269,23/02/2018,13,6.7,64.0,2.0,241,0.3,1.94,0.0,0.6,Winter,No Holiday,Yes,2131657,1,2
1270,19/06/2018,0,21.5,63.0,1.0,1740,14.1,0.0,0.0,0.0,Summer,No Holiday,Yes,6519249,2,6
1271,8/9/2018,23,20.7,52.0,1.4,2000,10.4,0.0,0.0,0.0,Autumn,No Holiday,Yes,6085163,2,9
1273,2/5/2018,11,18.0,85.0,1.1,411,15.4,0.45,0.0,0.0,Spring,No Holiday,Yes,1446914,1,5
1274,30/01/2018,4,-11.1,50.0,1.2,1986,-19.4,,0.0,0.0,Winter,No Holiday,Yes,306159,0,1
1275,30/07/2018,2,28.0,57.0,1.2,2000,18.6,0.0,0.0,0.0,Summer,No Holiday,Yes,2631025,1,7
1276,24/08/2018,11,26.2,76.0,2.6,1995,21.6,0.88,0.0,0.0,Summer,No Holiday,Yes,2799684,1,8
1277,5/6/2018,16,28.8,38.0,3.1,1027,13.0,2.14,0.0,0.0,Summer,No Holiday,Yes,7860330,2,6
1278,16/10/2018,10,14.4,45.0,0.6,1206,2.6,,0.0,0.0,Autumn,No Holiday,Yes,5007322,1,10
1279,31/07/2018,19,34.9,47.0,2.4,2000,21.9,0.42,0.0,0.0,Summer,No Holiday,Yes,10465836,2,7
1280,23/06/2018,16,28.3,48.0,3.1,1232,16.2,2.41,0.0,0.0,Summer,No Holiday,Yes,10517228,2,6
1281,20/08/2018,5,25.7,68.0,0.8,1395,19.3,0.0,0.0,0.0,Summer,No Holiday,Yes,1591820,1,8
1283,22/02/2018,7,-3.7,64.0,0.7,1891,-9.5,0.0,0.0,0.0,Winter,No Holiday,Yes,2229926,1,2
1284,18/01/2018,22,0.7,45.0,2.0,1084,-9.9,0.0,0.0,0.0,Winter,No Holiday,Yes,2614649,1,1
1285,7/8/2018,21,30.3,69.0,2.2,1834,23.9,0.0,0.0,0.0,Summer,No Holiday,Yes,9660323,2,8
1287,6/1/2018,0,-4.3,52.0,1.6,1247,-12.7,0.0,0.0,0.0,Winter,No Holiday,Yes,1302790,0,1
1288,13/04/2018,21,16.4,24.0,2.9,1983,-4.2,0.0,0.0,0.0,Spring,No Holiday,Yes,7278205,2,4
1289,11/11/2018,21,8.0,51.0,0.5,1989,-1.5,,0.0,0.0,Autumn,No Holiday,Yes,4157331,1,11
1290,28/02/2018,9,6.2,55.0,2.4,478,-2.1,0.13,0.0,0.0,Winter,No Holiday,Yes,2866880,1,2
1291,4/8/2018,20,30.2,66.0,2.8,2000,23.1,,0.0,0.0,Summer,No Holiday,Yes,8010514,2,8
1292,2/2/2018,23,-2.6,69.0,2.0,1434,-7.5,0.0,0.0,0.0,Winter,No Holiday,Yes,1391406,0,2
1293,23/08/2018,14,30.5,59.0,2.0,2000,21.5,0.84,0.1,0.0,Summer,No Holiday,Yes,4416508,1,8
1294,18/04/2018,8,8.3,36.0,0.6,1335,-5.9,0.82,0.0,0.0,Spring,No Holiday,Yes,9355822,2,4
1295,12/8/2018,13,34.0,47.0,1.4,2000,21.0,2.24,0.0,0.0,Summer,No Holiday,Yes,4661885,1,8
1296,30/08/2018,2,24.7,96.0,1.0,337,24.0,0.0,6.5,0.0,Summer,No Holiday,Yes,615586,0,8
1297,19/03/2018,12,10.2,58.0,3.5,2000,2.2,0.32,0.0,0.0,Spring,No Holiday,Yes,2458961,1,3
1298,17/09/2018,12,25.2,50.0,1.7,1710,14.0,2.83,0.0,0.0,Autumn,No Holiday,Yes,5634425,2,9
1299,1/1/2018,2,-3.7,42.0,0.9,2000,-14.7,0.0,0.0,0.0,Winter,Holiday,Yes,1634254,0,1
1300,22/06/2018,12,29.8,28.0,1.3,1777,9.3,3.21,0.0,0.0,Summer,No Holiday,Yes,5867378,2,6
1301,7/7/2018,16,28.9,44.0,,1998,15.4,2.2,,0.0,Summer,No Holiday,Yes,9062479,2,7
1303,11/12/2017,19,-8.6,45.0,3.9,2000,-18.4,0.0,0.0,0.0,Winter,No Holiday,Yes,2617812,1,12
1305,10/3/2018,11,5.7,58.0,2.3,700,-1.9,2.08,0.0,0.0,Spring,No Holiday,Yes,3150245,1,3
1306,9/9/2018,19,24.1,56.0,2.5,2000,14.7,0.04,0.0,0.0,Autumn,No Holiday,Yes,10742516,2,9
1307,18/12/2017,9,-4.3,89.0,1.0,59,-5.8,,1.6,4.0,Winter,No Holiday,Yes,953532,0,12
1308,8/5/2018,7,15.3,60.0,2.0,2000,7.5,0.35,0.0,0.0,Spring,No Holiday,Yes,7098436,2,5
1309,23/02/2018,23,5.5,80.0,2.7,258,2.3,0.0,0.0,0.0,Winter,No Holiday,Yes,2195485,1,2
1310,19/09/2018,18,24.0,55.0,2.2,1691,14.3,,,0.0,Autumn,No Holiday,No,401892,0,9
1311,29/10/2018,16,11.3,41.0,3.6,2000,-1.4,0.94,0.0,0.0,Autumn,No Holiday,Yes,5541907,1,10
1312,29/04/2018,20,16.9,42.0,2.7,942,3.8,0.0,0.0,0.0,Spring,No Holiday,Yes,8525780,2,4
1313,1/11/2018,23,7.8,63.0,0.4,1547,1.1,0.0,0.0,0.0,Autumn,No Holiday,Yes,4826954,1,11
1314,19/09/2018,5,19.3,73.0,0.9,1782,14.3,0.0,0.0,0.0,Autumn,No Holiday,No,105856,0,9
1315,14/07/2018,23,26.6,80.0,2.0,1527,22.8,0.0,0.0,0.0,Summer,No Holiday,Yes,7141754,2,7
1316,16/02/2018,13,3.5,17.0,3.2,1971,-19.3,2.2,0.0,0.0,Winter,Holiday,Yes,1338973,0,2
1317,4/11/2018,4,6.9,70.0,1.5,1314,1.7,0.0,0.0,0.0,Autumn,No Holiday,Yes,1408545,0,11
1318,22/02/2018,23,2.9,63.0,2.6,1253,-3.4,0.0,0.0,0.0,Winter,No Holiday,Yes,1653649,1,2
1319,6/3/2018,9,1.2,62.0,0.8,1338,-5.2,,0.0,0.0,Spring,No Holiday,Yes,3717517,1,3
1320,8/7/2018,12,25.0,46.0,1.9,1943,12.5,2.93,0.0,0.0,Summer,No Holiday,Yes,7120629,2,7
1321,18/04/2018,4,7.2,49.0,0.8,1546,-2.8,0.0,0.0,0.0,Spring,No Holiday,Yes,930581,0,4
1322,20/12/2017,18,-1.4,79.0,1.6,702,-4.5,0.0,0.1,2.2,Winter,No Holiday,Yes,2235446,1,12
1325,26/11/2018,13,11.7,50.0,1.4,609,1.6,1.74,0.0,0.0,Autumn,No Holiday,Yes,3933069,1,11
1326,9/12/2017,7,-5.5,56.0,0.8,1950,-12.9,0.0,,0.0,Winter,No Holiday,Yes,1416309,0,12
1328,12/1/2018,4,-14.3,45.0,2.0,2000,-23.6,0.0,0.0,0.0,Winter,No Holiday,Yes,335881,0,1
1329,15/11/2018,16,15.4,34.0,1.4,1016,-0.4,0.68,0.0,0.0,Autumn,No Holiday,Yes,6162811,2,11
1330,16/03/2018,1,,83.0,2.1,2000,4.4,0.0,0.0,0.0,Spring,No Holiday,Yes,2323374,1,3
1331,23/08/2018,4,29.3,54.0,1.0,2000,19.0,0.0,0.0,0.0,Summer,No Holiday,Yes,1801397,0,8
1332,4/2/2018,15,-6.4,30.0,4.9,1939,-21.1,1.89,0.0,0.0,Winter,No Holiday,Yes,1797540,0,2
1333,16/02/2018,20,0.2,61.0,1.9,1956,-6.4,0.0,0.0,0.0,Winter,Holiday,Yes,1035089,0,2
1334,24/10/2018,9,10.1,72.0,1.1,728,5.2,0.9,0.0,0.0,Autumn,No Holiday,Yes,5852661,2,10
1335,25/05/2018,9,19.5,44.0,1.3,995,6.9,1.88,0.0,0.0,Spring,No Holiday,Yes,6312424,2,5
1336,6/5/2018,16,19.5,66.0,1.7,2000,12.9,1.71,0.0,0.0,Spring,No Holiday,Yes,7875861,2,5
1337,23/12/2017,14,8.6,63.0,1.6,263,1.9,0.72,0.0,0.0,Winter,No Holiday,Yes,3002312,1,12
1338,20/09/2018,16,19.5,75.0,2.1,2000,14.9,0.38,0.0,0.0,Autumn,No Holiday,Yes,5382002,1,9
1339,8/4/2018,10,6.3,39.0,2.8,2000,-6.6,1.55,,0.0,Spring,No Holiday,Yes,3110339,1,4
1340,15/09/2018,16,24.4,74.0,0.6,1996,19.4,0.13,,0.0,Autumn,No Holiday,Yes,6783559,2,9
1341,8/1/2018,9,0.8,47.0,0.9,1070,-9.2,0.05,0.0,0.0,Winter,No Holiday,Yes,2238613,1,1
1342,11/5/2018,13,20.8,45.0,2.8,688,8.4,,0.0,0.0,Spring,No Holiday,Yes,6385385,2,5
1343,5/3/2018,18,8.1,47.0,1.7,2000,-2.5,0.34,0.0,0.0,Spring,No Holiday,Yes,6680682,2,3
1344,3/9/2018,15,25.7,81.0,,1825,22.1,0.43,0.0,0.0,Autumn,No Holiday,Yes,1049609,0,9
1346,30/11/2018,16,7.2,23.0,1.5,1945,-12.6,,0.0,0.0,Autumn,No Holiday,Yes,4774822,1,11
1347,19/02/2018,1,-1.4,42.0,,1805,-12.6,0.0,0.0,0.0,Winter,No Holiday,Yes,1174250,0,2
1348,26/03/2018,22,10.7,58.0,1.4,600,2.7,0.0,0.0,0.0,Spring,No Holiday,Yes,4157344,1,3
1349,27/12/2017,4,-9.1,33.0,2.3,2000,-22.4,0.0,0.0,0.0,Winter,No Holiday,Yes,491700,0,12
1350,16/05/2018,21,21.8,97.0,1.3,160,21.2,0.0,,0.0,Spring,No Holiday,Yes,2847497,1,5
1352,1/1/2018,1,-3.3,41.0,0.7,2000,-14.7,0.0,,0.0,Winter,Holiday,Yes,1800227,1,1
1353,9/5/2018,8,12.3,53.0,1.6,2000,2.9,1.09,,0.0,Spring,No Holiday,Yes,10854995,2,5
1354,17/10/2018,10,14.0,58.0,1.6,841,5.8,1.53,0.0,0.0,Autumn,No Holiday,Yes,4682600,1,10
1355,25/11/2018,17,9.0,59.0,0.7,677,1.4,0.1,0.0,0.4,Autumn,No Holiday,Yes,5282724,1,11
1356,17/09/2018,6,18.8,88.0,1.2,798,16.7,0.0,0.0,0.0,Autumn,No Holiday,Yes,3974786,1,9
1357,10/12/2017,13,3.3,87.0,1.1,230,1.3,0.54,0.0,2.1,Winter,No Holiday,Yes,1361757,0,12
1358,8/8/2018,2,28.3,84.0,2.1,1099,25.3,0.0,0.0,0.0,Summer,No Holiday,Yes,2774566,1,8
1359,3/1/2018,9,-6.8,44.0,1.7,1858,-17.0,0.16,,0.0,Winter,No Holiday,Yes,2795082,1,1
1361,16/02/2018,15,4.0,26.0,3.5,2000,-13.8,1.75,0.0,0.0,Winter,Holiday,Yes,1651729,1,2
1362,10/6/2018,7,18.4,68.0,0.6,2000,12.3,,0.0,0.0,Summer,No Holiday,Yes,2203184,1,6
1363,24/01/2018,12,-12.2,26.0,4.0,2000,-27.8,,0.0,0.9,Winter,No Holiday,Yes,1076558,0,1
1364,17/04/2018,2,8.4,45.0,0.9,1987,-2.8,0.0,0.0,0.0,Spring,No Holiday,Yes,2149596,1,4
1365,21/08/2018,2,27.6,60.0,4.3,1854,19.1,,0.0,0.0,Summer,No Holiday,Yes,2053590,1,8
1366,28/10/2018,11,9.4,86.0,,1220,7.1,0.75,0.0,0.0,Autumn,No Holiday,Yes,2932333,1,10
1368,26/06/2018,17,24.0,95.0,5.0,362,23.1,0.07,2.0,0.0,Summer,No Holiday,Yes,1413912,0,6
1369,8/8/2018,3,28.3,84.0,,1006,25.3,0.0,0.0,0.0,Summer,No Holiday,Yes,2004256,1,8
1371,13/12/2017,1,-10.2,52.0,1.6,1997,-18.2,0.0,0.0,0.0,Winter,No Holiday,Yes,1253944,0,12
1372,29/06/2018,15,28.4,63.0,2.8,742,20.6,2.47,0.0,0.0,Summer,No Holiday,Yes,7547376,2,6
1373,27/06/2018,3,19.4,97.0,2.9,282,18.9,0.0,0.0,0.0,Summer,No Holiday,Yes,1530877,0,6
1375,24/02/2018,16,5.9,21.0,,1864,-14.8,1.34,0.0,0.0,Winter,No Holiday,Yes,3432083,1,2
1376,30/04/2018,2,14.1,62.0,1.2,502,6.9,0.0,0.0,0.0,Spring,No Holiday,Yes,2201957,1,4
1377,25/01/2018,9,-16.2,33.0,2.9,2000,-28.7,0.19,0.0,0.6,Winter,No Holiday,Yes,1531107,1,1
1378,14/12/2017,14,-2.7,28.0,0.7,1857,-18.7,0.65,0.0,0.0,Winter,No Holiday,Yes,2064034,1,12
1379,25/12/2017,18,-1.6,33.0,2.0,2000,-15.8,0.0,0.0,0.0,Winter,Holiday,Yes,2012838,1,12
1384,21/06/2018,3,20.0,83.0,1.7,607,17.0,0.0,0.0,0.0,Summer,No Holiday,Yes,2703795,1,6
1385,31/03/2018,6,9.4,75.0,0.9,1117,5.1,0.0,0.0,0.0,Spring,No Holiday,Yes,1455089,0,3
1386,28/11/2018,4,3.9,26.0,2.4,1071,-13.9,0.0,0.0,0.0,Autumn,No Holiday,Yes,1062386,0,11
1387,31/10/2018,23,6.4,60.0,1.8,1930,-0.8,0.0,,0.0,Autumn,No Holiday,Yes,4622150,1,10
1388,21/05/2018,5,11.9,,1.3,2000,-2.7,,0.0,0.0,Spring,No Holiday,Yes,1725316,0,5
1389,16/01/2018,18,4.9,59.0,,427,-2.4,0.0,0.0,0.0,Winter,No Holiday,Yes,3837374,1,1
1390,5/9/2018,1,20.9,66.0,1.1,2000,14.3,0.0,0.0,0.0,Autumn,No Holiday,Yes,4673960,1,9
1391,9/6/2018,17,28.2,39.0,2.9,1653,12.9,0.7,0.0,0.0,Summer,No Holiday,Yes,13143449,2,6
1392,26/11/2018,14,12.8,47.0,1.2,648,1.7,1.59,0.0,0.0,Autumn,No Holiday,Yes,4453887,1,11
1394,26/06/2018,16,23.3,96.0,3.4,441,22.6,0.08,,0.0,Summer,No Holiday,Yes,1169535,0,6
1396,30/04/2018,17,24.0,53.0,3.5,536,13.8,1.39,0.0,0.0,Spring,No Holiday,Yes,9179233,2,4
1397,21/06/2018,8,21.4,65.0,1.9,821,14.5,1.15,0.0,0.0,Summer,No Holiday,Yes,13209247,2,6
1398,14/11/2018,2,6.2,59.0,,1584,-1.2,0.0,0.0,0.0,Autumn,No Holiday,Yes,2421466,1,11
1399,30/03/2018,12,19.1,26.0,1.6,1704,-0.8,2.73,0.0,0.0,Spring,No Holiday,Yes,5178259,1,3
1400,3/10/2018,20,18.6,55.0,1.5,2000,9.3,0.0,0.0,0.0,Autumn,Holiday,Yes,9691753,2,10
1401,29/08/2018,15,26.9,77.0,2.5,1937,22.5,0.26,0.0,0.0,Summer,No Holiday,Yes,3295513,1,8
1402,2/9/2018,6,20.2,66.0,1.0,2000,13.6,0.0,0.0,0.0,Autumn,No Holiday,Yes,1567898,1,9
1403,25/08/2018,9,25.3,72.0,2.4,1220,19.8,,0.0,0.0,Summer,No Holiday,Yes,4659136,1,8
1404,25/02/2018,22,0.0,54.0,2.5,1929,-8.2,0.0,0.0,0.0,Winter,No Holiday,Yes,1634872,1,2
1405,14/03/2018,21,16.8,67.0,2.0,1775,10.6,0.0,0.0,0.0,Spring,No Holiday,Yes,6088528,2,3
1406,7/7/2018,10,24.0,49.0,1.7,2000,12.6,2.48,0.0,0.0,Summer,No Holiday,Yes,5957201,1,7
1407,5/7/2018,8,23.6,93.0,0.9,308,22.3,0.21,0.0,0.0,Summer,No Holiday,Yes,10342232,2,7
1408,19/05/2018,9,15.7,49.0,1.6,2000,5.0,2.0,0.0,0.0,Spring,No Holiday,Yes,4996184,1,5
1409,26/11/2018,4,2.2,93.0,1.1,265,1.1,0.0,0.0,0.3,Autumn,No Holiday,Yes,1037107,0,11
1410,11/9/2018,21,22.2,50.0,1.3,2000,11.2,0.0,0.0,0.0,Autumn,No Holiday,Yes,10802748,2,9
1411,12/4/2018,4,7.5,53.0,,1701,-1.4,0.0,0.0,0.0,Spring,No Holiday,Yes,986512,0,4
1412,10/10/2018,15,13.7,44.0,3.9,2000,1.6,0.83,0.0,0.0,Autumn,No Holiday,Yes,6734289,2,10
1413,11/3/2018,15,11.9,26.0,2.8,1338,-7.0,2.34,0.0,0.0,Spring,No Holiday,Yes,7056798,2,3
1414,27/01/2018,7,-15.7,53.0,1.3,1629,-23.1,0.0,0.0,0.3,Winter,No Holiday,Yes,651799,0,1
1415,6/4/2018,12,6.7,71.0,4.6,543,1.8,,0.0,0.0,Spring,No Holiday,Yes,4339177,1,4
1416,12/8/2018,19,32.0,76.0,2.1,692,27.2,0.1,1.0,0.0,Summer,No Holiday,Yes,6494960,2,8
1417,23/03/2018,13,,36.0,2.1,1073,-3.6,2.87,0.0,0.0,Spring,No Holiday,Yes,4137337,1,3
1418,3/7/2018,3,,98.0,0.0,1734,22.4,0.0,0.0,0.0,Summer,No Holiday,Yes,1264301,1,7
1419,18/02/2018,7,-4.6,31.0,1.2,2000,-19.2,0.0,0.0,0.0,Winter,No Holiday,Yes,549674,0,2
1420,12/5/2018,20,15.7,97.0,0.3,343,15.2,0.0,1.0,0.0,Spring,No Holiday,Yes,745769,0,5
1422,8/10/2018,2,11.1,56.0,1.4,2000,2.6,0.0,0.0,0.0,Autumn,No Holiday,Yes,1728000,1,10
1423,22/09/2018,17,24.6,35.0,3.6,1990,8.1,1.2,0.0,0.0,Autumn,No Holiday,Yes,10800210,2,9
1424,12/12/2017,10,-10.5,45.0,3.3,1855,-20.1,0.6,0.0,0.0,Winter,No Holiday,Yes,1086586,0,12
1425,1/12/2017,23,-1.3,84.0,1.0,1265,-3.6,0.0,0.0,0.0,Winter,No Holiday,Yes,2491343,1,12
1426,28/09/2018,0,17.1,52.0,1.4,2000,7.1,0.0,0.0,0.0,Autumn,No Holiday,No,1232311,1,9
1427,17/02/2018,17,0.6,17.0,3.3,2000,-21.7,0.79,0.0,0.0,Winter,Holiday,Yes,1529374,1,2
1428,27/07/2018,14,34.1,57.0,1.8,667,24.3,1.13,0.0,0.0,Summer,No Holiday,Yes,3323045,1,7
1430,13/08/2018,4,27.1,91.0,0.9,585,25.4,0.0,0.0,0.0,Summer,No Holiday,Yes,1219563,0,8
1431,31/05/2018,2,15.2,84.0,0.7,485,12.5,0.0,0.0,0.0,Spring,No Holiday,Yes,2794847,1,5
1432,14/07/2018,4,25.1,82.0,1.5,1336,21.8,0.0,0.0,0.0,Summer,No Holiday,Yes,2267340,1,7
1433,11/3/2018,1,4.8,80.0,1.3,583,1.6,0.0,0.0,0.0,Spring,No Holiday,Yes,2159259,1,3
1434,24/11/2018,6,3.7,25.0,2.3,2000,-14.5,0.0,0.0,0.0,Autumn,No Holiday,Yes,599058,0,11
1436,29/12/2017,14,5.7,54.0,3.5,418,-2.9,0.83,0.0,0.0,Winter,No Holiday,Yes,2845720,1,12
1437,21/08/2018,8,24.0,84.0,3.5,1975,21.1,0.47,0.0,0.0,Summer,No Holiday,Yes,8468059,2,8
1438,27/10/2018,0,9.9,65.0,3.2,2000,3.6,0.0,0.0,0.0,Autumn,No Holiday,Yes,3841835,1,10
1440,22/12/2017,18,4.9,63.0,0.6,677,-1.5,0.0,0.0,0.0,Winter,Holiday,Yes,3997534,1,12
1441,15/06/2018,23,19.6,55.0,1.4,2000,10.3,0.0,0.0,0.0,Summer,No Holiday,Yes,8778035,2,6
1442,1/8/2018,15,39.3,37.0,2.3,1892,21.9,2.82,0.0,0.0,Summer,No Holiday,Yes,3620603,1,8
1443,13/02/2018,7,-7.2,70.0,1.9,1946,-11.7,0.0,0.0,0.0,Winter,No Holiday,Yes,2375659,1,2
1444,12/2/2018,18,-4.4,46.0,3.5,2000,-14.3,0.23,0.0,0.0,Winter,No Holiday,Yes,2602408,1,2
1445,30/01/2018,22,-1.7,85.0,1.2,1006,-3.8,,0.0,3.5,Winter,No Holiday,Yes,1054898,0,1
1446,21/11/2018,0,7.2,74.0,1.2,772,2.8,0.0,,0.0,Autumn,No Holiday,Yes,1334775,0,11
1447,23/07/2018,0,30.6,50.0,2.3,1631,18.9,0.0,0.0,0.0,Summer,No Holiday,Yes,4440891,1,7
1448,5/2/2018,21,-9.8,41.0,3.9,1949,-20.6,0.0,0.0,0.0,Winter,No Holiday,Yes,1882940,0,2
1449,29/07/2018,1,28.0,71.0,0.6,1799,22.2,0.0,,0.0,Summer,No Holiday,Yes,3758584,1,7
1450,4/11/2018,14,19.3,28.0,1.7,1208,0.3,1.93,0.0,0.0,Autumn,No Holiday,Yes,8110378,2,11
1451,22/01/2018,10,1.1,31.0,0.7,1898,-14.1,0.25,0.0,0.0,Winter,No Holiday,Yes,1555252,1,1
1452,10/11/2018,5,9.4,87.0,0.8,279,7.3,0.0,0.0,0.0,Autumn,No Holiday,Yes,994468,0,11
1454,5/12/2017,0,-6.1,42.0,2.6,2000,-16.9,0.0,0.0,0.0,Winter,No Holiday,Yes,1146375,1,12
1455,9/1/2018,8,-6.0,64.0,3.2,1384,-11.7,0.0,0.0,0.7,Winter,No Holiday,Yes,3069434,1,1
1456,16/11/2018,10,9.4,55.0,0.1,570,0.7,0.49,0.0,0.0,Autumn,No Holiday,Yes,4195060,1,11
1457,28/06/2018,18,20.6,97.0,0.7,222,20.1,0.14,21.5,0.0,Summer,No Holiday,Yes,3184243,1,6
1458,9/7/2018,21,20.3,96.0,1.0,1007,19.6,0.0,1.5,0.0,Summer,No Holiday,Yes,1414540,0,7
1459,5/1/2018,21,-3.5,53.0,0.9,1353,-11.7,0.0,0.0,0.0,Winter,No Holiday,Yes,2380748,1,1
1460,10/4/2018,16,20.9,34.0,5.8,2000,4.4,1.37,0.0,0.0,Spring,No Holiday,Yes,5673058,1,4
1462,17/08/2018,17,33.1,27.0,1.9,1975,11.5,1.76,0.0,0.0,Summer,No Holiday,Yes,8967215,2,8
1463,19/03/2018,21,8.0,47.0,3.3,2000,-2.6,0.0,,0.0,Spring,No Holiday,Yes,4606435,1,3
1465,16/09/2018,22,21.4,87.0,2.4,540,19.1,0.0,0.0,0.0,Autumn,No Holiday,Yes,5280240,1,9
1466,16/05/2018,9,22.8,93.0,3.1,569,21.6,0.06,4.0,0.0,Spring,No Holiday,Yes,1353966,0,5
1469,6/1/2018,10,-3.5,39.0,2.0,1946,-15.4,0.54,0.0,0.0,Winter,No Holiday,Yes,1092714,0,1
1471,19/02/2018,0,-1.1,39.0,1.7,1832,-13.3,,0.0,0.0,Winter,No Holiday,Yes,1384727,0,2
1472,17/03/2018,13,,32.0,1.2,1772,-5.1,2.22,0.0,0.0,Spring,No Holiday,Yes,5891288,2,3
1473,30/11/2018,11,5.3,43.0,1.8,1177,-6.2,1.38,0.0,0.0,Autumn,No Holiday,Yes,4044311,1,11
1474,4/4/2018,13,16.7,47.0,1.4,2000,5.3,3.24,0.0,0.0,Spring,No Holiday,Yes,5338339,1,4
1475,11/7/2018,5,24.5,97.0,0.5,229,23.9,0.0,0.5,0.0,Summer,No Holiday,Yes,1422050,0,7
1476,24/03/2018,22,6.5,85.0,2.3,167,4.1,0.0,0.0,0.0,Spring,No Holiday,Yes,2566192,1,3
1477,31/08/2018,7,22.9,83.0,0.6,1127,19.8,0.01,,0.0,Summer,No Holiday,Yes,4394210,1,8
1478,30/10/2018,2,2.1,56.0,0.5,2000,-5.7,0.0,,0.0,Autumn,No Holiday,Yes,1970007,1,10
1479,28/07/2018,6,28.0,85.0,0.8,647,25.2,0.01,0.0,0.0,Summer,No Holiday,Yes,2156044,1,7
1480,7/2/2018,2,-12.5,50.0,1.0,1722,-20.8,0.0,0.0,0.0,Winter,No Holiday,Yes,1046403,0,2
1481,8/6/2018,15,26.2,51.0,3.3,1104,15.2,2.87,0.0,0.0,Summer,No Holiday,Yes,7759434,2,6
1482,22/12/2017,10,1.4,64.0,1.0,897,-4.6,0.25,0.0,0.5,Winter,Holiday,Yes,1555535,1,12
1484,26/06/2018,8,20.8,94.0,1.0,159,19.7,0.05,3.5,0.0,Summer,No Holiday,Yes,666632,0,6
1485,30/05/2018,15,24.3,52.0,3.0,1447,13.8,2.55,0.0,0.0,Spring,No Holiday,Yes,6977386,2,5
1486,4/4/2018,1,14.8,96.0,1.7,209,14.1,0.0,0.0,0.0,Spring,No Holiday,Yes,765924,0,4
1487,4/2/2018,16,,29.0,3.6,1979,-20.6,1.4,0.0,0.0,Winter,No Holiday,Yes,1606443,0,2
1488,6/3/2018,20,6.1,31.0,2.8,2000,-9.8,0.0,0.0,0.0,Spring,No Holiday,Yes,3737246,1,3
1489,30/05/2018,9,19.8,79.0,1.3,405,16.0,0.45,0.0,0.0,Spring,No Holiday,Yes,6308584,2,5
1490,1/6/2018,20,25.0,39.0,2.8,2000,10.0,,,0.0,Summer,No Holiday,Yes,11869921,2,6
1492,9/11/2018,9,10.8,78.0,,1985,7.1,0.13,0.5,0.0,Autumn,No Holiday,No,826758,0,11
1493,19/11/2018,18,7.5,48.0,2.4,1079,-2.8,0.0,0.0,0.0,Autumn,No Holiday,Yes,9553372,2,11
1494,22/04/2018,11,17.4,54.0,,1840,7.9,0.51,0.0,0.0,Spring,No Holiday,Yes,3029241,1,4
1495,21/12/2017,0,-1.3,90.0,2.0,259,-2.7,0.0,0.0,2.2,Winter,No Holiday,Yes,1771619,0,12
1496,14/10/2018,2,9.1,68.0,0.3,921,3.4,0.0,0.0,0.0,Autumn,No Holiday,Yes,2573302,1,10
1497,22/08/2018,20,33.2,51.0,1.0,2000,21.6,,0.0,0.0,Summer,No Holiday,Yes,9894648,2,8
1498,20/02/2018,4,-1.6,83.0,0.6,368,-4.1,0.0,0.0,0.0,Winter,No Holiday,Yes,830923,0,2
1499,13/11/2018,6,4.2,72.0,0.8,1326,-0.4,0.0,0.0,0.0,Autumn,No Holiday,Yes,2424169,1,11
1500,29/05/2018,15,25.7,56.0,1.8,1112,16.2,1.71,0.0,0.0,Spring,No Holiday,Yes,7049966,2,5
1501,9/8/2018,14,30.8,69.0,1.8,1218,24.4,1.58,0.0,0.0,Summer,No Holiday,Yes,3525197,1,8
1502,11/9/2018,15,26.0,40.0,1.9,2000,11.3,1.53,0.0,0.0,Autumn,No Holiday,Yes,6148267,2,9
1503,17/12/2017,6,-9.9,42.0,2.3,2000,-20.4,0.0,0.0,0.0,Winter,No Holiday,Yes,1025850,0,12
1504,12/10/2018,4,6.2,71.0,1.1,2000,1.3,0.0,0.0,0.0,Autumn,No Holiday,Yes,1945937,1,10
1505,25/07/2018,20,30.9,67.0,1.7,1470,24.0,,0.0,0.0,Summer,No Holiday,Yes,10374386,2,7
1506,16/07/2018,21,28.0,64.0,1.5,2000,20.5,0.0,0.0,0.0,Summer,No Holiday,Yes,11626476,2,7
1507,12/2/2018,6,-9.5,36.0,1.5,2000,-21.8,0.0,0.0,0.0,Winter,No Holiday,Yes,1041757,0,2
1508,1/6/2018,14,29.6,31.0,3.7,1988,10.6,3.25,0.0,0.0,Summer,No Holiday,Yes,6059283,2,6
1509,4/7/2018,21,26.2,70.0,2.2,1908,20.2,0.0,0.0,0.0,Summer,No Holiday,Yes,12511516,2,7
1510,25/12/2017,17,-0.7,29.0,2.0,2000,-16.5,0.21,0.0,0.0,Winter,Holiday,Yes,1581118,1,12
1511,16/08/2018,7,27.6,71.0,1.2,2000,21.8,0.14,0.0,0.0,Summer,No Holiday,Yes,6528119,2,8
1512,20/09/2018,13,18.9,89.0,2.6,586,17.0,0.58,0.0,0.0,Autumn,No Holiday,Yes,1787387,1,9
1513,22/06/2018,11,28.1,35.0,1.3,1608,11.1,3.02,0.0,0.0,Summer,No Holiday,Yes,5455357,1,6
1514,28/04/2018,9,15.1,56.0,1.7,493,6.3,1.57,0.0,0.0,Spring,No Holiday,Yes,4916529,1,4
1515,30/05/2018,6,18.6,84.0,0.7,316,15.8,0.01,0.0,0.0,Spring,No Holiday,Yes,3635886,1,5
1516,26/11/2018,8,2.0,84.0,,396,-0.4,0.03,0.0,0.3,Autumn,No Holiday,Yes,8388094,2,11
1517,29/07/2018,15,35.9,37.0,1.9,1949,18.9,1.98,0.0,0.0,Summer,No Holiday,Yes,4113822,1,7
1518,21/03/2018,5,1.3,40.0,2.3,2000,-10.8,0.0,0.0,0.0,Spring,No Holiday,Yes,1101071,0,3
1519,15/11/2018,12,13.8,43.0,0.9,987,1.4,1.61,0.0,0.0,Autumn,No Holiday,Yes,5363318,1,11
1520,3/8/2018,10,34.3,48.0,2.5,1822,21.7,2.12,0.0,0.0,Summer,No Holiday,Yes,3689926,1,8
1521,25/12/2017,5,-3.7,51.0,2.6,2000,-12.3,0.0,0.0,0.0,Winter,Holiday,Yes,546938,0,12
1522,27/05/2018,0,20.1,65.0,1.6,1097,13.3,0.0,0.0,0.0,Spring,No Holiday,Yes,6305591,2,5
1524,14/01/2018,18,4.1,53.0,,1132,-4.6,0.0,0.0,0.0,Winter,No Holiday,Yes,2059852,1,1
1525,23/03/2018,2,2.2,80.0,1.4,615,-0.8,0.0,0.0,0.0,Spring,No Holiday,Yes,1676748,1,3
1526,22/10/2018,4,10.0,62.0,0.6,1759,3.0,0.0,0.0,0.0,Autumn,No Holiday,Yes,897896,0,10
1527,16/04/2018,4,5.9,68.0,0.7,1590,0.4,0.0,0.0,0.0,Spring,No Holiday,Yes,408023,0,4
1528,29/07/2018,13,34.4,41.0,2.9,1970,19.2,,0.0,0.0,Summer,No Holiday,Yes,3689905,1,7
1529,6/1/2018,12,0.0,35.0,2.3,1672,-13.6,1.07,0.0,0.0,Winter,No Holiday,Yes,1999972,1,1
1530,4/12/2017,9,-1.5,47.0,4.2,1888,-11.3,0.22,0.0,0.0,Winter,No Holiday,Yes,3012347,1,12
1531,22/02/2018,17,4.6,52.0,3.9,1059,-4.4,0.5,0.0,0.0,Winter,No Holiday,Yes,3219802,1,2
1532,1/3/2018,5,2.2,97.0,2.9,362,1.7,0.0,,0.0,Spring,Holiday,Yes,702056,0,3
1533,25/05/2018,12,24.4,24.0,2.9,1811,2.5,3.28,0.0,0.0,Spring,No Holiday,Yes,6396484,2,5
1534,18/03/2018,3,5.5,57.0,1.1,1079,-2.3,0.0,0.0,0.0,Spring,No Holiday,Yes,1118800,0,3
1535,1/10/2018,9,14.9,50.0,3.4,1989,4.5,1.08,0.0,0.0,Autumn,No Holiday,Yes,6361602,2,10
1536,26/05/2018,17,27.9,34.0,3.8,1259,10.5,1.73,0.0,0.0,Spring,No Holiday,Yes,10386098,2,5
1537,26/12/2017,5,-2.9,77.0,0.8,1833,-6.3,0.0,0.0,0.0,Winter,No Holiday,Yes,767819,0,12
1538,23/07/2018,18,33.9,53.0,3.2,1886,22.9,0.94,0.0,0.0,Summer,No Holiday,Yes,12726315,2,7
1539,16/02/2018,19,0.6,59.0,2.3,1939,-6.5,0.0,0.0,0.0,Winter,Holiday,Yes,1231917,0,2
1540,27/12/2017,21,-6.4,34.0,1.2,2000,-19.7,,0.0,0.0,Winter,No Holiday,Yes,1343304,1,12
1541,27/09/2018,17,24.3,31.0,1.5,2000,6.0,1.17,0.0,0.0,Autumn,No Holiday,Yes,12236165,2,9
1542,21/11/2018,21,4.6,44.0,1.1,1859,-6.6,0.0,0.0,0.0,Autumn,No Holiday,Yes,4793246,1,11
1543,3/11/2018,10,11.0,49.0,0.7,957,0.6,1.4,0.0,0.0,Autumn,No Holiday,No,319362,0,11
1545,28/02/2018,21,2.4,95.0,2.5,1349,1.6,0.0,9.0,0.0,Winter,No Holiday,Yes,616298,0,2
1546,20/05/2018,13,19.9,33.0,1.4,2000,3.1,,0.0,0.0,Spring,No Holiday,Yes,8589612,2,5
1547,1/11/2018,10,8.1,51.0,0.7,1100,-1.4,1.38,0.0,0.0,Autumn,No Holiday,Yes,4062711,1,11
1548,23/12/2017,5,5.0,81.0,1.2,425,2.0,0.0,0.0,0.0,Winter,No Holiday,Yes,852414,0,12
1550,15/10/2018,2,11.8,82.0,0.7,1262,8.8,0.0,0.0,0.0,Autumn,No Holiday,Yes,2226044,1,10
1551,29/05/2018,16,23.6,66.0,4.2,1208,16.8,0.89,0.0,0.0,Spring,No Holiday,Yes,8554959,2,5
1552,26/12/2017,11,-2.1,28.0,4.9,1887,-18.2,0.87,0.0,0.0,Winter,No Holiday,Yes,1988330,1,12
1553,4/6/2018,3,19.6,51.0,1.0,1923,9.1,0.0,,0.0,Summer,No Holiday,Yes,1658001,1,6
1554,18/10/2018,6,7.6,82.0,0.3,1933,4.7,0.0,0.0,0.0,Autumn,No Holiday,Yes,2939764,1,10
1555,22/01/2018,5,0.0,32.0,0.7,2000,-14.7,0.0,0.0,0.0,Winter,No Holiday,Yes,549382,0,1
1556,25/01/2018,10,-15.3,33.0,,2000,-27.9,0.56,0.0,0.6,Winter,No Holiday,Yes,1409389,0,1
1557,31/05/2018,23,20.5,62.0,2.2,1903,12.9,0.0,0.0,0.0,Spring,No Holiday,Yes,7312383,2,5
1559,21/05/2018,15,23.3,38.0,1.5,1963,8.1,2.13,0.0,0.0,Spring,No Holiday,Yes,8851477,2,5
1560,31/01/2018,10,-2.3,63.0,1.7,1286,-8.4,0.22,0.0,3.2,Winter,No Holiday,Yes,1100880,0,1
1561,4/5/2018,13,,30.0,3.8,1854,0.9,3.39,0.0,0.0,Spring,No Holiday,Yes,6843904,2,5
1562,16/05/2018,15,22.0,96.0,2.9,313,21.3,0.2,0.0,0.0,Spring,No Holiday,Yes,1764696,1,5
1563,10/10/2018,21,9.9,50.0,1.2,2000,0.0,0.0,0.0,0.0,Autumn,No Holiday,Yes,7723825,2,10
1565,15/05/2018,2,17.1,74.0,0.4,350,12.4,0.0,0.0,0.0,Spring,No Holiday,Yes,2504350,1,5
1566,2/4/2018,13,21.9,48.0,2.5,1113,10.3,2.14,0.0,0.0,Spring,No Holiday,Yes,4928153,1,4
1567,23/06/2018,8,22.6,42.0,0.7,1887,9.0,0.62,0.0,0.0,Summer,No Holiday,Yes,5688394,1,6
1568,2/7/2018,22,23.4,98.0,0.3,585,23.0,0.0,2.5,0.0,Summer,No Holiday,Yes,843369,0,7
1569,4/2/2018,12,-8.3,32.0,1.8,1295,-22.1,1.99,0.0,0.0,Winter,No Holiday,Yes,1244107,0,2
1570,25/08/2018,15,28.1,53.0,4.5,1953,17.6,1.6,0.0,0.0,Summer,No Holiday,Yes,7926987,2,8
1571,28/07/2018,16,28.6,82.0,3.4,1022,25.2,0.14,0.0,0.0,Summer,No Holiday,Yes,4152560,1,7
1573,14/12/2017,3,-10.7,48.0,0.4,1651,-19.6,0.0,0.0,0.0,Winter,No Holiday,Yes,1297753,0,12
1575,15/08/2018,18,32.8,63.0,2.3,1546,24.8,0.89,0.1,0.0,Summer,Holiday,Yes,5260319,1,8
1576,28/10/2018,6,6.9,86.0,1.7,1988,4.7,0.0,1.5,0.0,Autumn,No Holiday,Yes,403029,0,10
1577,29/11/2018,7,0.8,41.0,0.6,1298,-10.9,0.0,0.0,0.0,Autumn,No Holiday,Yes,4263212,1,11
1578,24/11/2018,14,3.0,82.0,1.7,1589,0.2,0.55,0.0,5.0,Autumn,No Holiday,Yes,2176708,1,11
1579,22/10/2018,13,19.4,35.0,1.2,678,3.5,1.73,0.0,0.0,Autumn,No Holiday,Yes,5723002,2,10
1580,20/08/2018,19,30.8,55.0,1.9,1170,20.7,0.06,0.0,0.0,Summer,No Holiday,Yes,11983268,2,8
1581,26/01/2018,17,-11.5,31.0,3.3,1745,-25.2,0.41,0.0,0.3,Winter,No Holiday,Yes,1188016,0,1
1582,22/01/2018,23,-4.2,79.0,,554,-7.3,0.0,0.0,1.0,Winter,No Holiday,Yes,1675712,0,1
1583,21/04/2018,20,19.1,18.0,1.2,2000,-5.8,0.0,0.0,0.0,Spring,No Holiday,Yes,8771344,2,4
1584,20/10/2018,9,10.4,60.0,1.3,1326,2.9,0.99,0.0,0.0,Autumn,No Holiday,Yes,4924012,1,10
1585,18/07/2018,1,25.7,80.0,0.2,805,21.9,0.0,0.0,0.0,Summer,No Holiday,Yes,4764305,1,7
1586,10/8/2018,22,30.9,54.0,0.8,2000,20.5,0.0,0.0,0.0,Summer,No Holiday,Yes,7888446,2,8
1588,21/01/2018,16,4.7,17.0,2.1,2000,-18.3,0.55,0.0,0.0,Winter,No Holiday,Yes,2512987,1,1
1589,21/06/2018,23,21.9,59.0,2.6,1188,13.5,0.0,0.0,0.0,Summer,No Holiday,Yes,8724733,2,6
1590,20/07/2018,12,32.6,51.0,2.1,800,21.1,3.21,0.0,0.0,Summer,No Holiday,Yes,4834417,1,7
1591,19/07/2018,8,25.5,65.0,0.9,833,18.4,1.1,0.0,0.0,Summer,No Holiday,Yes,10245429,2,7
1592,9/7/2018,20,20.3,95.0,0.8,1372,19.4,,1.0,0.0,Summer,No Holiday,Yes,1074750,0,7
1593,24/12/2017,15,2.9,90.0,2.0,380,1.4,0.08,3.5,0.0,Winter,Holiday,Yes,1047429,0,12
1594,28/03/2018,22,13.6,73.0,2.0,644,8.8,0.0,,0.0,Spring,No Holiday,Yes,4672165,1,3
1595,26/08/2018,1,22.5,80.0,0.6,2000,18.8,0.0,0.0,0.0,Summer,No Holiday,Yes,4772679,1,8
1596,6/9/2018,13,28.0,52.0,2.3,1642,17.2,1.85,0.0,0.0,Autumn,No Holiday,Yes,6029588,2,9
1598,27/08/2018,21,23.9,88.0,0.8,2000,21.7,0.0,0.0,0.0,Summer,No Holiday,Yes,9050621,2,8
1599,18/06/2018,19,28.1,38.0,2.6,2000,12.4,0.63,0.0,0.0,Summer,No Holiday,Yes,8876644,2,6
1600,25/10/2018,19,16.4,47.0,1.0,1694,5.0,0.0,0.0,0.0,Autumn,No Holiday,Yes,10266467,2,10
1601,25/10/2018,17,19.2,36.0,0.7,1643,3.7,0.38,0.0,0.0,Autumn,No Holiday,Yes,10966595,2,10
1602,11/11/2018,19,8.7,52.0,0.8,1590,-0.6,0.0,0.0,0.0,Autumn,No Holiday,Yes,4176357,1,11
1603,30/08/2018,1,24.9,92.0,2.2,1125,23.5,0.0,0.5,0.0,Summer,No Holiday,Yes,911515,0,8
1605,23/02/2018,12,,57.0,13.0,1444,4.0,0.54,0.2,0.1,Winter,No Holiday,Yes,654548,0,2
1606,8/11/2018,18,12.9,97.0,0.0,406,12.4,0.0,9.0,0.0,Autumn,No Holiday,Yes,448515,0,11
1607,25/08/2018,4,23.2,79.0,1.8,1941,19.3,0.0,0.0,0.0,Summer,No Holiday,Yes,2141965,1,8
1608,28/09/2018,12,,,1.0,2500,-17.0,0.0,2.4,0.3,Autumn,Holiday,No,1453860,0,9
1610,17/12/2017,3,-9.0,40.0,3.1,2000,-20.1,0.0,0.0,0.0,Winter,No Holiday,Yes,568175,0,12
1611,23/02/2018,18,7.5,70.0,5.0,374,2.3,0.08,0.0,0.0,Winter,No Holiday,Yes,4203260,1,2
1612,20/07/2018,7,25.2,75.0,0.6,1056,20.4,0.34,0.0,0.0,Summer,No Holiday,Yes,6309995,2,7
1613,25/05/2018,2,16.1,70.0,0.6,787,10.6,0.0,0.0,0.0,Spring,No Holiday,Yes,2914029,1,5
1614,21/05/2018,1,14.5,31.0,,2000,-2.4,0.0,0.0,0.0,Spring,No Holiday,Yes,2247420,1,5
1615,13/10/2018,22,,60.0,0.5,1002,4.1,0.0,0.0,0.0,Autumn,No Holiday,Yes,6449461,2,10
1616,13/06/2018,12,24.5,56.0,2.3,1094,15.1,1.74,0.0,0.0,Summer,No Holiday,Yes,9652288,2,6
1617,12/7/2018,19,27.4,78.0,1.1,1899,23.2,0.27,0.0,0.0,Summer,No Holiday,Yes,11943611,2,7
1618,24/08/2018,8,24.4,86.0,1.7,2000,21.8,0.13,0.0,0.0,Summer,No Holiday,Yes,3187276,1,8
1619,4/11/2018,0,,,0.6,686,61.2,0.0,1.5,1.2,Autumn,No Holiday,No,5574271,1,11
1620,17/04/2018,8,8.7,49.0,0.8,1520,-1.4,0.68,0.0,0.0,Spring,No Holiday,Yes,10367314,2,4
1621,10/4/2018,19,19.2,55.0,5.8,2000,9.9,,0.0,0.0,Spring,No Holiday,Yes,6606775,2,4
1622,4/8/2018,23,28.2,78.0,2.5,1678,23.9,0.0,0.0,0.0,Summer,No Holiday,Yes,6407447,2,8
1623,24/02/2018,2,3.7,82.0,1.6,229,0.9,0.0,0.0,0.0,Winter,No Holiday,Yes,1431696,1,2
1624,7/8/2018,18,34.6,50.0,,1821,22.6,,0.0,0.0,Summer,No Holiday,Yes,11529982,2,8
1625,19/06/2018,9,22.4,62.0,0.9,761,14.7,,0.0,0.0,Summer,No Holiday,Yes,7437714,2,6
1626,17/03/2018,20,7.9,54.0,2.3,1005,-0.8,0.0,0.0,0.0,Spring,No Holiday,Yes,4101223,1,3
1627,9/3/2018,13,7.5,44.0,2.0,1526,-3.9,1.24,0.0,0.0,Spring,No Holiday,Yes,2728148,1,3
1628,24/01/2018,10,-14.5,24.0,4.6,1902,-30.6,0.61,0.0,0.9,Winter,No Holiday,Yes,1262683,0,1
1629,29/03/2018,12,18.2,55.0,2.3,594,9.0,2.24,0.0,0.0,Spring,No Holiday,Yes,4568018,1,3
1630,14/11/2018,1,6.5,60.0,0.5,1788,-0.7,0.0,0.0,0.0,Autumn,No Holiday,Yes,3328006,1,11
1631,9/12/2017,1,-4.1,49.0,0.6,2000,-13.2,0.0,0.0,0.0,Winter,No Holiday,Yes,1923963,1,12
1632,9/4/2018,4,1.1,95.0,0.5,345,0.3,0.0,0.0,0.0,Spring,No Holiday,Yes,573487,0,4
1633,9/9/2018,13,27.2,32.0,1.7,2000,9.0,3.12,0.0,0.0,Autumn,No Holiday,Yes,7939084,2,9
1634,3/7/2018,0,23.2,98.0,0.2,927,22.8,0.0,0.5,0.0,Summer,No Holiday,Yes,2615972,1,7
1635,30/05/2018,11,22.8,66.0,2.7,1270,16.1,2.76,0.0,0.0,Spring,No Holiday,Yes,5727455,1,5
1637,2/9/2018,21,26.2,62.0,2.3,2000,18.3,0.0,0.0,0.0,Autumn,No Holiday,Yes,9646386,2,9
1638,18/06/2018,16,30.5,34.0,2.9,1830,12.8,2.51,0.0,0.0,Summer,No Holiday,Yes,7741283,2,6
1639,2/2/2018,13,1.6,29.0,,1662,-14.5,,0.0,0.0,Winter,No Holiday,Yes,2090233,1,2
1640,11/10/2018,2,7.1,64.0,0.9,2000,0.7,0.0,,0.0,Autumn,No Holiday,Yes,2295169,1,10
1641,18/08/2018,0,24.5,48.0,1.2,2000,12.7,0.0,0.0,0.0,Summer,No Holiday,Yes,6387486,2,8
1642,2/11/2018,9,7.0,57.0,0.7,1553,-0.9,0.79,0.0,0.0,Autumn,No Holiday,Yes,5815473,1,11
1643,13/05/2018,3,14.2,98.0,1.5,135,13.8,0.0,0.2,0.0,Spring,No Holiday,Yes,1401418,0,5
1644,2/11/2018,12,14.9,40.0,1.1,1288,1.4,2.06,0.0,0.0,Autumn,No Holiday,Yes,5709465,1,11
1645,6/11/2018,22,12.3,73.0,1.2,277,7.5,0.0,0.0,0.0,Autumn,No Holiday,No,907352,0,11
1646,10/4/2018,0,9.0,46.0,1.2,1259,-2.0,0.0,0.0,0.0,Spring,No Holiday,Yes,2554458,1,4
1647,10/12/2017,23,-1.4,43.0,4.3,2000,-12.3,0.0,0.0,0.0,Winter,No Holiday,Yes,1810312,0,12
1648,23/01/2018,6,-11.5,47.0,3.2,2000,-20.5,0.0,0.0,1.0,Winter,No Holiday,Yes,756546,0,1
1649,23/08/2018,5,28.5,57.0,0.9,2000,19.1,0.0,0.1,0.0,Summer,No Holiday,Yes,1610515,1,8
1650,5/8/2018,14,33.3,55.0,4.7,1921,23.0,3.05,0.0,0.0,Summer,No Holiday,Yes,3522527,1,8
1651,6/2/2018,3,-11.6,35.0,3.2,1992,-24.0,0.0,0.0,0.0,Winter,No Holiday,Yes,680939,0,2
1652,13/04/2018,8,10.6,27.0,1.1,2000,-7.6,0.39,0.0,0.0,Spring,No Holiday,Yes,9815394,2,4
1653,2/4/2018,8,15.7,75.0,1.1,804,11.2,0.11,0.0,0.0,Spring,No Holiday,Yes,7507801,2,4
1655,28/07/2018,10,32.0,65.0,0.9,966,24.5,1.19,0.0,0.0,Summer,No Holiday,Yes,3822555,1,7
1656,28/06/2018,0,22.2,84.0,1.1,482,19.3,0.0,0.0,0.0,Summer,No Holiday,Yes,3105590,1,6
1657,18/11/2018,14,10.1,37.0,2.4,1723,-3.9,1.24,0.0,0.0,Autumn,No Holiday,Yes,6245753,1,11
1658,6/6/2018,11,25.8,52.0,,905,15.1,2.84,0.0,0.0,Summer,Holiday,Yes,6735838,2,6
1659,9/12/2017,13,3.9,36.0,2.0,1702,-9.8,1.13,0.0,0.0,Winter,No Holiday,Yes,2760440,1,12
1660,28/08/2018,0,23.5,88.0,0.6,2000,21.3,0.0,0.0,0.0,Summer,No Holiday,Yes,4831484,1,8
1661,10/3/2018,19,5.3,67.0,2.6,1314,-0.3,0.02,0.0,0.0,Spring,No Holiday,Yes,3920054,1,3
1662,19/11/2018,0,6.8,56.0,0.7,1505,-1.3,0.0,0.0,0.0,Autumn,No Holiday,Yes,2698844,1,11
1663,4/10/2018,0,15.5,65.0,0.8,2000,8.9,0.0,0.0,0.0,Autumn,No Holiday,No,871894,0,10
1664,12/12/2017,16,-6.0,29.0,2.8,1983,-21.2,0.58,0.0,0.0,Winter,No Holiday,Yes,1604024,1,12
1666,20/11/2018,9,2.3,43.0,1.2,1892,-9.0,0.52,0.0,0.0,Autumn,No Holiday,Yes,5293826,1,11
1667,6/1/2018,22,-2.6,47.0,1.6,1492,-12.3,0.0,0.0,0.0,Winter,No Holiday,Yes,1130356,1,1
1668,24/07/2018,7,27.8,63.0,1.2,1781,20.1,0.32,0.0,0.0,Summer,No Holiday,Yes,6056512,2,7
1669,30/05/2018,1,18.8,84.0,0.5,488,16.0,,0.0,0.0,Spring,No Holiday,Yes,2782598,1,5
1671,13/08/2018,12,33.4,54.0,2.6,1648,22.8,2.09,0.0,0.0,Summer,No Holiday,Yes,3949454,1,8
1672,29/05/2018,12,23.1,64.0,2.6,1250,15.9,1.35,0.0,0.0,Spring,No Holiday,Yes,6383762,2,5
1673,5/3/2018,17,10.0,43.0,1.4,2000,-2.0,1.12,0.0,0.0,Spring,No Holiday,Yes,5260026,1,3
1674,31/05/2018,10,20.8,54.0,1.2,1129,11.1,2.45,0.0,0.0,Spring,No Holiday,Yes,5045105,1,5
1675,5/4/2018,0,9.5,61.0,1.7,2000,2.3,0.0,0.0,0.0,Spring,No Holiday,Yes,2688008,1,4
1676,7/7/2018,9,22.6,51.0,1.7,2000,11.9,1.87,0.0,0.0,Summer,No Holiday,Yes,5651038,1,7
1677,24/11/2018,13,2.6,83.0,1.9,1774,0.0,0.84,0.0,6.0,Autumn,No Holiday,Yes,1601525,1,11
1678,2/12/2017,17,6.0,51.0,2.5,1891,-3.3,0.06,0.0,0.0,Winter,No Holiday,Yes,3437537,1,12
1680,26/04/2018,10,16.7,47.0,2.2,1147,5.3,2.26,0.0,0.0,Spring,No Holiday,Yes,4075957,1,4
1681,9/2/2018,14,4.0,25.0,0.9,1009,-14.3,1.06,0.0,0.0,Winter,No Holiday,Yes,2025178,1,2
1682,6/4/2018,7,5.7,95.0,3.4,1136,4.9,,,0.0,Spring,No Holiday,Yes,3284664,1,4
1683,10/4/2018,21,17.5,70.0,7.3,1634,11.9,0.0,,0.0,Spring,No Holiday,Yes,1670717,0,4
1684,17/09/2018,1,20.5,73.0,1.9,1693,15.4,0.0,0.0,0.0,Autumn,No Holiday,Yes,2565168,1,9
1685,16/02/2018,7,-5.4,41.0,0.3,2000,-16.6,,0.0,0.0,Winter,Holiday,Yes,1109716,0,2
1686,30/10/2018,5,1.1,68.0,0.6,2000,-4.1,0.0,0.0,0.0,Autumn,No Holiday,Yes,940344,0,10
1687,15/10/2018,20,15.9,81.0,2.8,250,12.6,0.0,0.0,0.0,Autumn,No Holiday,Yes,8548236,2,10
1688,17/01/2018,22,2.8,74.0,0.5,309,-1.3,0.0,0.0,0.0,Winter,No Holiday,Yes,2480464,1,1
1689,25/02/2018,0,-1.1,44.0,1.2,1741,-11.8,0.0,0.0,0.0,Winter,No Holiday,Yes,1868850,1,2
1690,22/08/2018,2,24.2,79.0,0.6,1882,20.3,0.0,0.0,0.0,Summer,No Holiday,Yes,2965257,1,8
1691,16/12/2017,16,-3.3,24.0,3.5,2000,-21.0,0.54,0.0,0.0,Winter,No Holiday,Yes,1713563,1,12
1692,23/12/2017,3,5.4,77.0,1.6,583,1.6,0.0,0.0,0.0,Winter,No Holiday,Yes,1974837,1,12
1694,15/02/2018,6,-2.6,38.0,1.0,2000,-15.0,0.0,0.0,0.0,Winter,Holiday,Yes,391325,0,2
1696,23/04/2018,13,9.3,95.0,2.3,419,8.5,0.4,2.5,0.0,Spring,No Holiday,Yes,491643,0,4
1697,12/12/2017,18,-7.7,36.0,1.0,2000,-20.2,0.0,0.0,0.0,Winter,No Holiday,Yes,3060351,1,12
1698,8/9/2018,8,17.1,57.0,1.0,1979,8.5,0.76,0.0,0.0,Autumn,No Holiday,Yes,4701628,1,9
1700,19/05/2018,23,17.1,37.0,1.3,2000,2.2,0.0,0.0,0.0,Spring,No Holiday,Yes,6428789,2,5
1701,28/09/2018,20,18.0,67.0,0.7,2000,11.7,0.0,,0.0,Autumn,No Holiday,No,402568,0,9
1702,20/10/2018,11,16.2,39.0,1.6,1580,2.2,2.05,0.0,0.0,Autumn,No Holiday,Yes,6411118,2,10
1703,8/2/2018,14,0.9,25.0,2.4,1730,-16.9,2.09,0.0,0.0,Winter,No Holiday,Yes,1794857,1,2
1704,1/4/2018,18,17.7,75.0,2.1,519,13.2,,0.0,0.0,Spring,No Holiday,Yes,6885738,2,4
1705,12/3/2018,21,8.7,49.0,1.7,464,-1.4,0.0,0.0,0.0,Spring,No Holiday,Yes,4894413,1,3
1706,18/11/2018,13,9.9,37.0,2.1,1900,-4.1,1.32,0.0,0.0,Autumn,No Holiday,Yes,4725196,1,11
1707,25/02/2018,19,3.1,40.0,2.6,1804,-9.2,0.01,,0.0,Winter,No Holiday,Yes,2077061,1,2
1708,24/12/2017,14,3.3,90.0,2.5,561,1.8,,0.0,0.0,Winter,Holiday,Yes,841057,0,12
1709,6/6/2018,18,26.6,52.0,2.5,1368,15.9,1.09,,0.0,Summer,Holiday,Yes,11595822,2,6
1710,21/08/2018,1,28.0,61.0,3.9,1890,19.7,0.0,0.0,0.0,Summer,No Holiday,Yes,3747216,1,8
1712,11/7/2018,21,27.3,78.0,1.2,1606,23.1,0.0,0.0,0.0,Summer,No Holiday,Yes,10702105,2,7
1714,11/6/2018,14,23.9,47.0,1.0,2000,11.8,0.97,0.0,0.0,Summer,No Holiday,Yes,5779595,1,6
1715,1/12/2017,17,0.8,58.0,1.6,2000,-6.5,0.08,0.0,0.0,Winter,No Holiday,Yes,3582326,1,12
1716,1/11/2018,13,13.6,32.0,1.8,1814,-2.8,2.22,0.0,0.0,Autumn,No Holiday,Yes,5660111,1,11
1718,17/05/2018,1,22.0,97.0,2.1,192,21.4,0.0,0.5,0.0,Spring,No Holiday,Yes,975579,0,5
1719,21/05/2018,22,16.9,65.0,0.3,1281,10.2,0.0,0.0,0.0,Spring,No Holiday,Yes,9834437,2,5
1721,29/09/2018,10,20.8,52.0,1.5,2000,10.5,1.88,0.0,0.0,Autumn,No Holiday,Yes,6583732,2,9
1722,16/09/2018,0,22.8,82.0,1.5,935,19.5,0.0,0.0,0.0,Autumn,No Holiday,Yes,5550485,1,9
1723,23/12/2017,19,6.0,76.0,1.1,219,2.0,,0.0,0.0,Winter,No Holiday,Yes,1676234,1,12
1724,8/7/2018,7,18.2,54.0,1.2,2000,8.7,0.42,0.0,0.0,Summer,No Holiday,Yes,2459655,1,7
1725,7/9/2018,10,22.6,58.0,1.8,1962,13.9,2.02,,0.0,Autumn,No Holiday,Yes,5192591,1,9
1726,11/6/2018,16,22.0,60.0,1.8,2000,13.8,0.14,0.0,0.0,Summer,No Holiday,Yes,6934278,2,6
1727,1/8/2018,5,28.3,68.0,0.3,2000,21.8,0.0,0.0,0.0,Summer,No Holiday,Yes,1857104,1,8
1728,31/05/2018,14,25.9,43.0,2.7,1493,12.3,2.97,0.0,0.0,Spring,No Holiday,Yes,6376482,2,5
1729,8/2/2018,10,-6.3,46.0,1.3,1346,-16.0,1.01,0.0,0.0,Winter,No Holiday,Yes,1476741,0,2
1730,8/1/2018,17,2.7,50.0,2.8,1957,-6.7,,0.0,0.0,Winter,No Holiday,Yes,2596505,1,1
1731,28/03/2018,11,15.6,60.0,3.7,817,7.8,1.44,0.0,0.0,Spring,No Holiday,Yes,3810841,1,3
1732,2/8/2018,20,33.9,58.0,2.4,1519,24.4,,0.0,0.0,Summer,No Holiday,Yes,8510973,2,8
1733,23/10/2018,17,15.7,63.0,3.2,1118,8.6,0.39,0.0,0.0,Autumn,No Holiday,Yes,9070588,2,10
1734,28/02/2018,18,3.6,90.0,2.1,845,2.1,0.0,9.5,0.0,Winter,No Holiday,Yes,608627,0,2
1735,27/11/2018,19,9.3,52.0,2.7,482,0.0,0.0,0.0,0.0,Autumn,No Holiday,Yes,5841094,1,11
1736,25/04/2018,12,19.4,20.0,1.1,1663,-4.1,3.08,0.0,0.0,Spring,No Holiday,Yes,6578849,2,4
1737,27/12/2017,10,-8.5,29.0,2.4,1992,-23.4,0.56,0.0,0.0,Winter,No Holiday,Yes,1577343,0,12
1740,30/04/2018,14,24.0,47.0,2.3,520,11.9,2.87,0.0,0.0,Spring,No Holiday,Yes,6094261,1,4
1741,1/6/2018,0,20.1,63.0,1.1,1698,12.8,,0.0,0.0,Summer,No Holiday,Yes,5337668,1,6
1742,20/03/2018,11,8.4,34.0,3.6,1966,-6.5,2.36,0.0,0.0,Spring,No Holiday,Yes,3127352,1,3
1744,16/01/2018,4,0.8,65.0,0.7,502,-5.0,,0.0,0.0,Winter,No Holiday,Yes,907452,0,1
1745,25/06/2018,6,,81.0,0.7,604,17.8,0.05,0.0,0.0,Summer,No Holiday,Yes,4393967,1,6
1746,5/10/2018,13,16.9,95.0,1.6,325,16.0,0.48,4.0,0.0,Autumn,No Holiday,Yes,804910,0,10
1747,20/08/2018,22,29.0,63.0,4.2,1776,21.2,0.0,0.0,0.0,Summer,No Holiday,Yes,8384484,2,8
1748,6/11/2018,2,9.7,78.0,0.0,619,6.0,0.0,0.0,0.0,Autumn,No Holiday,No,818332,0,11
1749,12/12/2017,11,-9.4,42.0,3.1,1815,-19.9,0.93,0.0,0.0,Winter,No Holiday,Yes,1838937,1,12
1750,14/06/2018,16,25.0,56.0,,1723,15.6,1.27,0.0,0.0,Summer,No Holiday,Yes,9063611,2,6
1751,18/04/2018,1,8.9,45.0,2.1,1456,-2.4,0.0,0.0,0.0,Spring,No Holiday,Yes,2205408,1,4
1752,28/02/2018,20,2.7,96.0,1.5,1479,2.1,0.0,0.0,0.0,Winter,No Holiday,Yes,477407,0,2
1753,23/12/2017,20,5.9,75.0,1.5,222,1.7,0.0,0.0,0.0,Winter,No Holiday,Yes,2076384,1,12
1754,24/10/2018,14,17.6,39.0,2.5,1964,3.4,,,0.0,Autumn,No Holiday,Yes,6507040,2,10
1755,18/02/2018,22,-0.3,34.0,1.6,1981,-14.2,0.0,0.0,0.0,Winter,No Holiday,Yes,1469448,0,2
1756,6/6/2018,4,19.2,68.0,0.8,1181,13.1,,0.0,0.0,Summer,Holiday,Yes,2326891,1,6
1757,31/03/2018,18,16.6,33.0,2.6,1867,0.2,0.48,0.0,0.0,Spring,No Holiday,Yes,7468985,2,3
1758,20/03/2018,7,3.8,44.0,4.1,2000,-7.3,0.02,0.0,0.0,Spring,No Holiday,Yes,4042947,1,3
1759,10/8/2018,5,26.1,83.0,0.3,1617,22.9,0.0,0.0,0.0,Summer,No Holiday,Yes,2442901,1,8
1761,16/12/2017,11,-5.2,30.0,4.0,1991,-20.1,0.86,0.0,0.0,Winter,No Holiday,Yes,1754442,1,12
1762,31/05/2018,16,27.3,38.0,2.9,1784,11.7,2.41,0.0,0.0,Spring,No Holiday,Yes,8457166,2,5
1763,19/06/2018,18,24.1,57.0,2.9,1301,15.0,,0.0,0.0,Summer,No Holiday,Yes,18615095,2,6
1764,1/10/2018,16,17.7,47.0,3.4,2000,6.2,0.81,0.0,0.0,Autumn,No Holiday,Yes,6938014,2,10
1765,24/07/2018,17,34.9,51.0,2.2,1235,23.2,0.98,0.0,0.0,Summer,No Holiday,Yes,6696715,2,7
1766,24/06/2018,14,31.6,34.0,2.9,1050,13.8,3.12,0.0,0.0,Summer,No Holiday,Yes,5890344,2,6
1767,14/04/2018,4,10.3,72.0,1.0,2000,5.4,0.0,0.8,0.0,Spring,No Holiday,Yes,1027980,0,4
1768,25/01/2018,19,-12.7,33.0,3.7,2000,-25.6,0.0,0.0,0.5,Winter,No Holiday,Yes,1307011,1,1
1769,16/08/2018,20,27.9,47.0,1.9,2000,15.5,,0.0,0.0,Summer,No Holiday,Yes,11148908,2,8
1770,21/09/2018,19,20.3,81.0,1.0,2000,16.9,,0.0,0.0,Autumn,No Holiday,Yes,9756279,2,9
1772,21/06/2018,6,19.5,80.0,1.6,709,15.9,,0.0,0.0,Summer,No Holiday,Yes,4139110,1,6
1774,15/02/2018,3,-1.4,34.0,2.1,2000,-15.2,0.0,,0.0,Winter,Holiday,Yes,1131606,0,2
1775,19/11/2018,16,9.7,43.0,2.7,1012,-2.2,0.37,,0.0,Autumn,No Holiday,Yes,5539604,1,11
1776,20/01/2018,17,5.7,53.0,1.8,276,-3.1,0.22,0.0,0.0,Winter,No Holiday,Yes,2273464,1,1
1777,7/6/2018,12,25.0,56.0,3.0,715,15.6,3.19,0.0,0.0,Summer,No Holiday,Yes,5781749,2,6
1778,25/01/2018,1,-16.1,42.0,2.2,2000,-26.0,0.0,0.0,0.7,Winter,No Holiday,Yes,1231275,0,1
1779,27/09/2018,9,17.7,48.0,1.5,2000,6.5,,0.0,0.0,Autumn,No Holiday,Yes,6191074,2,9
1780,17/01/2018,0,3.5,62.0,0.4,382,-3.1,0.0,0.0,0.0,Winter,No Holiday,Yes,1653987,1,1
1781,21/07/2018,16,36.8,30.0,2.8,1756,16.3,2.41,0.0,0.0,Summer,No Holiday,Yes,5043415,1,7
1782,26/03/2018,18,16.0,33.0,2.9,1138,-0.2,0.6,,0.0,Spring,No Holiday,Yes,7982576,2,3
1783,30/01/2018,15,-1.6,55.0,2.5,1891,-9.4,0.64,0.0,0.0,Winter,No Holiday,Yes,973488,0,1
1784,30/05/2018,5,18.4,84.0,0.6,352,15.6,0.0,0.0,0.0,Spring,No Holiday,Yes,1522073,1,5
1786,26/01/2018,7,,38.0,3.4,2000,-28.4,0.0,0.0,0.5,Winter,No Holiday,Yes,1596727,0,1
1787,26/01/2018,21,-14.1,36.0,,1869,-25.9,0.0,0.0,0.3,Winter,No Holiday,Yes,1595761,0,1
1788,7/1/2018,23,1.1,39.0,0.6,1422,-11.3,,0.0,0.0,Winter,No Holiday,Yes,1091146,0,1
1789,1/6/2018,9,23.1,52.0,1.7,1012,12.6,1.88,,0.0,Summer,No Holiday,Yes,6390256,2,6
1790,29/11/2018,18,0.0,46.0,0.9,1566,-4.8,0.0,0.0,0.0,Autumn,No Holiday,Yes,8849062,2,11
1791,23/06/2018,4,21.6,47.0,0.4,1985,9.7,0.0,0.0,0.0,Summer,No Holiday,Yes,2652357,1,6
1792,30/05/2018,10,21.4,71.0,1.7,476,15.9,1.43,0.0,0.0,Spring,No Holiday,Yes,4674428,1,5
1793,31/07/2018,10,32.7,43.0,1.2,2000,18.4,2.31,,0.0,Summer,No Holiday,Yes,4098951,1,7
1794,24/04/2018,11,14.1,62.0,1.6,2000,6.9,1.08,0.0,0.0,Spring,No Holiday,Yes,3880309,1,4
1795,1/2/2018,21,-3.2,47.0,1.8,1917,-12.9,0.0,0.0,0.0,Winter,No Holiday,Yes,1590642,1,2
1796,8/7/2018,13,26.1,45.0,1.8,2000,13.2,3.33,0.0,0.0,Summer,No Holiday,Yes,7268839,2,7
1797,15/01/2018,16,7.5,37.0,0.9,813,-6.2,0.48,0.0,0.0,Winter,No Holiday,Yes,2747497,1,1
1799,30/10/2018,8,1.4,58.0,0.9,1883,-5.9,0.15,0.0,0.0,Autumn,No Holiday,Yes,10230117,2,10
1800,19/08/2018,8,24.4,58.0,,2000,15.5,0.45,,0.0,Summer,No Holiday,Yes,3422231,1,8
1801,5/12/2017,12,-2.3,25.0,0.0,1962,-19.7,0.0,0.0,0.0,Winter,No Holiday,Yes,2658267,1,12
1802,21/12/2017,12,1.9,40.0,,1835,-10.3,1.04,0.0,1.9,Winter,No Holiday,Yes,2255388,1,12
1803,27/01/2018,4,-15.3,47.0,0.8,1868,-24.0,0.0,0.0,0.3,Winter,No Holiday,Yes,474082,0,1
1804,25/04/2018,9,11.7,32.0,,1862,-4.4,1.6,0.0,0.0,Spring,No Holiday,Yes,6117738,1,4
1805,9/6/2018,10,25.8,49.0,,1442,14.2,2.42,0.0,0.0,Summer,No Holiday,Yes,6361835,2,6
1806,15/12/2017,9,-5.9,60.0,0.6,691,-12.4,0.09,0.0,0.0,Winter,No Holiday,Yes,1909060,1,12
1808,2/6/2018,13,29.6,24.0,2.4,1873,6.8,3.42,0.0,0.0,Summer,No Holiday,Yes,6611879,2,6
1809,3/3/2018,0,0.5,34.0,0.4,1889,-13.5,0.0,0.0,0.0,Spring,No Holiday,Yes,1890697,1,3
1810,26/09/2018,1,16.6,53.0,1.7,2000,6.9,0.0,0.0,0.0,Autumn,No Holiday,Yes,3341102,1,9
1811,18/01/2018,8,1.1,86.0,1.2,197,-0.9,0.0,0.0,0.0,Winter,No Holiday,Yes,3502027,1,1
1812,5/10/2018,6,17.7,55.0,1.5,2000,8.5,0.0,0.0,0.0,Autumn,No Holiday,Yes,3010284,1,10
1813,7/3/2018,18,9.6,42.0,2.0,2000,-2.7,0.14,0.0,0.0,Spring,No Holiday,Yes,7559757,2,3
1814,4/3/2018,23,8.7,91.0,2.9,957,7.3,0.0,0.0,0.0,Spring,No Holiday,Yes,771061,0,3
1815,21/12/2017,2,-2.2,88.0,1.4,348,-3.9,0.0,0.0,2.2,Winter,No Holiday,Yes,978653,0,12
1816,28/06/2018,19,20.9,97.0,1.0,1747,20.3,0.19,0.0,0.0,Summer,No Holiday,Yes,5370340,1,6
1817,8/5/2018,2,15.5,65.0,1.3,1953,8.9,0.0,0.0,0.0,Spring,No Holiday,Yes,2008305,1,5
1818,24/03/2018,5,4.7,54.0,1.3,543,-3.8,0.0,0.0,0.0,Spring,No Holiday,Yes,911984,0,3
1819,9/6/2018,19,,47.0,1.8,2000,13.5,,,0.0,Summer,No Holiday,Yes,5918908,2,6
1820,19/11/2018,14,10.6,34.0,,920,-4.6,1.07,0.0,0.0,Autumn,No Holiday,Yes,4071612,1,11
1821,13/04/2018,1,10.0,23.0,0.7,2000,-10.2,0.0,0.0,0.0,Spring,No Holiday,Yes,3062275,1,4
1823,9/6/2018,12,28.2,42.0,1.4,1563,14.0,2.84,0.0,0.0,Summer,No Holiday,Yes,7906539,2,6
1824,10/10/2018,2,14.4,91.0,0.4,402,12.9,0.0,4.5,0.0,Autumn,No Holiday,Yes,600138,0,10
1825,6/4/2018,17,6.3,50.0,4.4,707,-3.3,0.64,0.0,0.0,Spring,No Holiday,Yes,4795796,1,4
1826,4/9/2018,6,20.0,97.0,0.0,647,19.5,,,0.0,Autumn,No Holiday,Yes,4045966,1,9
1827,9/5/2018,1,11.3,58.0,1.3,2000,3.3,,0.0,0.0,Spring,No Holiday,Yes,917560,0,5
1828,22/05/2018,6,15.5,,,1691,10.4,0.06,0.0,0.0,Spring,Holiday,Yes,1955295,1,5
1829,11/1/2018,2,-10.9,57.0,2.7,1900,-17.7,0.0,0.0,0.0,Winter,No Holiday,Yes,640505,0,1
1830,15/11/2018,5,5.3,78.0,,952,1.7,0.0,0.0,0.0,Autumn,No Holiday,Yes,1667761,0,11
1832,27/11/2018,10,6.4,71.0,1.0,385,1.5,,0.0,0.0,Autumn,No Holiday,Yes,3996629,1,11
1833,19/03/2018,1,6.7,84.0,0.8,320,4.1,0.0,,0.0,Spring,No Holiday,Yes,278493,0,3
1834,18/07/2018,11,30.2,53.0,2.2,1143,19.5,2.77,0.0,0.0,Summer,No Holiday,Yes,3993587,1,7
1835,22/01/2018,2,-0.2,33.0,1.4,2000,-14.5,0.0,,0.0,Winter,No Holiday,Yes,1214900,0,1
1836,13/02/2018,5,-6.7,64.0,1.6,1981,-12.3,0.0,0.0,0.0,Winter,No Holiday,Yes,729475,0,2
1837,29/04/2018,23,15.2,51.0,1.0,858,5.1,0.0,0.0,0.0,Spring,No Holiday,Yes,4764908,1,4
1838,9/5/2018,11,17.6,40.0,1.4,1955,3.8,2.88,0.0,0.0,Spring,No Holiday,Yes,5684963,1,5
1839,5/2/2018,9,-11.1,38.0,2.4,1945,-22.6,0.43,0.0,0.0,Winter,No Holiday,Yes,1358235,1,2
1840,11/3/2018,8,2.8,82.0,1.2,240,0.0,0.19,0.0,0.0,Spring,No Holiday,Yes,1475567,1,3
1841,1/4/2018,7,12.5,62.0,0.4,1003,5.4,0.0,0.0,0.0,Spring,No Holiday,Yes,1831363,0,4
1842,24/01/2018,6,-15.7,29.0,2.5,2000,-29.7,,0.0,0.9,Winter,No Holiday,Yes,534017,0,1
1843,31/10/2018,13,11.2,34.0,2.6,1940,-4.1,2.26,0.0,0.0,Autumn,No Holiday,Yes,5218864,1,10
1844,14/10/2018,20,14.4,61.0,2.3,1945,6.9,0.0,0.0,0.0,Autumn,No Holiday,Yes,7395263,2,10
1845,29/11/2018,12,5.6,27.0,0.3,1522,-11.9,0.34,0.0,0.0,Autumn,No Holiday,Yes,3902063,1,11
1846,12/12/2017,21,-8.8,43.0,1.4,1999,-19.1,0.0,,0.0,Winter,No Holiday,Yes,2049637,1,12
1847,18/04/2018,14,18.9,15.0,1.8,1822,-8.3,3.17,0.0,0.0,Spring,No Holiday,Yes,5315615,1,4
1848,16/08/2018,10,31.9,51.0,2.2,1939,20.4,2.04,0.0,0.0,Summer,No Holiday,Yes,3758248,1,8
1849,19/03/2018,16,8.9,63.0,3.0,1614,2.2,0.28,0.0,0.0,Spring,No Holiday,Yes,1700745,1,3
1851,11/10/2018,19,11.1,43.0,2.0,2000,-1.0,0.0,0.0,0.0,Autumn,No Holiday,Yes,8771644,2,10
1852,15/10/2018,17,19.3,49.0,2.8,966,8.3,0.55,0.0,0.0,Autumn,No Holiday,Yes,10405185,2,10
1853,1/8/2018,18,37.8,47.0,3.8,1931,24.5,1.09,0.0,0.0,Summer,No Holiday,Yes,10446599,2,8
1855,12/9/2018,4,18.0,59.0,1.5,2000,9.8,0.0,0.0,0.0,Autumn,No Holiday,Yes,1253097,1,9
1856,6/4/2018,19,4.8,48.0,,1126,-5.3,0.17,0.0,0.0,Spring,No Holiday,Yes,3972708,1,4
1857,28/12/2017,20,-0.3,62.0,1.3,1040,-6.7,0.0,0.0,0.0,Winter,No Holiday,Yes,2209629,1,12
1859,5/2/2018,7,-11.6,44.0,1.6,2000,-21.4,0.0,0.0,0.0,Winter,No Holiday,Yes,1311585,1,2
1860,12/6/2018,19,23.1,58.0,2.4,1997,14.3,0.59,0.0,0.0,Summer,No Holiday,Yes,15691708,2,6
1861,9/10/2018,3,,66.0,0.9,2000,4.8,0.0,0.0,0.0,Autumn,Holiday,No,319961,0,10
1862,14/09/2018,18,25.7,57.0,1.5,2000,16.5,,0.0,0.0,Autumn,No Holiday,Yes,14912402,2,9
1863,14/11/2018,20,10.5,52.0,1.4,1153,1.0,0.0,0.0,0.0,Autumn,No Holiday,Yes,6575227,2,11
1866,5/4/2018,23,7.1,96.0,1.3,1497,6.5,0.0,0.5,0.0,Spring,No Holiday,Yes,856951,0,4
1867,11/10/2018,8,7.0,56.0,3.1,1971,-1.1,0.44,0.0,0.0,Autumn,No Holiday,Yes,11685618,2,10
1868,20/11/2018,21,8.8,37.0,3.8,1750,-5.1,0.0,0.0,0.0,Autumn,No Holiday,Yes,5479213,1,11
1869,19/11/2018,13,10.8,44.0,2.0,935,-0.9,1.01,0.0,0.0,Autumn,No Holiday,Yes,4812932,1,11
1870,22/12/2017,15,6.5,55.0,0.9,801,-1.9,0.38,0.0,0.0,Winter,Holiday,Yes,2744473,1,12
1871,17/02/2018,2,-3.8,30.0,3.9,2000,-18.8,0.0,0.0,0.0,Winter,Holiday,Yes,1223420,0,2
1872,23/12/2017,8,5.1,83.0,0.9,297,2.4,0.0,0.0,0.0,Winter,No Holiday,Yes,1129014,0,12
1873,17/08/2018,14,32.7,27.0,2.0,1964,11.2,3.21,0.0,0.0,Summer,No Holiday,Yes,4894447,1,8
1874,20/08/2018,12,31.7,45.0,2.5,1814,18.3,1.96,0.0,0.0,Summer,No Holiday,Yes,5022550,1,8
1875,7/11/2018,22,13.2,74.0,1.4,1407,8.6,0.0,,0.0,Autumn,No Holiday,Yes,5799297,1,11
1876,22/01/2018,14,3.3,73.0,0.4,744,-1.0,,0.0,0.0,Winter,No Holiday,Yes,1733744,1,1
1877,23/10/2018,16,,70.0,1.3,898,10.6,0.83,0.0,0.0,Autumn,No Holiday,Yes,6889044,2,10
1878,9/2/2018,21,2.9,63.0,1.0,786,-3.4,0.0,0.0,0.0,Winter,No Holiday,Yes,1510725,1,2
1879,12/10/2018,0,8.2,61.0,1.3,2000,1.1,0.0,0.0,0.0,Autumn,No Holiday,Yes,4490199,1,10
1880,7/11/2018,21,13.5,75.0,0.8,1275,9.1,0.0,0.0,0.0,Autumn,No Holiday,Yes,6426763,2,11
1881,7/12/2017,15,4.0,35.0,3.1,1962,-10.1,0.84,0.0,0.0,Winter,No Holiday,Yes,2812221,1,12
1882,14/02/2018,12,6.9,67.0,3.9,986,1.1,0.42,0.0,0.0,Winter,No Holiday,Yes,1982473,1,2
1883,14/01/2018,10,-2.1,72.0,1.7,489,-6.4,,0.0,0.0,Winter,No Holiday,Yes,1332421,0,1
1884,25/05/2018,22,18.3,54.0,1.7,1394,8.8,0.0,0.0,0.0,Spring,No Holiday,Yes,8579173,2,5
1885,24/05/2018,16,23.5,36.0,4.0,1763,7.5,2.42,0.0,0.0,Spring,No Holiday,Yes,7415798,2,5
1886,3/2/2018,0,-2.5,69.0,2.2,1366,-7.4,0.0,0.0,0.0,Winter,No Holiday,Yes,1273006,0,2
1887,19/04/2018,7,7.7,48.0,0.4,1110,-2.6,,0.0,0.0,Spring,No Holiday,Yes,2101950,1,4
1888,7/4/2018,7,1.9,51.0,4.9,1297,-7.1,0.07,0.0,0.0,Spring,No Holiday,Yes,1627723,1,4
1889,30/01/2018,13,-1.3,35.0,2.0,1893,-14.8,1.18,0.0,0.0,Winter,No Holiday,Yes,1982828,1,1
1890,26/07/2018,20,31.0,68.0,1.4,1162,24.3,,0.0,0.0,Summer,No Holiday,Yes,10155832,2,7
1891,23/02/2018,4,1.1,96.0,2.5,241,0.5,0.0,0.0,3.9,Winter,No Holiday,Yes,718624,0,2
1892,5/4/2018,6,7.5,94.0,,511,6.5,0.0,0.4,0.0,Spring,No Holiday,Yes,974441,0,4
1893,27/04/2018,16,23.2,33.0,2.4,869,6.0,2.12,0.0,0.0,Spring,No Holiday,Yes,7605883,2,4
1894,5/1/2018,17,,45.0,3.3,1827,-11.0,0.24,0.0,0.0,Winter,No Holiday,Yes,2430526,1,1
1895,28/08/2018,2,23.2,88.0,0.6,2000,21.0,,0.0,0.0,Summer,No Holiday,Yes,2761171,1,8
1896,27/01/2018,0,-15.0,42.0,1.2,1766,-25.0,0.0,0.0,0.3,Winter,No Holiday,Yes,1199688,0,1
1898,30/06/2018,7,22.5,86.0,0.6,299,20.0,0.07,0.0,0.0,Summer,No Holiday,Yes,3356580,1,6
1899,13/02/2018,4,-6.4,62.0,1.8,1978,-12.4,0.0,0.0,0.0,Winter,No Holiday,Yes,1215447,0,2
1900,19/04/2018,18,19.1,31.0,3.0,958,1.5,0.7,0.0,0.0,Spring,No Holiday,Yes,11288935,2,4
1901,11/3/2018,22,5.3,31.0,2.3,1842,-10.5,0.0,0.0,0.0,Spring,No Holiday,Yes,2948008,1,3
1902,9/1/2018,5,-5.1,48.0,3.2,1821,-14.4,0.0,0.0,0.9,Winter,No Holiday,Yes,765801,0,1
1903,19/04/2018,22,13.4,49.0,,1326,2.8,0.0,,0.0,Spring,No Holiday,Yes,6233255,1,4
1904,29/04/2018,1,11.2,57.0,1.6,1533,2.9,0.0,0.0,0.0,Spring,No Holiday,Yes,3520870,1,4
1905,20/01/2018,5,-0.3,62.0,0.6,862,-6.7,0.0,0.0,0.0,Winter,No Holiday,Yes,1131626,0,1
1906,19/02/2018,15,6.3,35.0,2.6,991,-8.0,1.2,0.0,0.0,Winter,No Holiday,Yes,2500804,1,2
1907,1/12/2017,13,2.4,25.0,1.6,2000,-15.6,1.16,0.0,0.0,Winter,No Holiday,Yes,2371178,1,12
1908,21/08/2018,23,25.6,75.0,0.1,1892,20.8,0.0,,0.0,Summer,No Holiday,Yes,6770799,2,8
1909,27/09/2018,1,16.1,53.0,1.4,2000,6.5,0.0,,0.0,Autumn,No Holiday,Yes,2957315,1,9
1910,17/11/2018,1,3.4,76.0,0.5,909,-0.4,0.0,0.0,0.0,Autumn,No Holiday,Yes,3185521,1,11
1911,31/03/2018,7,9.5,72.0,0.2,1017,4.6,0.04,0.0,0.0,Spring,No Holiday,Yes,1509479,1,3
1912,14/07/2018,16,31.7,55.0,2.3,1895,21.5,2.16,0.0,0.0,Summer,No Holiday,Yes,6338086,2,7
1913,18/09/2018,5,17.9,77.0,0.5,1658,13.8,0.0,0.0,0.0,Autumn,No Holiday,No,884186,0,9
1914,14/11/2018,21,9.8,52.0,0.5,1255,0.3,0.0,0.0,0.0,Autumn,No Holiday,Yes,7160538,2,11
1915,7/7/2018,18,27.8,48.0,1.2,2000,15.7,0.91,0.0,0.0,Summer,No Holiday,Yes,11641631,2,7
1916,24/08/2018,6,24.9,88.0,1.1,2000,22.7,0.0,0.5,0.0,Summer,No Holiday,Yes,1558537,0,8
1918,16/02/2018,6,-5.2,42.0,0.7,1980,-16.1,0.0,0.0,0.0,Winter,Holiday,Yes,369865,0,2
1919,3/3/2018,3,0.8,38.0,0.8,1594,-11.9,0.0,0.0,0.0,Spring,No Holiday,Yes,1741054,0,3
1921,18/09/2018,2,18.8,74.0,0.2,1866,14.0,,0.0,0.0,Autumn,No Holiday,No,341640,0,9
1922,28/02/2018,2,5.2,54.0,1.3,516,-3.3,0.0,0.0,0.0,Winter,No Holiday,Yes,1735035,0,2
1923,24/06/2018,12,28.9,40.0,2.3,809,13.9,3.15,0.0,0.0,Summer,No Holiday,Yes,5974890,2,6
1924,6/11/2018,0,10.0,73.0,0.5,700,5.3,0.0,0.0,0.0,Autumn,No Holiday,No,646705,0,11
1925,16/03/2018,17,11.2,30.0,1.5,2000,-5.7,1.44,0.0,0.0,Spring,No Holiday,Yes,6598616,2,3
1926,23/07/2018,8,30.0,56.0,0.9,2000,20.2,0.54,0.0,0.0,Summer,No Holiday,Yes,10369421,2,7
1927,10/7/2018,12,24.1,80.0,0.8,2000,20.4,0.72,0.0,0.0,Summer,No Holiday,Yes,6268228,1,7
1928,12/4/2018,0,9.5,40.0,2.4,1987,-3.4,0.0,0.0,0.0,Spring,No Holiday,Yes,3071876,1,4
1929,15/04/2018,6,5.6,85.0,1.2,769,3.2,0.0,0.0,0.0,Spring,No Holiday,Yes,990723,0,4
1930,22/09/2018,21,19.4,55.0,0.8,2000,10.1,0.0,0.0,0.0,Autumn,No Holiday,Yes,8071091,2,9
1931,6/4/2018,21,4.0,67.0,3.0,794,-1.5,0.0,0.0,0.0,Spring,No Holiday,Yes,3076657,1,4
1932,4/4/2018,8,10.3,86.0,2.5,2000,8.0,0.15,,0.0,Spring,No Holiday,Yes,7043098,2,4
1933,15/04/2018,1,7.1,78.0,3.6,1662,3.5,0.0,0.0,0.0,Spring,No Holiday,Yes,2545174,1,4
1934,11/1/2018,10,-11.1,46.0,,1638,-20.4,0.48,0.0,0.0,Winter,No Holiday,Yes,806314,0,1
1935,10/9/2018,19,24.4,47.0,2.0,2000,12.3,0.05,0.0,0.0,Autumn,No Holiday,Yes,13080980,2,9
1936,27/07/2018,20,,73.0,2.8,1310,25.2,,0.0,0.0,Summer,No Holiday,Yes,8565543,2,7
1937,6/9/2018,17,26.6,63.0,3.0,2000,18.9,0.43,0.0,0.0,Autumn,No Holiday,Yes,8183932,2,9
1938,23/03/2018,10,,64.0,1.6,637,-0.8,1.7,0.0,0.0,Spring,No Holiday,Yes,3114752,1,3
1939,11/9/2018,0,20.1,52.0,1.5,2000,9.9,0.0,0.0,0.0,Autumn,No Holiday,Yes,5650946,1,9
1940,3/9/2018,3,24.2,70.0,0.3,2000,18.3,0.0,0.0,0.0,Autumn,No Holiday,Yes,2026926,1,9
1942,23/07/2018,6,29.2,58.0,1.7,2000,20.0,,0.0,0.0,Summer,No Holiday,Yes,4414151,1,7
1943,25/06/2018,3,22.0,83.0,0.5,684,18.9,,0.0,0.0,Summer,No Holiday,Yes,1310652,1,6
1944,14/12/2017,11,-6.1,38.0,1.0,1587,-18.1,0.52,,0.0,Winter,No Holiday,Yes,1846445,1,12
1945,21/01/2018,15,5.4,20.0,2.2,1890,-15.8,0.8,0.0,0.0,Winter,No Holiday,Yes,2096324,1,1
1946,18/11/2018,9,3.5,53.0,1.0,1338,-5.2,0.22,0.0,0.0,Autumn,No Holiday,Yes,2520777,1,11
1947,18/09/2018,15,26.1,43.0,2.8,1785,12.5,1.62,0.0,0.0,Autumn,No Holiday,No,509968,0,9
1948,9/2/2018,13,2.6,27.0,,1120,-14.5,,0.0,0.0,Winter,No Holiday,Yes,1653157,1,2
1949,19/10/2018,22,12.3,65.0,1.7,2000,5.8,0.0,0.0,0.0,Autumn,No Holiday,Yes,7058134,2,10
1951,17/09/2018,4,20.0,81.0,2.0,1313,16.6,0.0,0.0,0.0,Autumn,No Holiday,Yes,1076930,0,9
1952,15/02/2018,3,-1.4,34.0,2.1,2000,-15.2,0.0,,0.0,Winter,Holiday,Yes,1131606,0,2
1954,21/03/2018,3,1.3,40.0,2.1,2000,-10.8,0.0,0.0,0.0,Spring,No Holiday,Yes,792711,0,3
1955,16/02/2018,14,4.2,18.0,3.3,1976,-18.0,2.25,0.0,0.0,Winter,Holiday,Yes,1303530,0,2
1956,18/05/2018,20,16.2,76.0,2.1,2000,11.9,,,0.0,Spring,No Holiday,Yes,7551798,2,5
1957,5/3/2018,6,4.2,87.0,2.0,1979,2.2,0.0,2.0,0.0,Spring,No Holiday,Yes,671492,0,3
1958,1/7/2018,6,22.3,93.0,0.6,1262,21.1,0.01,0.4,0.0,Summer,No Holiday,Yes,839704,0,7
1959,30/03/2018,6,10.3,70.0,1.2,555,5.0,0.0,0.0,0.0,Spring,No Holiday,Yes,1768413,1,3
1960,20/06/2018,7,20.0,77.0,1.7,595,15.8,0.29,0.0,0.0,Summer,No Holiday,Yes,8720927,2,6
1961,6/6/2018,23,,77.0,3.1,797,15.9,0.0,0.0,0.0,Summer,Holiday,Yes,6339380,2,6
1962,3/10/2018,14,23.4,35.0,1.6,1972,7.0,2.51,0.0,0.0,Autumn,Holiday,Yes,10793341,2,10
1963,20/08/2018,16,,45.0,2.8,1928,18.8,0.98,0.0,0.0,Summer,No Holiday,Yes,7288151,2,8
1964,26/09/2018,3,16.5,57.0,1.6,2000,7.9,,0.0,0.0,Autumn,No Holiday,Yes,2025301,1,9
1965,10/8/2018,11,31.9,53.0,1.2,2000,21.1,2.33,0.0,0.0,Summer,No Holiday,Yes,3884296,1,8
1966,20/10/2018,16,20.9,20.0,2.0,1976,-2.9,1.35,0.0,0.0,Autumn,No Holiday,Yes,10105247,2,10
1967,17/06/2018,8,21.1,70.0,0.3,766,15.4,0.9,0.0,0.0,Summer,No Holiday,Yes,3787860,1,6
1968,8/12/2017,9,-6.7,50.0,0.9,1492,-15.4,0.23,0.0,0.0,Winter,No Holiday,Yes,3027669,1,12
1969,14/08/2018,16,36.3,41.0,2.4,1957,20.9,1.85,0.0,0.0,Summer,No Holiday,Yes,5354434,1,8
1970,30/10/2018,11,7.5,36.0,1.4,1993,-6.6,1.98,0.0,0.0,Autumn,No Holiday,Yes,4480566,1,10
1971,5/4/2018,9,6.8,89.0,2.9,2000,5.1,0.07,0.0,0.0,Spring,No Holiday,Yes,795450,0,4
1972,7/4/2018,6,1.7,58.0,3.8,1189,-5.6,0.0,0.0,0.0,Spring,No Holiday,Yes,958580,0,4
1973,2/9/2018,11,26.5,44.0,1.4,1958,13.2,2.62,0.0,0.0,Autumn,No Holiday,Yes,5422350,1,9
1974,15/04/2018,20,10.3,62.0,,1749,3.3,0.0,0.0,0.0,Spring,No Holiday,Yes,2275614,1,4
1975,11/12/2017,6,-5.9,39.0,2.9,1979,-17.6,0.0,,0.0,Winter,No Holiday,Yes,1117822,0,12
1977,2/9/2018,20,26.9,56.0,1.6,2000,17.3,0.0,0.0,0.0,Autumn,No Holiday,Yes,9918697,2,9
1978,14/01/2018,14,3.7,53.0,0.6,592,-5.0,,0.0,0.0,Winter,No Holiday,Yes,2264372,1,1
1979,7/11/2018,4,10.6,95.0,0.7,94,9.8,0.0,0.0,0.0,Autumn,No Holiday,Yes,425587,0,11
1980,7/11/2018,15,15.4,72.0,1.1,608,10.3,,0.0,0.0,Autumn,No Holiday,Yes,4480589,1,11
1981,23/09/2018,0,17.2,69.0,0.6,2000,11.4,0.0,0.0,0.0,Autumn,Holiday,Yes,4928258,1,9
1982,7/3/2018,20,8.5,46.0,1.0,1977,-2.4,0.0,,0.0,Spring,No Holiday,Yes,3544052,1,3
1983,31/12/2017,9,-1.9,82.0,1.6,410,-4.5,0.15,0.0,1.2,Winter,Holiday,Yes,1168637,0,12
1984,14/08/2018,10,31.7,57.0,1.3,1875,22.1,1.25,0.0,0.0,Summer,No Holiday,Yes,3469861,1,8
1985,1/9/2018,11,27.6,47.0,1.2,2000,15.2,2.63,0.0,0.0,Autumn,No Holiday,Yes,5734632,1,9
1986,30/08/2018,21,24.8,72.0,1.4,1298,19.4,0.0,0.0,0.0,Summer,No Holiday,Yes,8826557,2,8
1987,10/5/2018,16,19.6,54.0,3.9,1154,10.0,2.41,0.0,0.0,Spring,No Holiday,No,212398,0,5
1988,16/01/2018,23,3.9,60.0,0.9,379,-3.1,0.0,0.0,0.0,Winter,No Holiday,Yes,2091842,1,1
1989,20/09/2018,21,18.7,84.0,2.7,1744,15.9,0.0,0.0,0.0,Autumn,No Holiday,Yes,4621141,1,9
1990,19/02/2018,11,4.3,44.0,2.3,1091,-6.9,,0.0,0.0,Winter,No Holiday,Yes,2525634,1,2
1992,7/1/2018,21,1.2,39.0,0.6,1378,-11.2,0.0,0.0,0.0,Winter,No Holiday,Yes,1955784,1,1
1993,11/11/2018,2,7.9,85.0,1.1,275,5.5,0.0,0.0,0.0,Autumn,No Holiday,Yes,2783389,1,11
1995,6/11/2018,18,14.0,71.0,1.5,201,8.8,0.01,0.0,0.0,Autumn,No Holiday,No,238962,0,11
1996,5/11/2018,13,16.8,46.0,1.1,760,5.0,1.71,0.0,0.0,Autumn,No Holiday,Yes,5900181,1,11
1997,6/12/2017,18,1.7,90.0,1.0,66,0.2,0.0,,0.3,Winter,No Holiday,Yes,1774222,1,12
1998,9/1/2018,6,-5.6,52.0,3.7,1785,-13.9,0.0,0.0,0.9,Winter,No Holiday,Yes,1436434,0,1
1999,6/1/2018,6,-6.5,67.0,0.7,1175,-11.6,0.0,0.0,0.0,Winter,No Holiday,Yes,974661,0,1
2000,20/02/2018,22,0.5,22.0,2.9,2000,-18.8,0.0,0.0,0.0,Winter,No Holiday,Yes,1904064,1,2
2001,18/10/2018,16,18.5,40.0,1.8,2000,4.6,1.28,,0.0,Autumn,No Holiday,Yes,8248687,2,10
2002,28/11/2018,9,3.0,30.0,1.3,1242,-12.9,0.3,0.0,0.0,Autumn,No Holiday,Yes,4908733,1,11
2003,14/06/2018,13,22.8,67.0,1.2,930,16.3,1.55,0.0,0.0,Summer,No Holiday,Yes,6238899,2,6
2004,18/05/2018,16,17.0,82.0,1.9,2000,13.8,0.84,0.0,0.0,Spring,No Holiday,Yes,6498564,2,5
2005,25/04/2018,22,15.2,35.0,1.2,1999,-0.1,0.0,0.0,0.0,Spring,No Holiday,Yes,7846690,2,4
2006,9/11/2018,22,11.2,75.0,1.7,478,6.9,0.0,0.0,0.0,Autumn,No Holiday,No,822828,0,11
2007,24/02/2018,10,0.8,60.0,,497,-6.0,0.71,0.0,0.0,Winter,No Holiday,Yes,1504510,1,2
2008,30/06/2018,8,23.4,81.0,0.5,313,19.9,0.37,0.0,0.0,Summer,No Holiday,Yes,4590850,1,6
2009,5/8/2018,21,29.3,75.0,3.6,1674,24.4,0.0,0.0,0.0,Summer,No Holiday,Yes,8129965,2,8
2010,19/04/2018,10,14.7,29.0,1.7,1070,-3.1,2.07,0.0,0.0,Spring,No Holiday,Yes,1603239,0,4
2011,26/08/2018,0,22.8,78.0,1.5,2000,18.7,0.0,0.0,0.0,Summer,No Holiday,Yes,6402549,2,8
2012,13/05/2018,10,15.2,88.0,2.2,1090,13.2,,0.0,0.0,Spring,No Holiday,Yes,4218748,1,5
2013,13/02/2018,3,,61.0,1.3,1992,-12.5,0.0,0.0,0.0,Winter,No Holiday,Yes,605200,0,2
2014,12/3/2018,3,2.3,48.0,0.8,1448,-7.6,0.0,0.0,0.0,Spring,No Holiday,Yes,488769,0,3
2015,24/12/2017,16,2.3,91.0,3.3,270,0.9,0.07,0.0,0.0,Winter,Holiday,Yes,750154,0,12
2017,12/6/2018,9,21.1,60.0,0.9,1998,13.0,2.18,0.0,0.0,Summer,No Holiday,Yes,7685234,2,6
2018,27/06/2018,8,19.7,97.0,1.5,200,19.2,,0.0,0.0,Summer,No Holiday,Yes,10647795,2,6
2019,16/05/2018,4,22.3,86.0,0.5,387,19.8,0.0,0.0,0.0,Spring,No Holiday,Yes,804634,0,5
2022,10/4/2018,1,9.0,44.0,1.0,1314,-2.6,0.0,0.0,0.0,Spring,No Holiday,Yes,2171741,1,4
2023,17/12/2017,7,-10.2,42.0,2.3,2000,-20.6,0.0,0.0,0.0,Winter,No Holiday,Yes,934520,0,12
2024,4/8/2018,1,29.9,61.0,1.1,1745,21.5,0.0,0.0,0.0,Summer,No Holiday,Yes,4835822,1,8
2025,5/4/2018,10,7.1,87.0,2.9,2000,5.0,0.15,,0.0,Spring,No Holiday,Yes,893942,0,4
2027,26/09/2018,5,16.3,61.0,1.5,2000,8.7,0.0,0.0,0.0,Autumn,No Holiday,Yes,1290719,0,9
2028,11/7/2018,14,29.2,67.0,2.8,1725,22.4,1.13,0.0,0.0,Summer,No Holiday,Yes,6105584,2,7
2029,20/04/2018,18,24.7,33.0,2.3,687,7.3,0.78,0.0,0.0,Spring,No Holiday,Yes,11686493,2,4
2030,30/06/2018,14,27.5,69.0,0.5,736,21.2,,0.0,0.0,Summer,No Holiday,Yes,6709645,2,6
2031,17/03/2018,23,6.4,59.0,1.1,961,-1.0,0.0,0.0,0.0,Spring,No Holiday,Yes,2648357,1,3
2032,7/10/2018,19,16.6,36.0,1.4,2000,1.4,0.0,0.0,0.0,Autumn,No Holiday,Yes,9652903,2,10
2033,8/2/2018,6,-9.3,61.0,0.7,1684,-15.4,,0.0,0.0,Winter,No Holiday,Yes,1341090,0,2
2034,21/09/2018,14,21.4,76.0,,2000,16.9,1.5,0.5,0.0,Autumn,No Holiday,Yes,5626006,1,9
2035,24/05/2018,12,22.1,36.0,5.3,1696,6.3,3.2,0.0,0.0,Spring,No Holiday,Yes,6518883,2,5
2036,28/10/2018,16,12.2,65.0,1.9,2000,5.8,0.52,0.0,0.0,Autumn,No Holiday,Yes,2262343,1,10
2037,5/6/2018,3,19.1,72.0,0.6,1370,13.9,0.0,,0.0,Summer,No Holiday,Yes,2561747,1,6
2038,17/11/2018,16,8.3,35.0,2.1,1987,-6.2,0.37,0.0,0.0,Autumn,No Holiday,Yes,5753229,1,11
2039,29/12/2017,9,1.2,67.0,,591,-4.2,0.06,0.0,0.0,Winter,No Holiday,Yes,2217312,1,12
2040,13/07/2018,4,24.8,86.0,2.1,1103,22.2,0.0,0.0,0.0,Summer,No Holiday,Yes,1810214,1,7
2041,20/10/2018,23,11.7,58.0,0.0,1567,3.6,0.0,0.0,0.0,Autumn,No Holiday,Yes,5559809,1,10
2042,22/07/2018,12,35.5,39.0,1.9,1803,19.4,3.05,0.0,0.0,Summer,No Holiday,Yes,3814188,1,7
2043,13/12/2017,4,-11.4,58.0,1.3,1907,-18.0,0.0,0.0,0.0,Winter,No Holiday,Yes,740955,0,12
2044,24/05/2018,13,23.3,35.0,3.7,1874,6.9,3.28,0.0,0.0,Spring,No Holiday,Yes,6110825,2,5
2045,23/12/2017,4,5.3,79.0,0.9,506,1.9,0.0,0.0,0.0,Winter,No Holiday,Yes,1443715,0,12
2046,30/10/2018,7,1.3,65.0,1.2,2000,-4.5,0.0,0.0,0.0,Autumn,No Holiday,Yes,6025575,1,10
2047,24/10/2018,5,8.5,87.0,1.2,1046,6.4,0.0,0.0,0.0,Autumn,No Holiday,Yes,1135878,0,10
2048,29/07/2018,11,33.6,46.0,1.7,1965,20.3,2.6,0.0,0.0,Summer,No Holiday,Yes,2823969,1,7
2049,14/08/2018,11,32.4,54.0,1.9,1962,21.8,,0.0,0.0,Summer,No Holiday,Yes,4244676,1,8
2050,19/08/2018,18,,41.0,1.9,2000,17.3,0.62,0.0,0.0,Summer,No Holiday,Yes,10066126,2,8
2051,19/01/2018,10,0.0,29.0,1.3,1592,-15.9,0.52,0.0,0.0,Winter,No Holiday,Yes,2265917,1,1
2052,27/11/2018,20,8.3,39.0,1.6,560,-4.8,0.0,0.0,0.0,Autumn,No Holiday,Yes,4741165,1,11
2053,17/10/2018,15,18.3,21.0,2.7,2000,-4.4,2.02,0.0,0.0,Autumn,No Holiday,Yes,6302390,2,10
2054,31/03/2018,23,12.4,63.0,1.3,1201,5.5,0.0,0.0,0.0,Spring,No Holiday,Yes,3876314,1,3
2055,6/4/2018,6,6.1,96.0,2.1,798,5.5,0.0,0.0,0.0,Spring,No Holiday,Yes,1816678,0,4
2056,28/09/2018,22,17.1,70.0,1.0,2000,11.5,0.0,0.0,0.0,Autumn,No Holiday,No,564974,0,9
2057,18/07/2018,2,25.2,82.0,0.4,791,21.9,0.0,0.0,0.0,Summer,No Holiday,Yes,3562880,1,7
2058,1/5/2018,19,,68.0,1.5,610,15.0,0.16,0.0,0.0,Spring,Holiday,Yes,9287146,2,5
2060,29/01/2018,3,-9.8,43.0,2.8,1963,-20.0,0.0,0.0,0.0,Winter,No Holiday,Yes,629999,0,1
2061,1/1/2018,12,1.5,20.0,2.8,1992,-19.0,1.03,0.0,0.0,Winter,Holiday,Yes,1856170,1,1
2062,13/07/2018,17,30.1,65.0,1.8,1923,22.7,1.36,0.0,0.0,Summer,No Holiday,Yes,10099403,2,7
2063,4/6/2018,8,22.1,44.0,1.4,1435,9.2,1.16,0.0,0.0,Summer,No Holiday,Yes,11435640,2,6
2065,16/02/2018,1,-3.6,35.0,2.0,1943,-16.8,,,0.0,Winter,Holiday,Yes,560445,0,2
2066,10/4/2018,12,20.5,37.0,4.6,1761,5.2,2.94,0.0,0.0,Spring,No Holiday,Yes,5609920,1,4
2067,7/8/2018,16,35.4,45.0,2.6,1529,21.6,1.84,0.0,0.0,Summer,No Holiday,Yes,4644498,1,8
2068,1/4/2018,14,17.5,67.0,,832,11.2,,0.0,0.0,Spring,No Holiday,Yes,6437916,2,4
2070,22/01/2018,18,1.1,96.0,3.0,187,0.5,0.0,3.3,1.0,Winter,No Holiday,Yes,1627120,0,1
2071,5/4/2018,20,7.3,96.0,1.9,2000,6.6,0.0,0.0,0.0,Spring,No Holiday,Yes,505325,0,4
2072,19/09/2018,8,19.8,71.0,1.1,1534,14.3,,0.0,0.0,Autumn,No Holiday,No,798877,0,9
2073,13/04/2018,22,16.3,25.0,2.0,2000,-3.7,0.0,0.0,0.0,Spring,No Holiday,Yes,6221716,2,4
2074,15/01/2018,20,3.7,58.0,1.3,474,-3.8,0.0,0.0,0.0,Winter,No Holiday,Yes,2419281,1,1
2075,20/01/2018,11,3.7,59.0,1.8,978,-3.5,0.51,0.0,0.0,Winter,No Holiday,Yes,2326116,1,1
2076,15/05/2018,14,28.5,33.0,0.9,1348,10.6,2.51,0.0,0.0,Spring,No Holiday,Yes,6301801,2,5
2077,4/12/2017,23,-5.8,44.0,2.4,2000,-16.1,0.0,0.0,0.0,Winter,No Holiday,Yes,1765017,1,12
2078,27/06/2018,22,22.7,77.0,2.0,1099,18.4,0.0,0.0,0.0,Summer,No Holiday,Yes,10953055,2,6
2079,5/9/2018,6,19.8,82.0,0.5,2000,16.6,0.0,0.0,0.0,Autumn,No Holiday,Yes,4209962,1,9
2080,15/11/2018,10,8.6,57.0,,1102,0.5,0.77,,0.0,Autumn,No Holiday,Yes,4726851,1,11
2081,14/04/2018,20,9.4,76.0,,1376,5.3,0.0,0.0,0.0,Spring,No Holiday,Yes,4006266,1,4
2082,1/5/2018,22,19.9,75.0,0.8,516,15.3,0.0,0.0,0.0,Spring,Holiday,Yes,7432185,2,5
2083,9/11/2018,18,12.3,69.0,2.1,623,6.7,0.01,0.0,0.0,Autumn,No Holiday,No,662535,0,11
2084,1/12/2017,3,-6.2,40.0,0.9,2000,-17.6,0.0,0.0,0.0,Winter,No Holiday,Yes,1413697,0,12
2085,11/11/2018,5,6.8,83.0,0.6,341,4.1,0.0,0.0,0.0,Autumn,No Holiday,Yes,871341,0,11
2086,21/11/2018,6,6.7,86.0,0.3,593,4.5,0.0,0.0,0.0,Autumn,No Holiday,Yes,1901155,1,11
2087,2/8/2018,17,37.4,44.0,2.3,1829,23.0,1.49,0.0,0.0,Summer,No Holiday,Yes,5549657,1,8
2088,1/6/2018,1,19.5,65.0,0.4,1662,12.7,0.0,0.0,0.0,Summer,No Holiday,Yes,3999332,1,6
2089,15/12/2017,4,-7.1,59.0,0.8,1058,-13.7,0.0,0.0,0.0,Winter,No Holiday,Yes,1015688,0,12
2090,13/11/2018,12,12.8,45.0,1.8,1170,1.1,1.82,0.0,0.0,Autumn,No Holiday,Yes,5745268,1,11
2091,26/10/2018,4,12.6,60.0,0.6,1648,5.0,0.0,0.0,0.0,Autumn,No Holiday,Yes,1404523,0,10
2092,25/12/2017,6,-4.1,50.0,3.0,2000,-13.0,0.0,0.0,0.0,Winter,Holiday,Yes,1090395,0,12
2094,20/11/2018,16,11.3,21.0,2.8,1925,-10.2,0.82,0.0,0.0,Autumn,No Holiday,Yes,5746571,1,11
2095,23/10/2018,23,11.2,78.0,0.5,802,7.4,0.0,0.0,0.0,Autumn,No Holiday,Yes,5079175,1,10
2096,16/01/2018,6,1.2,69.0,0.6,436,-3.8,0.0,0.0,0.0,Winter,No Holiday,Yes,1507012,0,1
2097,6/7/2018,8,23.2,60.0,1.7,2000,14.9,0.58,0.0,0.0,Summer,No Holiday,Yes,11731579,2,7
2098,30/06/2018,15,27.8,71.0,0.9,733,22.0,,0.0,0.0,Summer,No Holiday,Yes,7115385,2,6
2099,6/3/2018,12,8.5,34.0,1.9,1876,-6.4,2.55,0.0,0.0,Spring,No Holiday,Yes,3407551,1,3
2100,5/9/2018,19,25.4,55.0,3.2,2000,15.6,0.15,0.0,0.0,Autumn,No Holiday,Yes,13899066,2,9
2101,20/04/2018,11,20.6,34.0,2.2,705,4.1,2.51,0.0,0.0,Spring,No Holiday,Yes,5032469,1,4
2102,27/05/2018,9,19.5,43.0,1.5,1548,0.0,1.02,0.0,0.0,Spring,No Holiday,Yes,4046265,1,5
2103,26/10/2018,3,12.8,57.0,0.5,1715,4.4,,0.0,0.0,Autumn,No Holiday,Yes,2128552,1,10
2104,9/12/2017,22,-0.5,55.0,0.6,1655,-8.4,0.0,0.0,0.0,Winter,No Holiday,Yes,1724309,1,12
2105,29/10/2018,0,5.3,81.0,1.7,1993,2.2,0.0,0.0,0.0,Autumn,No Holiday,Yes,2952279,1,10
2106,24/10/2018,11,15.7,53.0,1.0,1172,6.1,1.99,0.0,0.0,Autumn,No Holiday,Yes,4690731,1,10
2107,28/07/2018,12,33.6,62.0,1.9,820,25.3,1.35,0.0,0.0,Summer,No Holiday,Yes,3388444,1,7
2108,27/01/2018,20,-7.6,36.0,1.7,1858,-20.1,0.0,0.0,0.0,Winter,No Holiday,Yes,822568,0,1
2110,16/08/2018,4,27.8,69.0,0.9,2000,21.5,0.0,0.0,0.0,Summer,No Holiday,Yes,1484989,0,8
2112,3/12/2017,22,4.3,89.0,1.8,201,2.6,,0.0,0.0,Winter,No Holiday,Yes,2108001,1,12
2113,5/3/2018,3,5.7,92.0,2.0,458,4.4,0.0,,0.0,Spring,No Holiday,Yes,791626,0,3
2114,17/08/2018,12,30.3,30.0,1.9,1981,10.7,3.17,0.0,0.0,Summer,No Holiday,Yes,4950081,1,8
2115,17/06/2018,3,19.9,80.0,1.6,741,16.3,0.0,,0.0,Summer,No Holiday,Yes,3267762,1,6
2116,6/10/2018,14,19.3,79.0,3.6,2000,15.5,1.36,0.0,0.0,Autumn,No Holiday,Yes,5567018,1,10
2117,24/11/2018,11,1.2,97.0,2.3,975,0.7,0.07,,8.8,Autumn,No Holiday,Yes,858531,0,11
2118,28/04/2018,3,11.6,76.0,1.0,364,7.5,0.0,,0.0,Spring,No Holiday,Yes,2509245,1,4
2119,29/05/2018,19,22.3,71.0,2.5,1268,16.7,0.14,0.0,0.0,Spring,No Holiday,Yes,3593589,1,5
2121,6/10/2018,0,16.4,94.0,1.8,1744,15.4,0.0,1.0,0.0,Autumn,No Holiday,No,768323,0,10
2122,16/06/2018,3,17.4,61.0,1.2,2000,9.7,,0.0,0.0,Summer,No Holiday,Yes,3536253,1,6
2123,29/12/2017,10,1.9,65.0,0.3,562,-3.9,0.17,0.0,0.0,Winter,No Holiday,Yes,1934951,1,12
2124,27/11/2018,12,9.3,61.0,1.5,390,2.1,0.85,0.0,0.0,Autumn,No Holiday,Yes,4259606,1,11
2125,10/7/2018,3,20.6,98.0,,1986,20.2,0.0,,0.0,Summer,No Holiday,Yes,1572420,0,7
2126,20/04/2018,19,22.9,35.0,1.8,714,6.6,0.22,0.0,0.0,Spring,No Holiday,Yes,9145671,2,4
2128,7/4/2018,3,1.5,82.0,3.5,372,-1.2,0.0,0.1,0.0,Spring,No Holiday,Yes,1050212,0,4
2129,19/02/2018,3,-1.4,41.0,1.6,1870,-12.9,0.0,0.0,0.0,Winter,No Holiday,Yes,607426,0,2
2131,10/3/2018,8,1.5,73.0,1.2,466,-2.8,0.11,0.0,0.0,Spring,No Holiday,Yes,2145370,1,3
2132,13/12/2017,22,-8.9,39.0,0.1,2000,-20.3,,0.0,0.0,Winter,No Holiday,Yes,2474821,1,12
2133,13/09/2018,17,27.9,51.0,1.4,2000,16.8,1.19,0.0,0.0,Autumn,No Holiday,Yes,10486275,2,9
2134,5/6/2018,6,17.8,73.0,0.4,1188,12.8,0.04,0.0,0.0,Summer,No Holiday,Yes,4341759,1,6
2135,9/6/2018,4,19.0,83.0,0.4,473,16.0,0.0,0.0,0.0,Summer,No Holiday,Yes,1926990,1,6
2136,11/2/2018,23,-7.0,49.0,3.4,1984,-15.9,0.0,0.0,0.0,Winter,No Holiday,Yes,1062028,0,2
2137,9/8/2018,9,29.4,64.0,2.3,1926,21.8,0.9,0.0,0.0,Summer,No Holiday,Yes,5630417,1,8
2138,15/05/2018,9,20.8,53.0,,381,10.8,1.58,0.0,0.0,Spring,No Holiday,Yes,6086724,2,5
2139,8/3/2018,4,3.3,90.0,1.3,682,1.8,0.0,0.0,0.0,Spring,No Holiday,Yes,444537,0,3
2140,25/03/2018,23,,,2.1,1241,37.6,,0.0,0.0,Spring,No Holiday,Yes,8476811,2,3
2141,30/09/2018,3,17.0,70.0,0.9,2000,11.4,0.0,0.0,0.0,Autumn,No Holiday,No,987018,0,9
2143,3/3/2018,9,2.2,30.0,1.5,1513,-13.6,0.81,0.0,0.0,Spring,No Holiday,Yes,2553679,1,3
2144,13/02/2018,20,2.3,59.0,3.8,1981,-4.9,0.0,0.0,0.0,Winter,No Holiday,Yes,2181265,1,2
2145,12/3/2018,16,14.5,34.0,3.1,471,-1.2,1.59,0.0,0.0,Spring,No Holiday,Yes,4699605,1,3
2146,8/11/2018,14,11.3,96.0,2.7,302,10.6,0.11,0.0,0.0,Autumn,No Holiday,Yes,493525,0,11
2147,24/12/2017,7,4.7,89.0,1.1,100,3.0,0.0,,0.0,Winter,Holiday,Yes,417626,0,12
2148,3/1/2018,15,-1.1,29.0,2.8,1976,-16.9,0.96,0.0,0.0,Winter,No Holiday,Yes,2093937,1,1
2149,15/03/2018,2,16.5,68.0,1.3,1724,10.5,0.0,0.0,0.0,Spring,No Holiday,Yes,1339316,1,3
2150,24/05/2018,11,21.5,30.0,2.9,1779,3.1,2.92,,0.0,Spring,No Holiday,Yes,5951110,1,5
2151,2/10/2018,7,10.4,81.0,0.3,1956,7.2,0.02,0.0,0.0,Autumn,No Holiday,No,295313,0,10
2152,2/1/2018,3,-2.5,62.0,0.4,1626,-8.7,0.0,0.0,0.0,Winter,No Holiday,Yes,1188600,0,1
2153,5/3/2018,8,3.6,88.0,2.3,2000,1.7,0.03,0.0,0.0,Spring,No Holiday,Yes,1981433,1,3
2154,4/2/2018,7,-12.4,54.0,2.5,1790,-19.8,0.0,0.0,0.0,Winter,No Holiday,Yes,727405,0,2
2156,14/06/2018,19,23.6,63.0,0.6,1956,16.1,0.19,,0.0,Summer,No Holiday,Yes,10237595,2,6
2157,10/4/2018,11,18.5,27.0,1.3,1610,-0.8,,0.0,0.0,Spring,No Holiday,Yes,5013511,1,4
2158,6/8/2018,1,28.7,80.0,1.5,1295,24.8,0.0,0.0,0.0,Summer,No Holiday,Yes,2903020,1,8
2159,11/3/2018,13,10.3,31.0,2.1,885,-6.1,2.67,0.0,0.0,Spring,No Holiday,Yes,4683250,1,3
2160,17/11/2018,13,10.9,32.0,2.1,1581,-5.1,1.85,0.0,0.0,Autumn,No Holiday,Yes,6450809,2,11
2161,23/03/2018,21,5.8,60.0,2.2,650,-1.3,0.0,0.0,0.0,Spring,No Holiday,Yes,3860249,1,3
2162,17/11/2018,19,6.0,44.0,0.8,1758,-5.3,0.0,0.0,0.0,Autumn,No Holiday,Yes,4382398,1,11
2163,2/11/2018,18,14.6,42.0,1.4,1428,1.8,0.02,0.0,0.0,Autumn,No Holiday,Yes,12447403,2,11
2164,12/9/2018,16,27.8,42.0,1.7,1974,13.7,1.98,0.0,0.0,Autumn,No Holiday,Yes,7808135,2,9
2165,11/3/2018,19,7.8,28.0,1.9,1982,-9.6,0.04,0.0,0.0,Spring,No Holiday,Yes,3498215,1,3
2166,6/2/2018,15,-5.9,25.0,3.1,1936,-22.8,1.93,,0.0,Winter,No Holiday,Yes,1692163,0,2
2167,25/08/2018,18,27.1,56.0,3.0,1987,17.5,0.87,0.0,0.0,Summer,No Holiday,Yes,11833650,2,8
2168,10/4/2018,7,7.2,50.0,1.1,1454,-2.5,0.1,0.0,0.0,Spring,No Holiday,Yes,5885491,1,4
2169,19/05/2018,17,24.5,35.0,1.8,1927,8.0,1.93,0.0,0.0,Spring,No Holiday,Yes,12709444,2,5
2171,14/03/2018,15,21.7,39.0,3.3,1979,7.1,2.09,0.0,0.0,Spring,No Holiday,Yes,5492582,1,3
2172,29/06/2018,21,25.2,75.0,,644,20.4,,0.0,0.0,Summer,No Holiday,Yes,11917536,2,6
2173,23/03/2018,3,1.9,81.0,1.1,525,-1.0,0.0,0.0,0.0,Spring,No Holiday,Yes,952737,0,3
2174,30/09/2018,16,21.2,28.0,3.2,2000,1.9,,0.0,0.0,Autumn,No Holiday,No,796926,0,9
2175,5/9/2018,15,28.1,43.0,5.1,1929,14.3,2.65,0.0,0.0,Autumn,No Holiday,Yes,5872645,2,9
2176,23/08/2018,12,,49.0,1.9,2000,19.8,1.85,0.0,0.0,Summer,No Holiday,Yes,4509638,1,8
2177,7/3/2018,17,10.4,37.0,1.0,2000,-3.6,0.67,0.0,0.0,Spring,No Holiday,Yes,4269883,1,3
2178,1/11/2018,8,2.8,74.0,0.9,1366,-1.3,0.13,0.0,0.0,Autumn,No Holiday,Yes,10630552,2,11
2179,26/07/2018,9,29.1,69.0,1.0,853,22.8,0.67,0.0,0.0,Summer,No Holiday,Yes,5353654,1,7
2180,3/3/2018,20,11.1,51.0,3.7,1957,1.3,0.0,0.0,0.0,Spring,No Holiday,Yes,3608044,1,3
2181,20/11/2018,4,1.3,48.0,0.5,2000,-8.5,0.0,0.0,0.0,Autumn,No Holiday,Yes,1000324,0,11
2182,12/5/2018,16,13.8,97.0,0.7,196,13.3,0.12,1.5,0.0,Spring,No Holiday,Yes,507043,0,5
2183,26/11/2018,21,6.7,71.0,0.9,461,1.8,0.0,0.0,0.0,Autumn,No Holiday,Yes,5330520,1,11
2184,5/1/2018,22,-3.8,53.0,1.3,1300,-12.0,0.0,0.0,0.0,Winter,No Holiday,Yes,1540759,1,1
2185,18/07/2018,12,31.2,51.0,2.0,1101,19.8,2.96,0.0,0.0,Summer,No Holiday,Yes,3867352,1,7
2186,18/03/2018,10,7.2,53.0,1.6,709,-1.7,0.45,,0.0,Spring,No Holiday,Yes,2540711,1,3
2187,23/01/2018,17,-10.6,38.0,3.5,2000,-22.2,0.38,0.0,0.9,Winter,No Holiday,Yes,1366228,1,1
2188,26/09/2018,17,23.6,38.0,,2000,8.4,1.04,0.0,0.0,Autumn,No Holiday,Yes,12739268,2,9
2189,13/11/2018,16,14.2,37.0,2.0,1783,-0.3,0.91,0.0,0.0,Autumn,No Holiday,Yes,6446558,2,11
2190,11/11/2018,10,10.2,68.0,0.7,354,4.5,1.06,0.0,0.0,Autumn,No Holiday,Yes,3617041,1,11
2191,8/11/2018,1,11.9,77.0,1.1,1634,7.9,,0.0,0.0,Autumn,No Holiday,Yes,990515,0,11
2192,19/08/2018,9,26.3,50.0,0.7,1980,15.0,1.28,0.0,0.0,Summer,No Holiday,Yes,4055431,1,8
2193,3/11/2018,11,14.5,42.0,1.6,890,1.7,,0.0,0.0,Autumn,No Holiday,No,825682,0,11
2194,17/10/2018,17,16.9,34.0,2.5,2000,0.9,0.74,,0.0,Autumn,No Holiday,Yes,10268063,2,10
2195,29/05/2018,4,,60.0,1.9,1364,11.8,,,0.0,Spring,No Holiday,Yes,1166938,0,5
2196,29/04/2018,0,11.7,53.0,1.4,1620,2.4,0.0,0.0,0.0,Spring,No Holiday,Yes,4585505,1,4
2197,7/3/2018,19,,44.0,2.3,2000,-2.7,0.0,0.0,0.0,Spring,No Holiday,Yes,4959333,1,3
2198,9/4/2018,9,2.6,96.0,1.1,316,2.0,0.87,0.0,0.0,Spring,No Holiday,Yes,4330904,1,4
2199,2/10/2018,6,10.6,81.0,0.0,1798,7.4,0.0,0.0,0.0,Autumn,No Holiday,No,403836,0,10
2200,18/03/2018,12,9.8,46.0,1.2,710,-1.2,,0.0,0.0,Spring,No Holiday,Yes,4320197,1,3
2201,17/02/2018,10,-4.3,21.0,1.4,1908,-23.4,1.34,0.0,0.0,Winter,Holiday,Yes,1491042,0,2
2202,10/2/2018,9,1.6,78.0,2.0,260,-1.8,0.17,,0.0,Winter,No Holiday,Yes,2049498,1,2
2203,18/08/2018,14,31.0,31.0,1.8,1999,11.8,2.8,0.0,0.0,Summer,No Holiday,Yes,6439857,2,8
2204,9/11/2018,5,10.9,68.0,3.1,1034,5.2,,0.0,0.0,Autumn,No Holiday,No,167166,0,11
2205,18/11/2018,4,2.5,49.0,0.4,1988,-7.1,0.0,0.0,0.0,Autumn,No Holiday,Yes,1365215,0,11
2206,24/02/2018,4,2.7,82.0,2.8,222,0.0,0.0,0.0,0.0,Winter,No Holiday,Yes,1005088,0,2
2207,5/4/2018,3,8.9,64.0,2.2,2000,2.4,0.0,0.0,0.0,Spring,No Holiday,Yes,1320335,0,4
2208,9/5/2018,5,9.5,65.0,0.9,2000,3.2,0.0,0.0,0.0,Spring,No Holiday,Yes,1233731,1,5
2209,26/10/2018,5,12.4,60.0,0.8,1563,4.8,0.0,0.0,0.0,Autumn,No Holiday,Yes,1450448,1,10
2210,2/6/2018,9,23.3,43.0,1.2,1257,10.0,1.91,0.0,0.0,Summer,No Holiday,Yes,6105513,1,6
2211,23/09/2018,1,16.4,66.0,0.1,2000,10.0,,0.0,0.0,Autumn,Holiday,Yes,3392494,1,9
2212,27/12/2017,9,-9.8,33.0,2.0,1997,-23.0,0.17,0.0,0.0,Winter,No Holiday,Yes,1986275,1,12
2214,22/11/2018,4,0.5,39.0,1.6,2000,-11.8,0.0,0.0,0.0,Autumn,No Holiday,Yes,1380034,0,11
2215,4/10/2018,18,23.1,48.0,1.3,2000,11.4,0.2,0.0,0.0,Autumn,No Holiday,No,540308,0,10
2216,10/1/2018,11,-6.4,49.0,4.5,1759,-15.3,0.86,,0.5,Winter,No Holiday,Yes,999317,0,1
2217,21/06/2018,17,28.4,43.0,3.3,1715,14.6,2.04,0.0,0.0,Summer,No Holiday,Yes,11089471,2,6
2218,2/5/2018,7,17.6,94.0,0.5,166,16.6,0.0,1.0,0.0,Spring,No Holiday,Yes,1252239,0,5
2219,5/5/2018,3,11.6,53.0,1.1,1904,2.3,0.0,,0.0,Spring,No Holiday,Yes,2191738,1,5
2221,16/04/2018,14,18.0,28.0,1.6,1820,-0.8,3.11,0.0,0.0,Spring,No Holiday,Yes,5644102,1,4
2222,22/12/2017,8,-0.4,69.0,0.5,904,-5.4,0.0,0.0,0.7,Winter,Holiday,Yes,3636999,1,12
2223,9/9/2018,10,22.9,45.0,1.5,2000,10.3,2.1,0.0,0.0,Autumn,No Holiday,Yes,5008649,1,9
2224,21/08/2018,19,29.2,62.0,1.7,2000,21.1,0.31,0.0,0.0,Summer,No Holiday,Yes,12798602,2,8
2225,13/07/2018,1,24.8,89.0,0.9,1555,22.8,0.0,0.0,0.0,Summer,No Holiday,Yes,4560242,1,7
2226,21/10/2018,14,20.1,23.0,2.3,1896,-1.7,2.23,0.0,0.0,Autumn,No Holiday,Yes,9141370,2,10
2227,6/3/2018,3,0.1,71.0,0.4,2000,-4.5,,0.0,0.0,Spring,No Holiday,Yes,1090538,0,3
2228,6/4/2018,22,3.9,68.0,3.0,737,-1.4,0.0,0.0,0.0,Spring,No Holiday,Yes,3237008,1,4
2229,24/04/2018,5,9.4,93.0,1.3,2000,8.3,0.0,0.0,0.0,Spring,No Holiday,Yes,1064677,0,4
2231,24/06/2018,9,23.1,68.0,1.9,482,16.8,,0.0,0.0,Summer,No Holiday,Yes,4135648,1,6
2232,20/09/2018,4,19.6,74.0,,847,14.8,0.0,0.0,0.0,Autumn,No Holiday,Yes,1795929,1,9
2233,26/09/2018,16,24.4,35.0,1.8,2000,7.9,1.71,0.0,0.0,Autumn,No Holiday,Yes,12687893,2,9
2234,30/06/2018,5,21.7,88.0,0.6,289,19.6,0.0,,0.0,Summer,No Holiday,Yes,1740891,1,6
2236,14/06/2018,9,,96.0,0.6,273,18.4,0.17,1.5,0.0,Summer,No Holiday,Yes,1168442,0,6
2237,30/06/2018,23,22.9,92.0,0.6,989,21.5,0.0,0.0,0.0,Summer,No Holiday,Yes,5131238,1,6
2238,16/01/2018,12,5.2,52.0,1.2,349,-3.8,0.45,0.0,0.0,Winter,No Holiday,Yes,1795426,1,1
2239,11/3/2018,6,3.4,85.0,1.5,234,1.1,0.0,0.0,0.0,Spring,No Holiday,Yes,1187036,0,3
2240,2/2/2018,22,-2.4,63.0,1.3,1523,-8.4,0.0,0.0,0.0,Winter,No Holiday,Yes,1842890,1,2
2241,9/3/2018,17,8.9,46.0,1.8,789,-2.1,1.0,0.0,0.0,Spring,No Holiday,Yes,5382964,1,3
2242,22/10/2018,13,19.4,35.0,1.2,678,3.5,1.73,0.0,0.0,Autumn,No Holiday,Yes,5723002,2,10
2243,26/07/2018,0,,78.0,1.2,1341,23.5,0.0,0.0,0.0,Summer,No Holiday,Yes,6032110,1,7
2244,25/12/2017,11,-2.8,35.0,,1984,-16.1,0.87,0.0,0.0,Winter,Holiday,Yes,1312569,0,12
2245,5/3/2018,14,10.0,44.0,1.9,2000,-1.7,2.46,0.0,0.0,Spring,No Holiday,Yes,3145961,1,3
2246,2/7/2018,20,23.5,97.0,0.1,1814,22.9,,24.0,0.0,Summer,No Holiday,Yes,837651,0,7
2247,1/11/2018,11,11.1,46.0,1.6,1518,-0.1,1.84,0.0,0.0,Autumn,No Holiday,Yes,4882820,1,11
2248,12/10/2018,10,11.6,40.0,1.7,1991,-1.5,1.77,0.0,0.0,Autumn,No Holiday,Yes,4607219,1,10
2249,12/7/2018,3,26.2,83.0,0.3,1294,23.0,0.0,0.0,0.0,Summer,No Holiday,Yes,2240987,1,7
2252,15/02/2018,4,-1.9,34.0,3.0,2000,-15.7,0.0,0.0,0.0,Winter,Holiday,Yes,475180,0,2
2254,10/10/2018,5,13.6,89.0,2.7,990,11.8,0.0,0.0,0.0,Autumn,No Holiday,Yes,1553329,0,10
2255,15/09/2018,12,25.4,63.0,0.9,2000,17.8,1.01,,0.0,Autumn,No Holiday,Yes,7548473,2,9
2256,28/03/2018,4,10.6,77.0,0.9,422,6.7,0.0,0.0,0.0,Spring,No Holiday,Yes,586465,0,3
2257,25/03/2018,13,14.6,38.0,1.9,315,0.4,2.75,0.0,0.0,Spring,No Holiday,Yes,4440553,1,3
2258,2/8/2018,4,31.1,54.0,1.9,2000,20.6,0.0,0.0,0.0,Summer,No Holiday,Yes,1191411,1,8
2260,12/11/2018,20,9.0,48.0,,1879,-1.4,0.0,0.0,0.0,Autumn,No Holiday,Yes,6345041,2,11
2261,25/03/2018,17,15.8,40.0,2.3,481,2.2,1.28,0.0,0.0,Spring,No Holiday,Yes,5279435,1,3
2262,20/12/2017,7,-8.1,67.0,0.9,1737,-13.1,0.0,0.0,2.0,Winter,No Holiday,Yes,1635192,1,12
2263,28/05/2018,16,28.1,43.0,3.4,845,14.3,2.32,0.0,0.0,Spring,No Holiday,Yes,7738717,2,5
2264,8/3/2018,2,4.2,88.0,0.9,553,2.3,0.0,0.0,0.0,Spring,No Holiday,Yes,235529,0,3
2265,7/5/2018,23,17.5,69.0,1.5,978,11.7,0.0,0.0,0.0,Spring,No Holiday,Yes,5758682,1,5
2266,21/03/2018,2,1.4,40.0,2.9,2000,-10.7,0.0,0.0,0.0,Spring,No Holiday,Yes,1297430,0,3
2267,18/08/2018,2,23.4,53.0,1.1,2000,13.2,0.0,0.0,0.0,Summer,No Holiday,Yes,4298785,1,8
2268,22/06/2018,22,23.3,32.0,1.1,2000,5.6,,0.0,0.0,Summer,No Holiday,Yes,11658392,2,6
2269,20/06/2018,16,28.2,48.0,3.9,1103,16.1,2.55,0.0,0.0,Summer,No Holiday,Yes,8862260,2,6
2270,22/02/2018,8,-3.6,63.0,0.9,1473,-9.6,0.07,0.0,0.0,Winter,No Holiday,Yes,4920750,1,2
2271,19/05/2018,0,12.2,67.0,1.2,2000,6.2,0.0,0.0,0.0,Spring,No Holiday,Yes,3646403,1,5
2272,5/12/2017,8,-8.1,36.0,1.6,2000,-20.5,0.01,0.0,0.0,Winter,No Holiday,Yes,4600249,1,12
2273,11/7/2018,19,28.2,72.0,1.6,1745,22.6,0.13,0.0,0.0,Summer,No Holiday,Yes,12754138,2,7
2274,7/8/2018,15,34.3,49.0,1.0,1633,22.0,,0.0,0.0,Summer,No Holiday,Yes,4104842,1,8
2275,28/06/2018,21,21.3,94.0,0.3,1314,20.2,0.0,0.0,0.0,Summer,No Holiday,Yes,6998739,2,6
2276,4/6/2018,6,18.9,53.0,0.3,1871,9.1,0.04,0.0,0.0,Summer,No Holiday,Yes,4778364,1,6
2277,30/03/2018,14,21.0,28.0,2.8,1191,1.7,2.75,0.0,0.0,Spring,No Holiday,Yes,6391177,2,3
2278,7/12/2017,11,2.3,69.0,1.7,628,-2.8,0.63,0.0,0.6,Winter,No Holiday,Yes,2060649,1,12
2279,9/11/2018,14,15.0,49.0,2.8,518,4.3,1.53,0.0,0.0,Autumn,No Holiday,No,319534,0,11
2280,18/08/2018,19,28.5,45.0,1.6,2000,15.4,,,0.0,Summer,No Holiday,Yes,11059110,2,8
2281,30/05/2018,12,23.2,64.0,3.0,1305,16.0,2.08,0.0,0.0,Spring,No Holiday,Yes,6020392,2,5
2282,21/02/2018,9,-3.8,28.0,1.7,1904,-19.6,,0.0,0.0,Winter,No Holiday,Yes,2860932,1,2
2284,20/01/2018,9,0.9,63.0,0.9,1090,-5.3,0.07,0.0,0.0,Winter,No Holiday,Yes,1927788,1,1
2285,26/04/2018,9,14.0,54.0,1.5,1054,4.8,1.37,0.0,0.0,Spring,No Holiday,Yes,5885812,1,4
2287,14/04/2018,2,13.5,27.0,1.6,2000,-5.1,0.0,0.0,0.0,Spring,No Holiday,Yes,1932912,1,4
2288,24/10/2018,12,16.8,48.0,1.6,1673,5.7,2.1,0.0,0.0,Autumn,No Holiday,Yes,6134164,1,10
2289,1/3/2018,11,0.8,52.0,4.6,1035,-7.9,2.2,0.0,0.0,Spring,Holiday,Yes,1765964,1,3
2290,6/11/2018,15,16.3,54.0,1.6,374,6.9,0.76,0.0,0.0,Autumn,No Holiday,No,992010,0,11
2291,21/04/2018,21,17.8,21.0,1.2,2000,-4.8,0.0,0.0,0.0,Spring,No Holiday,Yes,7843166,2,4
2292,24/04/2018,10,12.9,68.0,1.3,2000,7.1,0.97,0.0,0.0,Spring,No Holiday,Yes,3266641,1,4
2293,2/8/2018,0,31.9,67.0,1.5,1550,25.0,0.0,0.0,0.0,Summer,No Holiday,Yes,4457675,1,8
2294,28/02/2018,4,5.4,56.0,1.7,472,-2.6,0.0,0.0,0.0,Winter,No Holiday,Yes,1285744,0,2
2295,3/3/2018,1,0.6,36.0,0.4,1933,-12.7,0.0,0.0,0.0,Spring,No Holiday,Yes,2133197,1,3
2296,22/06/2018,21,24.2,32.0,1.5,2000,6.4,0.0,0.0,0.0,Summer,No Holiday,Yes,11237235,2,6
2297,2/1/2018,17,0.3,27.0,2.6,2000,-16.5,0.18,0.0,0.0,Winter,No Holiday,Yes,2277489,1,1
2298,15/08/2018,10,33.5,49.0,1.0,1937,21.3,2.09,0.0,0.0,Summer,Holiday,Yes,3704181,1,8
2300,10/4/2018,22,15.8,83.0,5.4,691,12.9,0.0,1.5,0.0,Spring,No Holiday,Yes,855555,0,4
2301,1/3/2018,20,-2.2,49.0,3.5,1325,-11.4,0.0,0.0,0.0,Spring,Holiday,Yes,1843872,1,3
2302,29/10/2018,19,,53.0,3.7,2000,-0.9,0.0,0.0,0.0,Autumn,No Holiday,Yes,7363886,2,10
2303,27/06/2018,6,19.2,97.0,1.5,157,18.7,0.0,0.0,0.0,Summer,No Holiday,Yes,2607487,1,6
2304,23/05/2018,16,23.0,33.0,4.2,1880,5.8,,0.0,0.0,Spring,No Holiday,Yes,8601147,2,5
2305,24/09/2018,13,20.9,30.0,3.5,2000,2.6,2.93,0.0,0.0,Autumn,Holiday,Yes,4863845,1,9
2306,9/10/2018,21,16.8,52.0,1.6,2000,6.8,0.0,0.0,0.0,Autumn,Holiday,No,531637,0,10
2307,21/04/2018,15,25.0,13.0,4.1,2000,-5.3,2.98,0.0,0.0,Spring,No Holiday,Yes,9462166,2,4
2308,8/9/2018,18,25.7,38.0,1.5,2000,10.3,0.64,0.0,0.0,Autumn,No Holiday,Yes,11810377,2,9
2309,23/07/2018,3,,50.0,2.1,1970,18.0,0.0,0.0,0.0,Summer,No Holiday,Yes,1920659,1,7
2310,13/03/2018,12,15.5,47.0,3.3,1303,4.2,2.44,0.0,0.0,Spring,No Holiday,Yes,3721241,1,3
2311,13/10/2018,16,19.4,29.0,1.2,1154,0.8,1.37,0.0,0.0,Autumn,No Holiday,Yes,10869962,2,10
2312,27/09/2018,13,23.0,39.0,1.7,2000,8.2,2.28,0.0,0.0,Autumn,No Holiday,Yes,6437176,2,9
2313,23/10/2018,13,13.5,82.0,0.8,962,10.4,1.33,0.0,0.0,Autumn,No Holiday,Yes,4100590,1,10
2314,22/08/2018,5,23.4,82.0,0.4,2000,20.1,0.0,0.0,0.0,Summer,No Holiday,Yes,1921347,1,8
2315,4/9/2018,1,21.3,97.0,1.1,570,20.7,0.0,0.0,0.0,Autumn,No Holiday,Yes,3167217,1,9
2316,30/09/2018,12,20.8,47.0,3.1,1665,9.0,2.0,0.0,0.0,Autumn,No Holiday,No,200316,0,9
2317,13/02/2018,20,2.3,59.0,3.8,1981,-4.9,0.0,0.0,0.0,Winter,No Holiday,Yes,2181265,1,2
2318,13/03/2018,20,13.9,77.0,1.5,1010,9.9,0.0,0.0,0.0,Spring,No Holiday,Yes,6051961,1,3
2319,31/01/2018,6,-3.1,80.0,0.7,1215,-6.0,0.0,0.0,3.5,Winter,No Holiday,Yes,783498,0,1
2320,18/02/2018,4,-4.1,27.0,0.6,2000,-20.3,0.0,0.0,0.0,Winter,No Holiday,Yes,1100540,0,2
2321,25/12/2017,16,0.4,27.0,2.0,2000,-16.4,0.58,0.0,0.0,Winter,Holiday,Yes,1912463,1,12
2322,10/8/2018,9,29.0,64.0,0.8,1987,21.4,1.45,0.0,0.0,Summer,No Holiday,Yes,5092619,1,8
2323,25/01/2018,23,-14.9,35.0,2.8,2000,-26.9,0.0,,0.5,Winter,No Holiday,Yes,606466,0,1
2324,2/10/2018,4,11.2,80.0,0.3,1236,7.8,0.0,0.0,0.0,Autumn,No Holiday,No,535083,0,10
2325,15/04/2018,0,7.8,78.0,1.8,1741,4.1,0.0,0.0,0.0,Spring,No Holiday,Yes,2959919,1,4
2326,13/09/2018,13,25.1,56.0,2.0,1964,15.6,1.41,0.0,0.0,Autumn,No Holiday,Yes,5374609,1,9
2327,13/09/2018,14,27.2,49.0,1.5,1945,15.5,2.54,0.0,0.0,Autumn,No Holiday,Yes,6410625,2,9
2328,17/08/2018,4,22.1,54.0,1.6,2000,12.3,,0.0,0.0,Summer,No Holiday,Yes,2379988,1,8
2329,15/12/2017,10,-4.6,52.0,0.8,648,-12.9,0.34,0.0,0.0,Winter,No Holiday,Yes,1884265,1,12
2330,13/06/2018,4,18.7,74.0,0.9,1933,13.9,0.0,0.0,0.0,Summer,No Holiday,Yes,2160056,1,6
2331,4/6/2018,14,26.5,43.0,3.9,1671,12.8,2.36,,0.0,Summer,No Holiday,Yes,6147346,2,6
2332,5/10/2018,22,16.2,92.0,2.6,1771,14.8,0.0,1.5,0.0,Autumn,No Holiday,Yes,508693,0,10
2333,4/2/2018,3,-10.6,47.0,3.7,2000,-19.7,0.0,0.0,0.0,Winter,No Holiday,Yes,401744,0,2
2334,9/2/2018,20,3.0,61.0,1.9,842,-3.8,0.0,0.0,0.0,Winter,No Holiday,Yes,2011546,1,2
2335,8/8/2018,11,32.7,55.0,2.7,1836,22.4,2.44,0.0,0.0,Summer,No Holiday,Yes,3855418,1,8
2336,21/01/2018,10,-1.3,37.0,0.8,1070,-14.1,,0.0,0.0,Winter,No Holiday,Yes,1872881,0,1
2337,17/03/2018,15,13.2,23.0,2.8,1696,-7.5,2.52,0.0,0.0,Spring,No Holiday,Yes,7954627,2,3
2340,18/07/2018,5,23.9,83.0,0.4,780,20.8,0.0,0.0,0.0,Summer,No Holiday,Yes,2229898,1,7
2341,16/04/2018,8,6.9,54.0,0.7,1706,-1.7,0.85,0.0,0.0,Spring,No Holiday,Yes,9379344,2,4
2342,11/7/2018,13,28.7,69.0,2.6,1546,22.4,1.02,0.0,0.0,Summer,No Holiday,Yes,5578974,1,7
2343,21/06/2018,7,19.9,74.0,1.7,683,15.1,,,0.0,Summer,No Holiday,Yes,8655037,2,6
2344,30/10/2018,3,1.7,59.0,0.5,2000,-5.4,0.0,0.0,0.0,Autumn,No Holiday,Yes,1874650,0,10
2345,13/12/2017,6,-11.9,57.0,1.1,1974,-18.7,,0.0,0.0,Winter,No Holiday,Yes,991981,0,12
2346,2/11/2018,17,17.0,36.0,1.5,1672,1.8,0.47,0.0,0.0,Autumn,No Holiday,Yes,9683937,2,11
2347,27/11/2018,8,,,2.3,1822,-24.2,0.0,0.0,1.1,Autumn,No Holiday,No,16362942,2,11
2348,14/04/2018,15,8.6,88.0,3.2,1211,6.7,0.17,0.0,0.0,Spring,No Holiday,Yes,1442711,1,4
2349,26/06/2018,21,23.5,94.0,4.6,227,22.4,0.0,1.5,0.0,Summer,No Holiday,Yes,1591643,1,6
2350,11/2/2018,14,-2.2,29.0,4.1,1983,-17.8,,,0.0,Winter,No Holiday,Yes,1579604,1,2
2351,10/1/2018,3,-6.1,70.0,1.1,2000,-10.6,0.0,0.3,0.8,Winter,No Holiday,Yes,646332,0,1
2352,1/3/2018,22,,52.0,3.7,1277,-12.0,0.0,0.0,0.0,Spring,Holiday,Yes,1713121,1,3
2353,22/04/2018,0,15.9,35.0,0.3,1995,0.4,0.0,0.0,0.0,Spring,No Holiday,Yes,4539315,1,4
2354,3/10/2018,5,11.8,82.0,1.1,1878,8.8,0.0,0.0,0.0,Autumn,Holiday,Yes,1713516,1,10
2355,1/5/2018,11,22.7,63.0,1.1,605,15.2,1.36,0.0,0.0,Spring,Holiday,Yes,6332869,2,5
2356,28/09/2018,12,19.0,52.0,1.2,2000,8.9,0.98,0.0,0.0,Autumn,No Holiday,No,452341,0,9
2357,1/6/2018,14,29.6,31.0,3.7,1988,10.6,3.25,0.0,0.0,Summer,No Holiday,Yes,6059283,2,6
2358,3/11/2018,5,6.1,75.0,1.0,1053,1.9,0.0,0.0,0.0,Autumn,No Holiday,No,197219,0,11
2359,8/8/2018,5,27.9,84.0,0.0,1172,24.9,0.0,0.0,0.0,Summer,No Holiday,Yes,2001893,1,8
2360,25/01/2018,0,,43.0,3.8,2000,-25.6,0.0,0.0,0.7,Winter,No Holiday,Yes,1189529,0,1
2361,12/1/2018,19,-8.2,32.0,1.1,2000,-22.0,0.0,0.0,0.0,Winter,No Holiday,Yes,2098678,1,1
2362,25/11/2018,0,2.7,86.0,1.2,422,0.5,0.0,0.0,3.0,Autumn,No Holiday,Yes,2877822,1,11
2363,6/6/2018,12,27.3,51.0,2.8,703,16.2,3.16,,0.0,Summer,Holiday,Yes,6909686,2,6
2365,30/04/2018,19,21.2,65.0,2.9,559,14.3,0.25,0.0,0.0,Spring,No Holiday,Yes,10285051,2,4
2366,16/05/2018,11,22.7,93.0,4.8,832,21.5,0.17,0.0,0.0,Spring,No Holiday,Yes,1742150,1,5
2367,20/12/2017,19,-1.5,81.0,1.8,751,-4.3,0.0,0.0,2.2,Winter,No Holiday,Yes,2071307,1,12
2368,12/8/2018,14,35.0,45.0,2.2,1957,21.2,2.73,0.0,0.0,Summer,No Holiday,Yes,4092462,1,8
2369,23/08/2018,1,30.1,54.0,0.8,2000,19.7,0.0,0.0,0.0,Summer,No Holiday,Yes,4219266,1,8
2370,7/6/2018,23,20.3,77.0,1.3,770,16.1,,0.0,0.0,Summer,No Holiday,Yes,7712004,2,6
2371,19/05/2018,22,18.4,34.0,1.2,2000,2.2,0.0,0.0,0.0,Spring,No Holiday,Yes,8281677,2,5
2372,2/7/2018,21,23.4,98.0,0.4,1038,23.0,0.0,,0.0,Summer,No Holiday,Yes,688647,0,7
2373,3/6/2018,19,27.4,29.0,2.4,2000,7.7,0.5,0.0,0.0,Summer,No Holiday,Yes,13386600,2,6
2374,4/6/2018,7,19.5,52.0,0.8,1818,9.3,0.46,0.0,0.0,Summer,No Holiday,Yes,8187799,2,6
2375,16/10/2018,14,19.9,29.0,,1833,1.3,2.09,0.0,0.0,Autumn,No Holiday,Yes,6221634,2,10
2376,5/6/2018,21,23.3,51.0,1.7,1654,12.5,,0.0,0.0,Summer,No Holiday,Yes,13079851,2,6
2377,18/08/2018,7,21.7,57.0,1.3,2000,12.8,0.23,0.0,0.0,Summer,No Holiday,Yes,3139355,1,8
2378,30/01/2018,23,-1.7,83.0,1.0,1093,-4.2,0.0,0.0,3.5,Winter,No Holiday,Yes,986311,0,1
2379,3/2/2018,6,-7.8,57.0,4.8,1867,-14.8,0.0,0.4,0.3,Winter,No Holiday,Yes,975219,0,2
2380,17/03/2018,14,12.1,29.0,2.3,1734,-5.4,2.26,0.0,0.0,Spring,No Holiday,Yes,7377406,2,3
2382,7/4/2018,4,1.6,70.0,3.6,1392,-3.2,0.0,0.1,0.0,Spring,No Holiday,Yes,1177957,0,4
2383,13/02/2018,16,3.9,41.0,4.0,1973,-8.1,1.24,0.0,0.0,Winter,No Holiday,Yes,2295005,1,2
2384,10/12/2017,19,1.6,53.0,4.0,2000,-6.9,0.0,0.0,0.0,Winter,No Holiday,Yes,1399797,0,12
2385,12/8/2018,15,34.9,46.0,2.0,2000,21.5,1.54,0.0,0.0,Summer,No Holiday,Yes,4773253,1,8
2386,24/02/2018,15,6.7,24.0,2.7,1536,-12.4,1.95,0.0,0.0,Winter,No Holiday,Yes,3208523,1,2
2387,16/03/2018,7,3.7,59.0,2.9,2000,-3.5,0.0,0.0,0.0,Spring,No Holiday,Yes,3939598,1,3
2388,19/07/2018,12,31.7,42.0,2.6,1868,17.2,3.23,,0.0,Summer,No Holiday,Yes,4790897,1,7
2389,28/08/2018,14,24.9,97.0,0.5,766,24.3,0.36,4.0,0.0,Summer,No Holiday,Yes,1229747,0,8
2390,20/09/2018,12,19.0,91.0,1.7,965,17.4,0.67,,0.0,Autumn,No Holiday,Yes,1455454,0,9
2391,21/09/2018,3,18.5,88.0,1.2,659,16.4,0.0,1.5,0.0,Autumn,No Holiday,Yes,1031537,0,9
2392,1/4/2018,6,12.4,61.0,0.4,1131,5.0,0.0,0.0,0.0,Spring,No Holiday,Yes,1097789,0,4
2393,17/12/2017,10,-8.5,31.0,1.5,1997,-22.6,0.58,0.0,0.0,Winter,No Holiday,Yes,805579,0,12
2394,15/07/2018,11,28.7,64.0,1.3,1332,21.2,1.53,0.0,0.0,Summer,No Holiday,Yes,4002045,1,7
2396,25/09/2018,4,12.0,69.0,0.5,2000,6.4,0.0,0.0,0.0,Autumn,Holiday,Yes,1172258,0,9
2397,30/12/2017,0,-0.4,83.0,1.2,247,-2.9,0.0,0.0,0.0,Winter,No Holiday,Yes,2225974,1,12
2398,2/5/2018,5,18.4,87.0,0.8,209,16.1,0.0,0.4,0.0,Spring,No Holiday,Yes,1075288,0,5
2399,20/06/2018,9,21.1,73.0,2.0,623,16.0,0.43,0.0,0.0,Summer,No Holiday,Yes,7838990,2,6
2400,1/5/2018,16,22.6,63.0,3.1,551,15.1,0.88,0.0,0.0,Spring,Holiday,Yes,9614706,2,5
2401,17/01/2018,10,4.3,58.0,0.5,401,-3.2,0.23,,0.0,Winter,No Holiday,Yes,1459128,1,1
2402,19/04/2018,15,20.2,21.0,4.8,1161,-2.8,2.53,0.0,0.0,Spring,No Holiday,Yes,5816663,1,4
2403,27/01/2018,13,-6.6,27.0,2.1,1889,-22.5,1.24,0.0,0.3,Winter,No Holiday,Yes,1668042,0,1
2404,2/4/2018,1,16.0,79.0,1.0,716,12.3,0.0,0.0,0.0,Spring,No Holiday,Yes,1788956,1,4
2405,8/9/2018,17,27.2,35.0,1.7,2000,10.3,1.32,0.0,0.0,Autumn,No Holiday,Yes,11309619,2,9
2406,2/1/2018,12,0.9,29.0,1.9,1761,-15.1,0.88,0.0,0.0,Winter,No Holiday,Yes,2244133,1,1
2407,22/08/2018,19,35.2,41.0,0.5,2000,19.9,,0.0,0.0,Summer,No Holiday,Yes,11053873,2,8
2408,25/05/2018,20,20.4,45.0,2.0,1457,8.0,,0.0,0.0,Spring,No Holiday,Yes,10788864,2,5
2409,5/4/2018,17,8.0,96.0,1.4,298,7.3,0.13,1.0,0.0,Spring,No Holiday,Yes,504792,0,4
2411,28/07/2018,15,28.9,86.0,2.2,1592,26.3,0.26,7.3,0.0,Summer,No Holiday,Yes,2453346,1,7
2412,30/03/2018,21,13.7,73.0,1.8,658,8.9,0.0,0.0,0.0,Spring,No Holiday,Yes,5661302,1,3
2413,18/10/2018,11,15.0,52.0,1.4,2000,5.2,1.5,0.0,0.0,Autumn,No Holiday,Yes,5186702,1,10
2414,25/07/2018,14,33.0,53.0,1.7,1357,22.1,1.73,0.0,0.0,Summer,No Holiday,Yes,4573256,1,7
2415,13/05/2018,13,19.1,65.0,1.9,1145,12.3,,0.0,0.0,Spring,No Holiday,Yes,9268168,2,5
2416,4/4/2018,12,15.3,54.0,2.1,1989,6.0,2.83,0.0,0.0,Spring,No Holiday,Yes,5313241,1,4
2417,25/08/2018,3,23.1,80.0,2.0,1849,19.4,0.0,,0.0,Summer,No Holiday,Yes,3226800,1,8
2418,6/7/2018,12,25.7,57.0,1.9,2000,16.5,,0.0,0.0,Summer,No Holiday,Yes,7050791,2,7
2420,22/09/2018,4,18.9,88.0,0.8,1226,16.8,0.0,0.0,0.0,Autumn,No Holiday,Yes,1091679,0,9
2422,21/11/2018,22,4.6,48.0,2.2,1782,-5.4,0.0,0.0,0.0,Autumn,No Holiday,Yes,4812272,1,11
2423,13/11/2018,18,11.3,42.0,,1846,-1.1,0.01,0.0,0.0,Autumn,No Holiday,Yes,11994989,2,11
2424,18/08/2018,16,31.8,33.0,2.1,2000,13.5,1.88,0.0,0.0,Summer,No Holiday,Yes,8019321,2,8
2425,29/05/2018,2,20.2,56.0,2.3,1498,0.0,,,0.0,Spring,No Holiday,Yes,2710568,1,5
2426,7/6/2018,13,26.7,47.0,2.4,806,14.4,3.26,0.0,0.0,Summer,No Holiday,Yes,6141968,1,6
2427,7/11/2018,2,12.0,81.0,1.3,295,8.8,0.0,0.0,0.0,Autumn,No Holiday,Yes,1209827,0,11
2428,4/9/2018,22,22.2,58.0,1.5,2000,13.5,0.0,0.0,0.0,Autumn,No Holiday,Yes,10540685,2,9
2429,18/12/2017,3,-5.3,76.0,1.0,767,-8.8,0.0,0.3,0.5,Winter,No Holiday,Yes,625894,0,12
2430,2/6/2018,19,25.4,33.0,2.7,2000,7.9,0.54,0.0,0.0,Summer,No Holiday,Yes,11917020,2,6
2431,21/05/2018,22,16.9,65.0,0.3,1281,10.2,0.0,0.0,0.0,Spring,No Holiday,Yes,9834437,2,5
2432,5/12/2017,3,-6.9,39.0,2.0,2000,-18.5,0.0,,0.0,Winter,No Holiday,Yes,993339,0,12
2433,21/04/2018,10,20.6,24.0,2.0,950,-0.7,2.29,0.0,0.0,Spring,No Holiday,Yes,4333055,1,4
2434,11/3/2018,5,3.9,85.0,1.6,264,1.6,0.0,0.0,0.0,Spring,No Holiday,Yes,489608,0,3
2435,7/8/2018,20,31.1,64.0,2.7,1770,23.4,,,0.0,Summer,No Holiday,Yes,9744787,2,8
2436,4/7/2018,11,30.0,60.0,2.3,1861,21.3,,0.0,0.0,Summer,No Holiday,Yes,5846201,1,7
2437,27/05/2018,4,17.9,59.0,1.3,1261,9.7,0.0,0.0,0.0,Spring,No Holiday,Yes,1660667,1,5
2438,24/02/2018,0,,,1.9,1078,6.8,0.0,0.0,0.0,Winter,No Holiday,No,8173170,2,2
2439,29/07/2018,16,36.0,33.0,1.4,2000,17.1,,,0.0,Summer,No Holiday,Yes,3944601,1,7
2440,26/05/2018,16,29.0,31.0,2.9,889,10.1,2.26,0.0,0.0,Spring,No Holiday,Yes,8544678,2,5
2441,8/4/2018,16,6.1,65.0,1.5,1465,0.0,0.21,0.0,0.0,Spring,No Holiday,Yes,1567565,0,4
2442,4/9/2018,5,,97.0,1.2,528,19.7,0.0,0.0,0.0,Autumn,No Holiday,Yes,1775653,1,9
2443,2/4/2018,6,14.9,81.0,0.4,580,11.6,0.0,0.0,0.0,Spring,No Holiday,Yes,2628001,1,4
2444,17/02/2018,3,-4.5,28.0,3.0,2000,-20.3,0.0,0.0,0.0,Winter,Holiday,Yes,628338,0,2
2445,22/03/2018,0,1.6,86.0,1.7,1141,-0.4,0.0,0.0,0.0,Spring,No Holiday,Yes,1636335,1,3
2446,15/03/2018,1,16.3,68.0,2.1,1859,10.3,0.0,0.0,0.0,Spring,No Holiday,Yes,2546542,1,3
2447,14/09/2018,8,21.4,70.0,1.5,1986,15.6,0.38,0.0,0.0,Autumn,No Holiday,Yes,11429020,2,9
2448,31/01/2018,21,-3.4,40.0,0.9,2000,-15.0,0.0,0.0,1.6,Winter,No Holiday,Yes,1508635,1,1
2449,23/04/2018,1,10.6,87.0,2.3,1523,8.5,0.0,0.1,0.0,Spring,No Holiday,Yes,933139,0,4
2451,17/04/2018,18,17.1,31.0,3.3,1501,-0.1,0.93,0.0,0.0,Spring,No Holiday,Yes,10268768,2,4
2452,5/3/2018,5,4.7,89.0,2.3,1242,3.0,0.0,0.0,0.0,Spring,No Holiday,Yes,906623,0,3
2453,5/2/2018,17,-6.4,28.0,4.5,2000,-21.9,0.81,0.0,0.0,Winter,No Holiday,Yes,1833430,1,2
2454,21/03/2018,13,4.0,64.0,2.0,1834,-2.2,0.75,0.0,0.0,Spring,No Holiday,Yes,1175026,1,3
2455,9/11/2018,4,10.6,75.0,3.2,913,6.3,0.0,0.0,0.0,Autumn,No Holiday,No,251677,0,11
2456,16/12/2017,14,-3.4,22.0,4.3,1966,-22.1,1.07,0.0,0.0,Winter,No Holiday,Yes,1788815,1,12
2457,26/03/2018,0,7.1,84.0,2.3,185,4.5,0.0,0.0,0.0,Spring,No Holiday,Yes,1572521,1,3
2458,16/04/2018,23,9.7,33.0,0.4,2000,-5.8,0.0,0.0,0.0,Spring,No Holiday,Yes,3896035,1,4
2459,21/11/2018,1,6.9,86.0,0.7,533,4.7,0.0,0.0,0.0,Autumn,No Holiday,Yes,1526448,0,11
2460,11/7/2018,8,25.1,97.0,0.8,490,24.5,0.26,0.0,0.0,Summer,No Holiday,Yes,4343994,1,7
2461,21/03/2018,9,2.5,40.0,1.9,2000,-9.7,0.41,0.0,0.0,Spring,No Holiday,Yes,3235371,1,3
2463,28/06/2018,13,27.2,68.0,1.8,1575,20.7,,0.0,0.0,Summer,No Holiday,Yes,5738081,1,6
2464,26/04/2018,1,12.4,55.0,1.0,1836,3.5,0.0,0.0,0.0,Spring,No Holiday,Yes,3500876,1,4
2465,21/05/2018,14,23.4,36.0,2.8,1947,7.4,3.11,0.0,0.0,Spring,No Holiday,Yes,8583962,2,5
2466,27/03/2018,2,8.3,70.0,0.8,394,3.1,0.0,0.0,0.0,Spring,No Holiday,Yes,1117616,0,3
2467,18/11/2018,18,8.4,46.0,2.4,1823,-2.5,0.0,0.0,0.0,Autumn,No Holiday,Yes,4751083,1,11
2468,25/05/2018,17,23.6,28.0,3.1,1844,4.0,,0.0,0.0,Spring,No Holiday,Yes,10666208,2,5
2469,3/4/2018,20,17.3,80.0,2.4,927,13.8,0.0,0.0,0.0,Spring,No Holiday,Yes,8000919,2,4
2470,17/02/2018,14,-0.1,15.0,4.0,2000,-23.7,2.39,0.0,0.0,Winter,Holiday,Yes,1552764,1,2
2471,12/7/2018,10,26.7,88.0,1.6,802,24.5,0.89,0.5,0.0,Summer,No Holiday,Yes,4083329,1,7
2474,2/10/2018,16,21.7,36.0,3.2,1929,5.9,1.64,0.0,0.0,Autumn,No Holiday,No,883234,0,10
2475,31/08/2018,10,25.5,53.0,,1843,15.2,1.81,,0.0,Summer,No Holiday,Yes,4187833,1,8
2476,18/06/2018,17,29.5,36.0,3.7,1786,12.8,1.94,0.0,0.0,Summer,No Holiday,Yes,10285246,2,6
2477,26/09/2018,10,19.4,47.0,2.3,2000,7.7,1.45,0.0,0.0,Autumn,No Holiday,Yes,5144185,1,9
2479,8/11/2018,15,11.4,96.0,2.0,910,10.7,0.07,9.5,0.0,Autumn,No Holiday,Yes,925231,0,11
2480,5/5/2018,21,19.3,57.0,3.1,1924,10.5,0.0,0.0,0.0,Spring,No Holiday,Yes,8295944,2,5
2482,13/11/2018,15,15.3,37.0,1.8,1774,0.6,1.5,0.0,0.0,Autumn,No Holiday,Yes,5767238,1,11
2483,2/3/2018,11,0.1,30.0,1.8,1640,-15.4,2.19,0.0,0.0,Spring,No Holiday,Yes,2303348,1,3
2484,1/9/2018,5,21.1,87.0,0.6,1116,18.8,,0.0,0.0,Autumn,No Holiday,Yes,1550764,1,9
2485,24/07/2018,2,28.6,66.0,0.9,2000,21.6,0.0,0.0,0.0,Summer,No Holiday,Yes,3288583,1,7
2486,30/01/2018,7,-11.3,57.0,0.9,1984,-18.1,0.0,0.0,0.0,Winter,No Holiday,Yes,1625536,1,1
2487,27/02/2018,8,2.0,51.0,0.7,990,-7.0,,0.0,0.0,Winter,No Holiday,Yes,4886608,1,2
2488,6/6/2018,20,23.4,64.0,1.8,1144,16.1,,0.0,0.0,Summer,Holiday,Yes,11722139,2,6
2489,16/05/2018,5,22.3,87.0,0.6,399,20.0,0.0,0.0,0.0,Spring,No Holiday,Yes,590159,0,5
2490,21/09/2018,7,17.6,96.0,1.7,310,16.9,0.0,5.0,0.0,Autumn,No Holiday,Yes,1251986,0,9
2492,4/4/2018,14,17.9,42.0,1.3,1981,4.7,3.04,0.0,0.0,Spring,No Holiday,Yes,5705224,2,4
2494,9/4/2018,23,9.6,43.0,1.2,1333,-2.3,0.0,0.0,0.0,Spring,No Holiday,Yes,3571059,1,4
2495,20/04/2018,8,13.0,54.0,1.2,738,3.8,0.68,0.0,0.0,Spring,No Holiday,Yes,9142604,2,4
2496,5/8/2018,12,32.5,59.0,3.4,1780,23.4,,0.0,0.0,Summer,No Holiday,Yes,3573538,1,8
2497,6/6/2018,0,21.2,60.0,0.9,1789,13.1,0.0,0.0,0.0,Summer,Holiday,Yes,6489072,2,6
2498,15/04/2018,10,10.3,62.0,2.1,914,3.3,1.76,0.0,0.0,Spring,No Holiday,Yes,3293441,1,4
2499,25/10/2018,14,20.6,31.0,1.4,1562,2.8,1.7,0.0,0.0,Autumn,No Holiday,Yes,6828189,2,10
2500,27/12/2017,11,-6.8,28.0,2.1,1986,-22.3,0.88,0.0,0.0,Winter,No Holiday,Yes,1241709,1,12
2501,10/12/2017,1,-0.2,54.0,0.5,1747,-8.4,0.0,0.0,0.0,Winter,No Holiday,Yes,1696493,1,12
2502,25/07/2018,10,30.7,61.0,2.8,1521,22.3,1.5,0.0,0.0,Summer,No Holiday,Yes,3600533,1,7
2503,25/07/2018,21,,74.0,2.2,1342,24.5,0.0,0.0,0.0,Summer,No Holiday,Yes,9920266,2,7
2504,9/12/2017,0,-3.5,48.0,0.9,1967,-12.9,0.0,0.0,0.0,Winter,No Holiday,Yes,1751936,1,12
2505,18/07/2018,6,23.7,83.0,0.1,713,20.6,0.03,0.0,0.0,Summer,No Holiday,Yes,4401445,1,7
2506,17/01/2018,12,8.1,51.0,1.4,367,-1.4,0.75,0.0,0.0,Winter,No Holiday,Yes,2276449,1,1
2507,2/8/2018,21,33.3,63.0,1.2,1304,25.2,0.0,0.0,0.0,Summer,No Holiday,Yes,8783812,2,8
2508,12/4/2018,22,13.5,15.0,2.2,2000,-12.6,0.0,0.0,0.0,Spring,No Holiday,Yes,6374561,2,4
2509,14/02/2018,4,1.1,67.0,1.7,1506,-4.3,0.0,0.0,0.0,Winter,No Holiday,Yes,792977,0,2
2511,23/06/2018,22,23.0,74.0,2.4,473,18.1,,,0.0,Summer,No Holiday,Yes,10373918,2,6
2512,11/3/2018,20,6.7,32.0,1.9,1722,-8.8,0.0,0.0,0.0,Spring,No Holiday,Yes,3701939,1,3
2513,8/9/2018,19,24.0,41.0,1.9,2000,9.9,0.1,0.0,0.0,Autumn,No Holiday,Yes,10377391,2,9
2515,27/06/2018,2,19.6,97.0,2.6,201,19.1,0.0,0.4,0.0,Summer,No Holiday,Yes,1455917,0,6
2517,29/10/2018,5,5.1,76.0,0.7,2000,1.2,0.0,0.0,0.0,Autumn,No Holiday,Yes,1338820,0,10
2518,14/02/2018,8,2.1,65.0,1.1,1559,-3.8,,0.0,0.0,Winter,No Holiday,Yes,3610504,1,2
2519,8/4/2018,8,2.9,53.0,1.5,1892,-5.7,0.68,0.0,0.0,Spring,No Holiday,Yes,2189306,1,4
2520,10/2/2018,3,2.0,71.0,1.2,534,-2.7,0.0,0.0,0.0,Winter,No Holiday,Yes,770180,0,2
2521,21/02/2018,2,-2.9,31.0,1.6,1931,-17.7,0.0,0.0,0.0,Winter,No Holiday,Yes,1377359,0,2
2522,7/2/2018,3,,49.0,1.5,1885,-21.0,0.0,0.0,0.0,Winter,No Holiday,Yes,697200,0,2
2523,29/06/2018,6,21.9,97.0,0.2,190,21.3,0.0,4.5,0.0,Summer,No Holiday,Yes,1829253,1,6
2524,2/6/2018,7,18.1,59.0,0.6,789,9.9,0.47,0.0,0.0,Summer,No Holiday,Yes,3053014,1,6
2525,13/08/2018,0,28.4,85.0,1.3,1406,25.6,0.0,0.0,0.0,Summer,No Holiday,Yes,2237003,1,8
2526,21/05/2018,8,15.3,30.0,1.3,2000,-2.2,1.3,0.0,0.0,Spring,No Holiday,Yes,9515549,2,5
2527,7/3/2018,8,2.6,63.0,1.6,1857,-3.7,0.14,0.0,0.0,Spring,No Holiday,Yes,5462692,1,3
2528,2/2/2018,15,3.6,26.0,2.4,1687,-14.1,0.99,0.0,0.0,Winter,No Holiday,Yes,2497980,1,2
2530,9/5/2018,17,21.3,34.0,2.7,1967,4.7,1.82,0.0,0.0,Spring,No Holiday,Yes,10952230,2,5
2531,11/5/2018,4,11.9,85.0,0.7,315,9.4,0.0,0.0,0.0,Spring,No Holiday,Yes,1508542,0,5
2532,5/6/2018,5,18.1,73.0,0.5,1182,13.1,0.0,0.0,0.0,Summer,No Holiday,Yes,2333912,1,6
2533,3/5/2018,13,13.4,56.0,3.7,1693,4.7,0.82,0.1,0.0,Spring,No Holiday,Yes,3123720,1,5
2534,31/08/2018,4,23.2,83.0,1.6,1102,20.1,0.0,0.0,0.0,Summer,No Holiday,Yes,1829532,0,8
2535,2/2/2018,14,3.2,26.0,2.2,1499,-14.5,1.16,0.0,0.0,Winter,No Holiday,Yes,2265872,1,2
2536,22/04/2018,9,16.9,45.0,,1958,4.8,,0.0,0.0,Spring,No Holiday,Yes,1701637,1,4
2537,2/7/2018,0,21.4,97.0,0.6,680,20.8,,2.5,0.0,Summer,No Holiday,Yes,607244,0,7
2538,6/4/2018,6,6.1,96.0,2.1,798,5.5,0.0,0.0,0.0,Spring,No Holiday,Yes,1816678,0,4
2539,22/05/2018,11,21.9,55.0,1.4,1820,12.4,1.87,0.0,0.0,Spring,Holiday,Yes,7683492,2,5
2540,22/06/2018,9,24.2,47.0,1.2,822,12.1,1.94,0.0,0.0,Summer,No Holiday,Yes,7180702,2,6
2541,20/10/2018,17,19.2,23.0,1.5,2000,-2.4,0.62,,0.0,Autumn,No Holiday,Yes,10335509,2,10
2542,26/02/2018,6,-2.7,72.0,0.5,1253,-7.0,0.0,0.0,0.0,Winter,No Holiday,Yes,1815826,0,2
2543,7/11/2018,3,10.8,88.0,1.0,145,8.8,0.0,0.5,0.0,Autumn,No Holiday,Yes,580938,0,11
2544,11/8/2018,10,31.3,53.0,1.8,2000,20.5,2.34,0.0,0.0,Summer,No Holiday,Yes,3928241,1,8
2545,10/4/2018,15,21.4,33.0,,1998,4.4,1.63,0.0,0.0,Spring,No Holiday,Yes,5307969,1,4
2546,17/10/2018,8,9.2,68.0,0.2,952,3.5,0.28,0.0,0.0,Autumn,No Holiday,Yes,12165333,2,10
2547,26/10/2018,22,10.5,72.0,2.4,2000,5.6,0.0,0.0,0.0,Autumn,No Holiday,Yes,3438229,1,10
2548,24/11/2018,16,3.5,82.0,1.6,1092,0.7,0.51,0.0,3.6,Autumn,No Holiday,Yes,2372348,1,11
2549,7/12/2017,5,1.5,92.0,1.1,175,0.3,0.0,0.0,0.9,Winter,No Holiday,Yes,1208583,0,12
2550,5/11/2018,11,13.8,47.0,,994,2.6,1.71,0.0,0.0,Autumn,No Holiday,Yes,4300956,1,11
2551,28/08/2018,17,24.8,96.0,1.8,564,24.1,0.14,2.5,0.0,Summer,No Holiday,Yes,1090506,0,8
2552,21/09/2018,12,19.1,91.0,2.0,1971,17.5,0.63,0.0,0.0,Autumn,No Holiday,Yes,1560084,0,9
2553,26/01/2018,16,-10.8,28.0,,1778,-25.8,0.77,0.0,0.4,Winter,No Holiday,Yes,1272539,0,1
2554,16/12/2017,19,-6.0,32.0,2.4,2000,-20.0,0.0,0.0,0.0,Winter,No Holiday,Yes,1326005,0,12
2555,18/02/2018,9,-4.1,30.0,0.5,2000,-19.1,0.28,0.0,0.0,Winter,No Holiday,Yes,902278,0,2
2556,10/9/2018,1,20.5,58.0,1.7,2000,11.9,0.0,0.0,0.0,Autumn,No Holiday,Yes,3306517,1,9
2557,13/05/2018,12,18.3,65.0,1.2,1489,11.5,,0.0,0.0,Spring,No Holiday,Yes,7498841,2,5
2558,22/10/2018,3,10.2,60.0,1.0,1796,2.7,0.0,0.0,0.0,Autumn,No Holiday,Yes,1047984,0,10
2559,16/09/2018,20,21.1,88.0,1.7,404,19.0,0.0,0.0,0.0,Autumn,No Holiday,Yes,6303244,2,9
2560,30/08/2018,18,26.1,72.0,2.4,1066,20.6,,0.0,0.0,Summer,No Holiday,Yes,9687193,2,8
2561,7/6/2018,19,24.0,60.0,,1379,15.7,0.38,0.0,0.0,Summer,No Holiday,Yes,14077765,2,6
2562,12/9/2018,23,,62.0,0.8,2000,14.5,0.0,0.0,0.0,Autumn,No Holiday,Yes,7276601,2,9
2563,20/04/2018,5,11.4,60.0,0.4,851,3.8,0.0,0.0,0.0,Spring,No Holiday,Yes,1309633,0,4
2564,20/10/2018,22,,58.0,0.0,1480,4.6,0.0,0.0,0.0,Autumn,No Holiday,Yes,6604328,2,10
2565,13/10/2018,23,11.0,62.0,0.3,946,3.9,0.0,0.0,0.0,Autumn,No Holiday,Yes,5044854,1,10
2566,21/10/2018,22,12.2,57.0,0.0,1544,3.9,0.0,,0.0,Autumn,No Holiday,Yes,5541979,1,10
2567,25/03/2018,1,6.4,82.0,1.2,186,3.5,0.0,0.0,0.0,Spring,No Holiday,Yes,1514067,1,3
2568,11/4/2018,0,14.4,82.0,4.6,1041,11.3,0.0,0.0,0.0,Spring,No Holiday,No,861172,0,4
2569,14/09/2018,15,26.6,55.0,1.8,2000,16.8,1.1,,0.0,Autumn,No Holiday,Yes,8173950,2,9
2570,28/12/2017,14,0.8,55.0,1.8,1132,-7.2,0.59,0.0,0.0,Winter,No Holiday,Yes,2353485,1,12
2571,23/01/2018,16,-10.1,34.0,4.3,2000,-23.0,0.74,0.0,1.0,Winter,No Holiday,Yes,1222316,1,1
2572,27/06/2018,11,23.4,73.0,1.3,827,18.2,2.38,0.0,0.0,Summer,No Holiday,Yes,5152942,1,6
2573,20/05/2018,20,19.0,26.0,1.5,2000,-0.9,,0.0,0.0,Spring,No Holiday,Yes,10032364,2,5
2574,9/6/2018,2,19.4,84.0,0.7,382,16.6,,0.0,0.0,Summer,No Holiday,Yes,4641663,1,6
2575,16/11/2018,11,11.9,44.0,2.1,791,0.0,,0.0,0.0,Autumn,No Holiday,Yes,4866566,1,11
2577,17/06/2018,22,22.2,70.0,0.5,1056,16.4,0.0,0.0,0.0,Summer,No Holiday,Yes,9606149,2,6
2578,10/9/2018,8,20.1,57.0,1.6,2000,11.3,0.73,0.0,0.0,Autumn,No Holiday,Yes,12085687,2,9
2579,18/09/2018,1,,71.0,0.4,1912,13.9,0.0,0.0,0.0,Autumn,No Holiday,No,988895,0,9
2580,25/02/2018,21,0.2,55.0,2.5,1942,-7.7,0.0,0.0,0.0,Winter,No Holiday,Yes,1998078,1,2
2581,11/6/2018,9,22.2,48.0,1.7,1889,10.6,1.77,0.0,0.0,Summer,No Holiday,Yes,6738084,2,6
2582,5/1/2018,13,0.9,43.0,2.0,1112,-10.2,0.98,0.0,0.0,Winter,No Holiday,Yes,1988070,1,1
2583,3/11/2018,21,11.1,69.0,0.9,619,5.6,,0.0,0.0,Autumn,No Holiday,No,934168,0,11
2584,13/04/2018,6,8.3,35.0,0.3,2000,-6.2,0.0,0.0,0.0,Spring,No Holiday,Yes,2387174,1,4
2585,20/06/2018,10,22.2,70.0,3.1,740,16.4,1.44,0.0,0.0,Summer,No Holiday,Yes,6006602,1,6
2586,11/11/2018,13,9.8,70.0,1.7,360,4.5,0.33,0.0,0.0,Autumn,No Holiday,Yes,4616418,1,11
2588,14/12/2017,12,-4.9,34.0,,1768,-18.3,0.6,0.0,0.0,Winter,No Holiday,Yes,2208434,1,12
2589,28/08/2018,20,23.3,97.0,3.3,183,22.7,0.0,15.5,0.0,Summer,No Holiday,Yes,935679,0,8
2590,23/05/2018,15,23.0,29.0,2.9,1876,3.9,3.11,0.0,0.0,Spring,No Holiday,Yes,7326559,2,5
2591,4/4/2018,18,16.0,47.0,2.1,2000,4.6,0.79,0.0,0.0,Spring,No Holiday,Yes,13148662,2,4
2592,17/12/2017,1,-8.4,40.0,1.6,2000,-19.6,0.0,0.0,0.0,Winter,No Holiday,Yes,1152611,0,12
2593,6/11/2018,11,13.0,55.0,1.0,488,4.1,0.84,0.0,0.0,Autumn,No Holiday,No,571386,0,11
2595,3/9/2018,10,23.3,89.0,0.7,1716,21.3,0.2,0.5,0.0,Autumn,No Holiday,Yes,2709411,1,9
2596,7/10/2018,10,18.1,56.0,2.6,1720,9.1,1.79,0.0,0.0,Autumn,No Holiday,Yes,5343737,1,10
2597,12/11/2018,9,5.2,55.0,1.4,1752,-3.1,0.67,0.0,0.0,Autumn,No Holiday,Yes,5246176,1,11
2599,12/2/2018,9,-8.4,28.0,2.2,1947,-23.7,0.49,0.0,0.0,Winter,No Holiday,Yes,1940602,1,2
2600,10/12/2017,20,0.6,57.0,3.9,1954,-6.9,0.0,0.0,0.0,Winter,No Holiday,Yes,979634,0,12
2601,15/04/2018,21,9.6,66.0,1.7,1850,3.5,0.0,0.0,0.0,Spring,No Holiday,Yes,3229631,1,4
2602,26/02/2018,13,8.1,26.0,1.2,1422,-10.2,2.48,0.0,0.0,Winter,No Holiday,Yes,2715528,1,2
2603,28/05/2018,18,26.0,39.0,2.7,1950,10.9,1.07,0.0,0.0,Spring,No Holiday,Yes,16362942,2,5
2604,21/07/2018,3,26.1,74.0,0.1,1683,21.0,0.0,0.0,0.0,Summer,No Holiday,Yes,3148291,1,7
2605,14/10/2018,7,6.9,81.0,0.8,665,3.8,0.01,0.0,0.0,Autumn,No Holiday,Yes,1860747,1,10
2606,4/12/2017,11,-0.5,41.0,4.1,1799,-12.1,0.94,0.0,0.0,Winter,No Holiday,Yes,2537700,1,12
2607,17/04/2018,16,19.5,28.0,3.0,1605,0.4,2.24,0.0,0.0,Spring,No Holiday,Yes,7349216,2,4
2608,24/09/2018,8,15.4,52.0,2.2,1985,5.5,0.49,0.0,0.0,Autumn,Holiday,Yes,2186877,1,9
2609,29/09/2018,5,15.0,77.0,0.5,2000,10.9,0.0,0.0,0.0,Autumn,No Holiday,Yes,1820490,0,9
2610,29/03/2018,6,12.6,83.0,0.5,332,9.7,0.0,0.0,0.0,Spring,No Holiday,Yes,1925692,1,3
2611,15/02/2018,23,-2.5,31.0,1.4,1996,-17.3,0.0,0.0,0.0,Winter,Holiday,Yes,1480796,0,2
2612,26/01/2018,6,,40.0,1.6,2000,-27.7,0.0,0.0,0.5,Winter,No Holiday,Yes,1211052,0,1
2613,7/2/2018,4,-13.1,54.0,0.7,1369,-20.4,0.0,0.0,0.0,Winter,No Holiday,Yes,559401,0,2
2614,2/12/2017,2,-2.9,86.0,1.5,1256,-4.9,0.0,0.0,0.0,Winter,No Holiday,Yes,1450844,1,12
2615,22/04/2018,3,15.2,31.0,0.3,2000,-1.8,0.0,0.0,0.0,Spring,No Holiday,Yes,2132821,1,4
2616,31/03/2018,3,10.7,74.0,1.7,712,6.2,,0.0,0.0,Spring,No Holiday,Yes,2039502,1,3
2617,13/04/2018,17,18.1,16.0,1.4,2000,-8.1,0.45,0.0,0.0,Spring,No Holiday,Yes,9027419,2,4
2618,1/9/2018,8,22.3,64.0,1.7,2000,15.1,0.75,0.0,0.0,Autumn,No Holiday,Yes,5048085,1,9
2619,15/10/2018,23,14.1,74.0,1.5,486,9.5,,0.0,0.0,Autumn,No Holiday,Yes,5369225,1,10
2620,21/08/2018,16,30.4,53.0,2.0,1990,19.7,1.82,,0.0,Summer,No Holiday,Yes,6324721,2,8
2622,28/01/2018,8,-8.1,43.0,1.7,1943,-18.5,0.0,0.0,0.0,Winter,No Holiday,Yes,1028096,0,1
2623,25/09/2018,2,13.4,62.0,0.2,2000,6.2,0.0,0.0,0.0,Autumn,Holiday,Yes,2227076,1,9
2624,10/2/2018,10,1.8,73.0,,270,-2.5,0.69,0.0,0.0,Winter,No Holiday,Yes,2194858,1,2
2625,6/3/2018,10,3.7,51.0,1.3,1596,-5.5,1.56,0.0,0.0,Spring,No Holiday,Yes,2349665,1,3
2626,5/3/2018,7,3.8,87.0,2.2,2000,1.8,0.0,0.0,0.0,Spring,No Holiday,Yes,878508,0,3
2627,13/07/2018,6,24.8,84.0,1.1,1426,21.9,0.0,0.0,0.0,Summer,No Holiday,Yes,3590210,1,7
2628,28/09/2018,16,21.9,46.0,1.2,1995,9.7,1.67,0.0,0.0,Autumn,No Holiday,No,164409,0,9
2629,11/8/2018,15,35.0,41.0,1.5,2000,19.7,2.4,,0.0,Summer,No Holiday,Yes,4586565,1,8
2630,23/11/2018,1,,44.0,2.3,2000,-11.3,0.0,0.0,0.0,Autumn,No Holiday,Yes,2356591,1,11
2632,30/04/2018,3,14.3,61.0,1.0,475,6.8,0.0,0.0,0.0,Spring,No Holiday,Yes,1328263,0,4
2633,12/7/2018,0,26.7,79.0,0.9,1590,22.7,0.0,0.0,0.0,Summer,No Holiday,Yes,5136231,1,7
2635,8/12/2017,14,-1.3,27.0,3.1,1906,-17.9,1.12,0.0,0.0,Winter,No Holiday,Yes,2439341,1,12
2636,24/12/2017,0,5.6,78.0,0.6,196,2.0,0.0,0.0,0.0,Winter,Holiday,Yes,2166412,1,12
2637,29/12/2017,16,5.4,56.0,2.2,396,-2.6,0.39,0.0,0.0,Winter,No Holiday,Yes,3049264,1,12
2638,9/9/2018,15,28.9,27.0,1.8,2000,8.0,2.9,0.0,0.0,Autumn,No Holiday,Yes,9932482,2,9
2639,10/8/2018,18,35.2,44.0,2.6,2000,21.1,1.23,0.0,0.0,Summer,No Holiday,Yes,11979040,2,8
2640,3/4/2018,13,20.1,61.0,2.6,1117,12.3,1.01,0.0,0.0,Spring,No Holiday,Yes,5306030,1,4
2641,28/04/2018,15,21.1,25.0,4.1,1885,0.2,2.96,0.0,0.0,Spring,No Holiday,Yes,9805161,2,4
2642,17/11/2018,21,5.0,42.0,1.5,1927,-6.8,0.0,0.0,0.0,Autumn,No Holiday,Yes,3738497,1,11
2643,22/08/2018,2,24.2,79.0,0.6,1882,20.3,0.0,0.0,0.0,Summer,No Holiday,Yes,2965257,1,8
2644,12/5/2018,19,15.5,97.0,0.7,403,15.0,0.0,2.0,0.0,Spring,No Holiday,Yes,831991,0,5
2645,9/6/2018,6,19.0,84.0,0.5,440,16.2,0.05,0.0,0.0,Summer,No Holiday,Yes,2404233,1,6
2646,28/03/2018,7,9.6,82.0,,284,6.6,0.04,0.0,0.0,Spring,No Holiday,Yes,3829164,1,3
2647,7/5/2018,21,19.6,64.0,1.5,1297,12.5,0.0,0.0,0.0,Spring,No Holiday,Yes,9386429,2,5
2648,22/01/2018,12,3.9,28.0,0.9,1383,-12.9,0.6,0.0,0.0,Winter,No Holiday,Yes,2698875,1,1
2649,7/4/2018,17,7.6,36.0,5.3,2000,-6.5,1.8,0.0,0.0,Spring,No Holiday,Yes,5090946,1,4
2650,10/7/2018,10,22.6,85.0,0.9,1996,19.9,,0.0,0.0,Summer,No Holiday,Yes,4910880,1,7
2651,5/5/2018,15,23.8,29.0,4.7,1876,4.6,,0.0,0.0,Spring,No Holiday,Yes,9607942,2,5
2652,6/10/2018,12,18.0,92.0,,1999,16.6,0.45,1.0,0.0,Autumn,No Holiday,Yes,1061776,0,10
2653,19/11/2018,11,9.8,51.0,0.5,781,0.1,1.42,0.0,0.0,Autumn,No Holiday,Yes,4386763,1,11
2654,26/04/2018,0,13.1,47.0,0.3,1877,2.0,0.0,0.0,0.0,Spring,No Holiday,Yes,4115151,1,4
2655,28/06/2018,12,27.0,68.0,2.0,1863,20.5,,0.0,0.0,Summer,No Holiday,Yes,6434572,2,6
2656,7/4/2018,16,7.9,34.0,4.7,1979,-7.0,1.09,0.0,0.0,Spring,No Holiday,Yes,4913075,1,4
2657,28/07/2018,22,29.0,74.0,0.9,1652,23.8,0.0,0.0,0.0,Summer,No Holiday,Yes,6755756,2,7
2658,10/1/2018,8,-7.9,67.0,2.6,1896,-12.9,0.0,0.0,0.7,Winter,No Holiday,Yes,2254643,1,1
2659,20/01/2018,6,-0.1,60.0,0.4,1080,-6.9,0.0,0.0,0.0,Winter,No Holiday,Yes,544024,0,1
2660,30/01/2018,6,-11.2,53.0,0.9,2000,-18.9,0.0,0.0,0.0,Winter,No Holiday,Yes,1170338,0,1
2661,9/10/2018,8,11.4,66.0,0.8,1991,5.2,0.18,0.0,0.0,Autumn,Holiday,No,103913,0,10
2662,12/3/2018,23,6.8,56.0,0.9,497,-1.3,0.0,0.0,0.0,Spring,No Holiday,Yes,2090611,1,3
2664,14/05/2018,14,23.1,56.0,1.6,391,13.8,2.67,0.0,0.0,Spring,No Holiday,Yes,6269225,2,5
2665,3/9/2018,12,23.9,83.0,1.1,1901,20.8,0.27,0.0,0.0,Autumn,No Holiday,Yes,3821670,1,9
2666,18/08/2018,12,29.8,33.0,1.5,1936,11.7,3.14,0.0,0.0,Summer,No Holiday,Yes,5444844,1,8
2667,30/05/2018,18,23.6,42.0,2.1,2000,9.9,1.23,0.0,0.0,Spring,No Holiday,Yes,17130517,2,5
2668,10/7/2018,15,25.7,77.0,0.5,1875,21.3,,0.0,0.0,Summer,No Holiday,Yes,6178242,2,7
2669,22/08/2018,23,31.2,50.0,1.8,2000,19.5,0.0,0.0,0.0,Summer,No Holiday,Yes,6315013,2,8
2670,8/9/2018,4,17.2,66.0,0.6,2000,10.7,0.0,0.0,0.0,Autumn,No Holiday,Yes,2050893,1,9
2671,2/8/2018,1,31.5,69.0,1.5,1512,25.1,0.0,0.0,0.0,Summer,No Holiday,Yes,4048188,1,8
2672,25/02/2018,20,1.3,49.0,2.8,1683,-8.2,0.0,0.0,0.0,Winter,No Holiday,Yes,1788494,1,2
2673,21/05/2018,7,12.3,,0.9,1989,-2.7,0.48,0.0,0.0,Spring,No Holiday,Yes,6556245,2,5
2674,20/05/2018,3,13.5,41.0,1.0,2000,0.4,,0.0,0.0,Spring,No Holiday,Yes,2401402,1,5
2675,3/9/2018,20,21.5,97.0,0.3,2000,20.9,0.0,0.5,0.0,Autumn,No Holiday,Yes,1402108,0,9
2676,22/06/2018,19,27.1,32.0,3.5,2000,8.9,0.52,0.0,0.0,Summer,No Holiday,Yes,14307545,2,6
2677,24/09/2018,23,,51.0,0.4,2000,5.5,0.0,0.0,0.0,Autumn,Holiday,Yes,3865410,1,9
2679,4/10/2018,2,14.0,73.0,0.5,1992,9.2,0.0,0.0,0.0,Autumn,No Holiday,No,688094,0,10
2680,25/03/2018,9,6.3,73.0,1.3,218,1.8,0.79,0.0,0.0,Spring,No Holiday,Yes,2552584,1,3
2681,20/06/2018,15,27.9,45.0,3.6,1558,14.8,3.04,0.0,0.0,Summer,No Holiday,Yes,7354121,2,6
2682,2/8/2018,14,37.3,40.0,1.8,1666,21.4,1.52,,0.0,Summer,No Holiday,Yes,2998814,1,8
2683,26/06/2018,10,20.3,97.0,1.0,103,19.8,0.12,,0.0,Summer,No Holiday,Yes,1017228,0,6
2684,10/11/2018,10,12.2,73.0,1.9,374,7.4,0.92,0.0,0.0,Autumn,No Holiday,Yes,4002655,1,11
2685,20/05/2018,18,22.2,22.0,1.8,2000,-0.5,1.25,0.0,0.0,Spring,No Holiday,Yes,12488962,2,5
2686,29/03/2018,21,14.4,66.0,,677,8.1,0.0,,0.0,Spring,No Holiday,Yes,5526090,1,3
2687,9/7/2018,11,20.6,82.0,1.0,2000,17.4,0.29,0.3,0.0,Summer,No Holiday,Yes,1838607,0,7
2688,15/12/2017,0,-5.7,53.0,0.6,1262,-13.7,0.0,0.0,0.0,Winter,No Holiday,Yes,1377410,1,12
2689,4/10/2018,10,19.0,49.0,1.7,1980,8.0,1.73,0.0,0.0,Autumn,No Holiday,No,838705,0,10
2690,1/5/2018,21,20.2,74.0,1.3,554,15.4,0.0,0.0,0.0,Spring,Holiday,Yes,8732120,2,5
2691,25/03/2018,6,4.6,84.0,0.7,193,2.1,0.0,0.0,0.0,Spring,No Holiday,Yes,979169,0,3
2692,20/04/2018,17,25.6,30.0,2.3,671,6.7,1.47,0.0,0.0,Spring,No Holiday,Yes,8204467,2,4
2693,2/2/2018,1,-5.2,56.0,0.9,1973,-12.6,0.0,0.0,0.0,Winter,No Holiday,Yes,1236184,0,2
2694,22/09/2018,23,17.9,66.0,1.0,2000,11.4,0.0,0.0,0.0,Autumn,No Holiday,Yes,6117629,2,9
2695,26/04/2018,7,10.7,68.0,0.8,1093,5.0,0.27,0.0,0.0,Spring,No Holiday,Yes,6158907,2,4
2697,19/11/2018,8,3.5,71.0,0.8,958,-1.2,0.06,0.0,0.0,Autumn,No Holiday,Yes,9489176,2,11
2698,7/7/2018,11,25.0,48.0,1.5,1986,13.2,2.95,,0.0,Summer,No Holiday,Yes,6240859,2,7
2699,14/11/2018,3,6.1,66.0,0.5,1347,0.2,0.0,0.0,0.0,Autumn,No Holiday,Yes,1519127,1,11
2700,26/08/2018,10,26.3,53.0,1.6,2000,15.9,,0.0,0.0,Summer,No Holiday,Yes,4138872,1,8
2701,13/04/2018,5,9.1,34.0,0.9,2000,-5.9,0.0,0.0,0.0,Spring,No Holiday,Yes,1622718,0,4
2702,30/08/2018,23,24.3,71.0,0.8,1549,18.6,0.0,0.0,0.0,Summer,No Holiday,Yes,6075206,2,8
2703,27/04/2018,0,11.8,59.0,2.4,1535,4.0,0.0,0.0,0.0,Spring,No Holiday,Yes,4339446,1,4
2704,24/05/2018,20,20.0,46.0,2.6,1414,8.0,,0.0,0.0,Spring,No Holiday,Yes,10711573,2,5
2706,6/8/2018,12,33.2,59.0,2.6,1289,24.0,2.37,0.0,0.0,Summer,No Holiday,Yes,3807243,1,8
2707,21/12/2017,21,-0.4,74.0,0.6,1065,-4.4,0.0,0.0,0.8,Winter,No Holiday,Yes,1704893,1,12
2708,13/01/2018,19,-3.3,76.0,0.8,633,-6.9,0.0,0.0,0.0,Winter,No Holiday,Yes,1147845,0,1
2709,12/4/2018,6,7.1,55.0,1.8,1780,-1.3,0.0,0.0,0.0,Spring,No Holiday,Yes,2136321,1,4
2710,10/11/2018,22,10.6,81.0,1.2,281,7.4,0.0,0.0,0.0,Autumn,No Holiday,Yes,5014107,1,11
2711,27/09/2018,21,18.7,48.0,1.3,2000,7.4,0.0,0.0,0.0,Autumn,No Holiday,Yes,10453711,2,9
2712,18/04/2018,21,12.1,40.0,2.0,1308,-1.1,0.0,0.0,0.0,Spring,No Holiday,Yes,6333117,2,4
2713,25/09/2018,17,22.9,33.0,1.4,2000,5.7,0.83,0.0,0.0,Autumn,Holiday,Yes,10906009,2,9
2714,14/03/2018,9,14.6,62.0,1.2,1768,7.3,0.19,0.0,0.0,Spring,No Holiday,Yes,4267645,1,3
2715,13/03/2018,10,10.9,40.0,0.5,714,-2.1,0.55,0.0,0.0,Spring,No Holiday,Yes,2569700,1,3
2716,9/11/2018,7,10.4,81.0,3.0,1741,7.2,0.0,0.0,0.0,Autumn,No Holiday,No,455084,0,11
2717,26/07/2018,19,32.3,63.0,2.1,1037,24.3,0.41,0.0,0.0,Summer,No Holiday,Yes,10753423,2,7
2718,18/07/2018,22,27.2,73.0,1.5,1005,21.9,0.0,0.0,0.0,Summer,No Holiday,Yes,10437347,2,7
2719,13/09/2018,5,20.5,70.0,1.2,2000,14.8,0.0,0.0,0.0,Autumn,No Holiday,Yes,1554693,1,9
2720,16/07/2018,8,26.4,69.0,0.5,1559,20.2,,0.0,0.0,Summer,No Holiday,Yes,10414902,2,7
2721,30/05/2018,22,17.3,76.0,1.7,801,13.0,0.0,0.0,0.0,Spring,No Holiday,Yes,9393677,2,5
2722,4/7/2018,6,24.0,84.0,0.1,1969,21.1,0.05,0.0,0.0,Summer,No Holiday,Yes,4372983,1,7
2723,1/10/2018,10,16.3,47.0,3.6,1815,4.9,1.93,0.0,0.0,Autumn,No Holiday,Yes,4625751,1,10
2724,23/05/2018,2,15.0,97.0,2.5,236,14.5,0.0,3.0,0.0,Spring,No Holiday,Yes,420992,0,5
2725,12/6/2018,10,22.1,53.0,1.1,1999,12.0,2.28,0.0,0.0,Summer,No Holiday,Yes,5530357,1,6
2726,1/7/2018,11,21.2,97.0,,105,20.6,0.15,18.5,0.0,Summer,No Holiday,Yes,621672,0,7
2727,26/10/2018,15,14.0,87.0,1.2,1482,11.8,0.68,1.0,0.0,Autumn,No Holiday,Yes,3661157,1,10
2729,18/05/2018,23,13.2,68.0,1.8,2000,7.4,0.0,0.0,0.0,Spring,No Holiday,Yes,5277549,1,5
2730,27/08/2018,4,20.5,97.0,0.1,257,20.0,0.0,3.5,0.0,Summer,No Holiday,Yes,449169,0,8
2731,24/11/2018,23,,,0.4,1799,2.1,,0.0,0.5,Autumn,No Holiday,No,1449653,1,11
2732,20/03/2018,19,3.2,45.0,3.7,2000,-7.6,0.02,0.0,0.0,Spring,No Holiday,Yes,3943033,1,3
2733,4/1/2018,8,-8.6,55.0,0.6,1984,-16.0,0.0,0.0,0.0,Winter,No Holiday,Yes,3443149,1,1
2734,17/01/2018,20,3.5,72.0,1.7,361,-1.0,0.0,0.0,0.0,Winter,No Holiday,Yes,2159751,1,1
2735,22/03/2018,5,1.1,88.0,0.9,927,-0.6,0.0,0.0,0.0,Spring,No Holiday,Yes,737672,0,3
2736,19/12/2017,9,-5.3,48.0,2.6,1810,-14.6,0.18,0.0,2.5,Winter,No Holiday,Yes,1654861,1,12
2737,26/06/2018,0,26.9,61.0,,805,18.7,0.0,0.0,0.0,Summer,No Holiday,Yes,6486344,2,6
2738,21/04/2018,11,23.1,19.0,2.0,1172,-1.8,2.85,0.0,0.0,Spring,No Holiday,Yes,5285801,1,4
2739,30/06/2018,7,22.5,86.0,0.6,299,20.0,0.07,0.0,0.0,Summer,No Holiday,Yes,3356580,1,6
2740,16/07/2018,23,26.6,75.0,1.5,1996,21.7,0.0,0.0,0.0,Summer,No Holiday,Yes,6793054,2,7
2741,14/08/2018,19,32.7,56.0,2.2,2000,22.7,0.33,0.0,0.0,Summer,No Holiday,Yes,10163310,2,8
2742,8/1/2018,19,0.9,88.0,1.6,290,-0.8,0.0,0.0,0.5,Winter,No Holiday,Yes,1128286,0,1
2743,13/11/2018,14,15.0,37.0,1.6,1703,0.4,1.82,0.0,0.0,Autumn,No Holiday,Yes,4627468,1,11
2744,17/04/2018,19,14.5,31.0,3.1,1558,-2.4,0.25,0.0,0.0,Spring,No Holiday,Yes,7767424,2,4
2745,15/01/2018,8,4.1,85.0,1.1,470,1.7,0.0,0.0,0.0,Winter,No Holiday,Yes,2769902,1,1
2746,27/03/2018,21,13.4,73.0,1.5,325,8.6,,0.0,0.0,Spring,No Holiday,Yes,4878291,1,3
2747,15/02/2018,20,-0.4,27.0,2.2,2000,-17.1,0.0,0.0,0.0,Winter,Holiday,Yes,931150,0,2
2748,29/09/2018,7,14.7,76.0,0.8,2000,10.5,0.02,0.0,0.0,Autumn,No Holiday,Yes,3554666,1,9
2749,10/4/2018,4,,48.0,1.0,1458,-2.8,0.0,0.0,0.0,Spring,No Holiday,Yes,1169513,0,4
2750,9/2/2018,4,-4.4,47.0,0.9,1343,-14.0,0.0,0.0,0.0,Winter,No Holiday,Yes,1117949,0,2
2751,25/01/2018,8,-16.4,32.0,3.3,2000,-29.2,0.01,0.0,0.6,Winter,No Holiday,Yes,2560112,1,1
2752,10/8/2018,15,34.8,47.0,2.4,2000,21.8,2.21,0.0,0.0,Summer,No Holiday,Yes,4243220,1,8
2753,29/04/2018,20,16.9,42.0,2.7,942,3.8,0.0,0.0,0.0,Spring,No Holiday,Yes,8525780,2,4
2754,27/10/2018,4,8.8,61.0,2.8,2000,1.6,0.0,0.0,0.0,Autumn,No Holiday,Yes,1276606,1,10
2756,10/2/2018,11,2.6,62.0,2.9,294,-3.9,1.12,0.0,0.0,Winter,No Holiday,Yes,1580231,1,2
2757,22/12/2017,23,5.8,74.0,2.5,832,1.5,0.0,0.0,0.0,Winter,Holiday,Yes,1759490,1,12
2758,3/11/2018,7,5.2,79.0,,894,1.8,0.0,0.0,0.0,Autumn,No Holiday,No,538230,0,11
2760,12/12/2017,17,-7.0,32.0,2.6,2000,-20.9,0.19,0.0,0.0,Winter,No Holiday,Yes,2105384,1,12
2762,10/5/2018,2,13.1,73.0,1.9,1895,8.3,0.0,0.0,0.0,Spring,No Holiday,No,587489,0,5
2763,20/12/2017,17,-0.9,70.0,1.1,299,-5.6,,0.0,2.2,Winter,No Holiday,Yes,1555163,1,12
2764,1/6/2018,8,20.6,55.0,,1200,11.2,,0.0,0.0,Summer,No Holiday,Yes,11248786,2,6
2765,21/12/2017,7,-5.3,90.0,1.1,311,-6.6,0.0,0.0,2.2,Winter,No Holiday,Yes,1396905,0,12
2766,12/2/2018,9,-8.4,28.0,2.2,1947,-23.7,0.49,0.0,0.0,Winter,No Holiday,Yes,1940602,1,2
2767,25/04/2018,18,21.2,32.0,3.8,1927,3.8,0.94,0.0,0.0,Spring,No Holiday,Yes,14308385,2,4
2768,23/03/2018,19,8.3,48.0,3.0,779,-2.0,0.06,0.0,0.0,Spring,No Holiday,Yes,5462054,1,3
2769,11/2/2018,10,-6.9,21.0,,1827,-25.6,1.16,0.0,0.0,Winter,No Holiday,Yes,863999,0,2
2770,16/07/2018,8,26.4,69.0,0.5,1559,20.2,,0.0,0.0,Summer,No Holiday,Yes,10414902,2,7
2771,14/07/2018,17,31.5,53.0,,1974,20.7,2.02,0.0,0.0,Summer,No Holiday,Yes,7295707,2,7
2772,20/06/2018,13,26.2,51.0,3.2,1078,15.2,3.36,0.0,0.0,Summer,No Holiday,Yes,6854080,2,6
2773,10/9/2018,13,27.1,38.0,1.7,2000,11.5,2.56,0.0,0.0,Autumn,No Holiday,Yes,6448923,2,9
2774,24/05/2018,8,15.2,50.0,1.6,1530,4.8,1.1,0.0,0.0,Spring,No Holiday,Yes,11646084,2,5
2775,9/4/2018,21,10.3,38.0,0.5,1433,-3.4,,0.0,0.0,Spring,No Holiday,Yes,6771243,2,4
2776,5/4/2018,3,8.9,64.0,2.2,2000,2.4,0.0,0.0,0.0,Spring,No Holiday,Yes,1320335,0,4
2777,29/03/2018,14,20.2,47.0,2.4,541,8.5,2.3,0.0,0.0,Spring,No Holiday,Yes,4602585,1,3
2778,9/10/2018,13,19.2,39.0,1.0,2000,4.8,1.66,0.0,0.0,Autumn,Holiday,No,223192,0,10
2779,4/4/2018,20,12.8,56.0,2.0,2000,4.2,0.0,0.0,0.0,Spring,No Holiday,Yes,7522789,2,4
2780,18/12/2017,15,1.6,73.0,0.9,421,-2.7,0.6,0.0,3.2,Winter,No Holiday,Yes,1458742,0,12
2781,13/12/2017,11,-8.1,35.0,1.8,1806,-20.9,0.96,,0.0,Winter,No Holiday,Yes,1853942,1,12
2782,3/3/2018,23,9.4,74.0,1.6,559,4.9,0.0,,0.0,Spring,No Holiday,Yes,2081593,1,3
2783,10/12/2017,22,-1.0,56.0,4.7,2000,-8.6,0.0,0.0,0.0,Winter,No Holiday,Yes,1588926,0,12
2784,9/3/2018,12,6.8,51.0,1.0,1617,-2.6,1.13,0.0,0.0,Spring,No Holiday,Yes,3162215,1,3
2785,6/12/2017,12,2.4,52.0,0.9,1224,-6.4,1.08,0.0,0.0,Winter,No Holiday,Yes,3018597,1,12
2786,21/09/2018,5,17.8,93.0,1.8,2000,16.6,0.0,0.5,0.0,Autumn,No Holiday,Yes,760567,0,9
2787,16/03/2018,15,11.9,32.0,1.9,1976,-4.3,2.62,,0.0,Spring,No Holiday,Yes,5341762,1,3
2788,18/01/2018,18,2.0,39.0,2.1,1259,-10.5,0.01,0.0,0.0,Winter,No Holiday,Yes,2713815,1,1
2789,8/9/2018,20,22.8,45.0,2.0,2000,10.2,0.0,0.0,0.0,Autumn,No Holiday,Yes,10689657,2,9
2790,15/07/2018,9,27.0,71.0,1.0,1518,21.2,0.97,0.0,0.0,Summer,No Holiday,Yes,4339816,1,7
2791,15/10/2018,1,12.2,80.0,,1283,8.8,0.0,0.0,0.0,Autumn,No Holiday,Yes,2391146,1,10
2792,25/03/2018,5,5.0,83.0,0.7,200,2.3,0.0,0.0,0.0,Spring,No Holiday,Yes,795355,0,3
2793,16/07/2018,18,32.3,47.0,3.0,1961,19.5,1.26,0.0,0.0,Summer,No Holiday,Yes,13160461,2,7
2794,13/01/2018,8,-6.5,72.0,0.8,670,-10.7,0.0,0.0,0.2,Winter,No Holiday,Yes,687750,0,1
2795,23/07/2018,16,34.8,47.0,2.2,1839,21.8,1.32,0.0,0.0,Summer,No Holiday,Yes,5269944,1,7
2796,19/01/2018,9,8.3,,,925,-29.9,2.22,0.7,1.4,Winter,Holiday,Yes,3436601,1,1
2797,8/8/2018,13,34.4,48.0,2.1,1921,21.7,2.37,0.0,0.0,Summer,No Holiday,Yes,3802273,1,8
2798,26/09/2018,13,23.4,34.0,2.1,2000,6.6,2.84,0.0,0.0,Autumn,No Holiday,Yes,8849178,2,9
2799,8/2/2018,20,-2.8,40.0,1.5,1593,-14.5,0.0,0.0,0.0,Winter,No Holiday,Yes,1664847,1,2
2800,6/9/2018,1,21.9,85.0,0.2,1410,19.2,0.0,0.0,0.0,Autumn,No Holiday,Yes,4600193,1,9
2801,30/03/2018,8,11.5,60.0,1.6,550,3.9,0.42,0.0,0.0,Spring,No Holiday,Yes,7721131,2,3
2802,14/01/2018,1,-3.7,79.0,0.9,438,-6.8,0.0,0.0,0.0,Winter,No Holiday,Yes,1722353,0,1
2804,1/10/2018,1,13.9,57.0,,2000,5.5,0.0,0.0,0.0,Autumn,No Holiday,Yes,2192362,1,10
2805,25/07/2018,0,28.9,66.0,2.2,2000,21.9,0.0,0.0,0.0,Summer,No Holiday,Yes,5517806,1,7
2806,10/12/2017,16,5.4,71.0,3.5,622,0.5,0.2,0.0,0.5,Winter,No Holiday,Yes,1161702,1,12
2807,10/5/2018,3,12.9,74.0,1.7,1698,8.3,0.0,0.0,0.0,Spring,No Holiday,No,735668,0,5
2808,30/07/2018,0,29.2,50.0,1.1,2000,17.7,0.0,0.0,0.0,Summer,No Holiday,Yes,4384839,1,7
2809,25/06/2018,4,21.8,82.0,0.7,702,18.5,0.0,0.0,0.0,Summer,No Holiday,Yes,1566873,1,6
2810,2/11/2018,20,11.7,45.0,1.2,1748,0.1,0.0,0.0,0.0,Autumn,No Holiday,Yes,7210179,2,11
2811,15/01/2018,12,6.2,64.0,1.9,549,-0.1,0.79,0.0,0.0,Winter,No Holiday,Yes,1681438,1,1
2812,24/09/2018,22,16.6,47.0,3.9,2000,5.2,0.0,0.0,0.0,Autumn,Holiday,Yes,5588715,1,9
2813,27/06/2018,5,19.1,97.0,1.2,402,18.6,0.0,0.0,0.0,Summer,No Holiday,Yes,1697243,0,6
2814,10/3/2018,16,8.3,37.0,3.8,1867,-5.5,1.73,0.0,0.0,Spring,No Holiday,Yes,5451290,1,3
2815,28/06/2018,6,22.0,90.0,0.4,373,20.2,0.04,0.1,0.0,Summer,No Holiday,Yes,3740914,1,6
2816,30/06/2018,13,25.6,87.0,1.7,390,23.2,0.71,3.5,0.0,Summer,No Holiday,Yes,6507886,2,6
2817,4/4/2018,2,14.5,97.0,2.2,179,14.0,0.0,3.5,0.0,Spring,No Holiday,Yes,711918,0,4
2818,25/10/2018,18,17.3,39.0,1.3,1641,3.1,0.03,0.0,0.0,Autumn,No Holiday,Yes,14195587,2,10
2819,27/06/2018,4,19.2,97.0,1.0,217,18.7,0.0,0.5,0.0,Summer,No Holiday,Yes,1021748,0,6
2820,14/08/2018,2,28.6,70.0,1.5,2000,22.5,0.0,0.0,0.0,Summer,No Holiday,Yes,3279952,1,8
2821,3/1/2018,14,-1.5,30.0,2.8,1903,-16.8,1.1,0.0,0.0,Winter,No Holiday,Yes,1571541,1,1
2822,19/05/2018,15,23.9,37.0,1.6,2000,8.3,3.07,0.0,0.0,Spring,No Holiday,Yes,12403076,2,5
2823,21/09/2018,15,21.8,76.0,1.4,2000,17.3,1.2,0.0,0.0,Autumn,No Holiday,Yes,6934248,2,9
2824,8/6/2018,1,18.8,84.0,1.7,658,16.0,0.0,0.0,0.0,Summer,No Holiday,Yes,4651085,1,6
2825,10/12/2017,9,0.2,90.0,1.0,305,-1.2,0.0,1.6,4.3,Winter,No Holiday,Yes,811164,0,12
2826,12/7/2018,16,28.1,74.0,2.8,1559,23.0,1.06,0.0,0.0,Summer,No Holiday,Yes,7278152,2,7
2827,17/12/2017,11,-7.2,29.0,,1926,-22.2,0.88,0.0,0.0,Winter,No Holiday,Yes,1294998,0,12
2828,21/03/2018,21,1.2,92.0,0.7,1474,0.0,0.0,0.5,0.0,Spring,No Holiday,Yes,2156932,1,3
2830,6/10/2018,7,16.5,97.0,2.3,364,16.0,,9.5,0.0,Autumn,No Holiday,Yes,954995,0,10
2831,10/7/2018,7,21.1,95.0,0.4,2000,20.2,0.14,0.0,0.0,Summer,No Holiday,Yes,6980906,2,7
2832,18/04/2018,22,11.3,42.0,1.6,1189,-1.1,0.0,0.0,0.0,Spring,No Holiday,Yes,5525161,1,4
2833,28/11/2018,13,9.2,13.0,1.6,1776,-17.8,1.86,0.0,0.0,Autumn,No Holiday,Yes,3716565,1,11
2834,31/07/2018,1,30.2,57.0,0.7,2000,20.7,0.0,0.0,0.0,Summer,No Holiday,Yes,3529718,1,7
2835,2/10/2018,12,19.4,41.0,3.1,1956,5.7,2.67,0.0,0.0,Autumn,No Holiday,No,255440,0,10
2836,1/10/2018,4,13.7,56.0,1.9,2000,5.0,0.0,0.0,0.0,Autumn,No Holiday,Yes,1414103,0,10
2837,4/9/2018,20,23.7,49.0,3.3,2000,12.3,0.0,0.0,0.0,Autumn,No Holiday,Yes,12005084,2,9
2838,21/05/2018,21,17.7,63.0,0.5,1324,10.5,0.0,0.0,0.0,Spring,No Holiday,Yes,11127814,2,5
2839,28/10/2018,21,7.6,75.0,1.1,2000,3.4,0.0,0.0,0.0,Autumn,No Holiday,Yes,4278012,1,10
2840,13/02/2018,19,2.4,57.0,3.2,1995,-5.2,0.0,,0.0,Winter,No Holiday,Yes,2574495,1,2
2844,10/12/2017,18,2.0,61.0,3.0,2000,-4.7,0.0,0.0,0.0,Winter,No Holiday,Yes,1880523,1,12
2845,16/04/2018,5,5.3,73.0,0.8,1474,0.8,0.0,0.0,0.0,Spring,No Holiday,Yes,1195672,0,4
2846,31/07/2018,0,31.0,54.0,0.8,2000,20.5,0.0,0.0,0.0,Summer,No Holiday,Yes,4559308,1,7
2847,12/3/2018,17,13.7,38.0,2.6,436,-0.3,,0.0,0.0,Spring,No Holiday,Yes,5459390,1,3
2848,9/5/2018,7,10.0,59.0,1.1,2000,2.3,0.36,0.0,0.0,Spring,No Holiday,Yes,7617389,2,5
2849,3/8/2018,19,33.5,54.0,2.7,1871,22.9,0.35,0.0,0.0,Summer,No Holiday,Yes,8519469,2,8
2850,14/07/2018,15,31.1,59.0,2.3,1929,22.1,2.34,0.0,0.0,Summer,No Holiday,Yes,6378537,2,7
2851,11/1/2018,23,-13.2,51.0,1.5,1972,-21.2,,0.0,0.0,Winter,No Holiday,Yes,1658616,0,1
2852,31/10/2018,3,5.6,69.0,0.1,2000,0.3,0.0,0.0,0.0,Autumn,No Holiday,Yes,1824411,1,10
2853,7/1/2018,16,2.6,32.0,1.0,1381,-12.4,0.27,0.0,0.0,Winter,No Holiday,Yes,2471250,1,1
2854,12/9/2018,6,17.0,63.0,1.3,2000,9.8,0.0,0.0,0.0,Autumn,No Holiday,Yes,3833577,1,9
2855,10/9/2018,0,20.7,57.0,1.8,2000,11.8,0.0,0.0,0.0,Autumn,No Holiday,Yes,4683868,1,9
2856,10/2/2018,3,2.0,71.0,1.2,534,-2.7,0.0,0.0,0.0,Winter,No Holiday,Yes,770180,0,2
2857,6/4/2018,5,6.3,97.0,1.7,787,5.8,0.0,0.5,0.0,Spring,No Holiday,Yes,459941,0,4
2858,25/02/2018,17,6.9,25.0,2.9,1795,-11.8,,,0.0,Winter,No Holiday,Yes,3575909,1,2
2859,11/4/2018,23,9.7,45.0,2.0,1969,-1.6,0.0,0.0,0.0,Spring,No Holiday,No,636364,0,4
2860,27/10/2018,17,9.5,34.0,5.7,2000,-5.6,0.45,0.0,0.0,Autumn,No Holiday,Yes,6777935,2,10
2861,15/07/2018,6,24.8,83.0,0.2,1534,21.7,0.02,0.0,0.0,Summer,No Holiday,Yes,2306730,1,7
2862,11/4/2018,23,9.7,45.0,2.0,1969,-1.6,0.0,0.0,0.0,Spring,No Holiday,No,636364,0,4
2863,26/07/2018,23,29.0,79.0,1.2,971,24.9,0.0,,0.0,Summer,No Holiday,Yes,6907946,2,7
2864,6/2/2018,7,-12.7,41.0,3.7,1982,-23.2,0.0,0.0,0.0,Winter,No Holiday,Yes,1540627,1,2
2865,17/01/2018,13,8.0,54.0,1.8,435,-0.7,0.57,0.0,0.0,Winter,No Holiday,Yes,1684756,1,1
2866,29/03/2018,23,12.7,75.0,1.6,475,8.3,0.0,0.0,0.0,Spring,No Holiday,Yes,3289147,1,3
2867,21/05/2018,2,13.9,,0.9,2000,-2.1,,0.0,0.0,Spring,No Holiday,Yes,1624017,1,5
2868,4/4/2018,15,17.9,44.0,2.2,2000,5.4,2.79,,0.0,Spring,No Holiday,Yes,6130138,2,4
2869,5/2/2018,23,-10.5,47.0,2.8,1794,-19.6,,0.0,0.0,Winter,No Holiday,Yes,1425054,0,2
2870,10/11/2018,3,,81.0,0.7,361,7.1,0.0,0.0,0.0,Autumn,No Holiday,Yes,2229185,1,11
2871,17/03/2018,9,3.4,49.0,1.6,1950,-6.3,1.03,0.0,0.0,Spring,No Holiday,Yes,2907401,1,3
2872,4/3/2018,8,8.3,97.0,0.6,152,7.8,,0.0,0.0,Spring,No Holiday,Yes,784925,0,3
2874,7/12/2017,20,-1.4,47.0,2.5,1620,-11.2,0.0,,0.0,Winter,No Holiday,Yes,2911413,1,12
2875,24/09/2018,9,17.0,43.0,2.1,1993,4.3,1.36,0.0,0.0,Autumn,Holiday,Yes,1801558,1,9
2876,12/2/2018,11,-6.1,25.0,2.8,1976,-22.9,1.28,0.0,0.0,Winter,No Holiday,Yes,1892397,1,2
2877,7/12/2017,12,3.7,65.0,2.4,833,-2.2,0.98,0.0,0.3,Winter,No Holiday,Yes,2480860,1,12
2878,12/2/2018,4,-8.6,31.0,3.5,2000,-22.7,0.0,0.0,0.0,Winter,No Holiday,Yes,979641,0,2
2879,27/04/2018,6,9.9,66.0,1.5,931,3.8,0.0,0.0,0.0,Spring,No Holiday,Yes,2978544,1,4
2880,16/03/2018,13,10.4,38.0,2.4,1959,-3.3,2.99,0.0,0.0,Spring,No Holiday,Yes,4221642,1,3
2881,25/02/2018,13,6.1,22.0,2.4,1710,-14.0,2.5,0.0,0.0,Winter,No Holiday,Yes,2829957,1,2
2882,1/2/2018,15,0.7,25.0,3.0,1987,-17.1,1.12,0.0,0.0,Winter,No Holiday,Yes,2143262,1,2
2883,6/7/2018,18,25.9,52.0,2.1,2000,15.2,0.57,0.0,0.0,Summer,No Holiday,Yes,16924230,2,7
2884,2/2/2018,17,2.0,25.0,2.3,1998,-16.0,0.34,0.0,0.0,Winter,No Holiday,Yes,2284121,1,2
2885,5/8/2018,13,33.0,56.0,3.5,1857,23.0,2.68,0.0,0.0,Summer,No Holiday,Yes,3058251,1,8
2886,26/04/2018,19,15.2,45.0,3.3,1138,3.3,0.24,,0.0,Spring,No Holiday,Yes,10544105,2,4
2887,23/06/2018,14,28.0,46.0,3.6,1401,15.2,2.88,,0.0,Summer,No Holiday,Yes,7733829,2,6
2888,26/10/2018,20,12.2,67.0,5.4,1956,6.2,0.0,0.0,0.0,Autumn,No Holiday,Yes,5101087,1,10
2889,14/08/2018,4,28.1,71.0,0.4,2000,22.3,0.0,0.0,0.0,Summer,No Holiday,Yes,1243481,1,8
2891,30/09/2018,2,17.3,68.0,0.7,2000,11.3,0.0,0.0,0.0,Autumn,No Holiday,No,642357,0,9
2892,16/09/2018,8,21.9,88.0,1.6,601,19.8,0.17,0.0,0.0,Autumn,No Holiday,Yes,3272372,1,9
2894,28/12/2017,9,-4.3,38.0,0.7,1877,-16.5,0.04,0.0,0.0,Winter,No Holiday,Yes,2346640,1,12
2895,23/02/2018,22,5.7,81.0,2.5,292,2.6,0.0,0.0,0.0,Winter,No Holiday,Yes,2202651,1,2
2896,10/3/2018,21,5.0,73.0,2.2,1173,0.5,0.0,0.0,0.0,Spring,No Holiday,Yes,3229750,1,3
2897,23/08/2018,13,31.0,53.0,1.9,2000,20.2,0.79,0.0,0.0,Summer,No Holiday,Yes,3356943,1,8
2898,30/08/2018,7,24.3,96.0,1.4,1025,23.6,0.04,0.0,0.0,Summer,No Holiday,Yes,4940811,1,8
2899,27/08/2018,19,24.7,83.0,0.4,2000,21.6,0.1,0.0,0.0,Summer,No Holiday,Yes,9398670,2,8
2900,14/12/2017,4,,50.0,0.8,1718,-19.4,0.0,0.0,0.0,Winter,No Holiday,Yes,608620,0,12
2901,15/12/2017,3,-6.9,56.0,0.5,1111,-14.2,0.0,0.0,0.0,Winter,No Holiday,Yes,1226096,0,12
2902,24/02/2018,19,2.1,27.0,2.8,1883,-15.0,0.01,0.0,0.0,Winter,No Holiday,Yes,2064876,1,2
2903,3/6/2018,14,29.8,26.0,2.2,1818,8.2,3.2,0.0,0.0,Summer,No Holiday,Yes,7812259,2,6
2904,19/07/2018,0,25.9,76.0,1.3,984,21.3,0.0,0.0,0.0,Summer,No Holiday,Yes,6177910,2,7
2905,4/8/2018,0,30.0,61.0,1.7,1794,21.6,0.0,0.0,0.0,Summer,No Holiday,Yes,6150025,1,8
2906,16/05/2018,23,22.0,97.0,0.9,158,21.4,0.0,0.0,0.0,Spring,No Holiday,Yes,2000547,1,5
2907,15/09/2018,14,25.7,67.0,1.2,2000,19.1,0.9,0.0,0.0,Autumn,No Holiday,Yes,8402534,2,9
2908,20/03/2018,10,7.4,35.0,3.5,1990,-7.0,1.81,0.0,0.0,Spring,No Holiday,Yes,3134303,1,3
2909,25/11/2018,10,4.0,76.0,1.3,404,0.1,0.93,0.0,2.4,Autumn,No Holiday,Yes,3015896,1,11
2910,1/9/2018,2,22.0,86.0,0.4,1703,19.5,0.0,0.0,0.0,Autumn,No Holiday,Yes,4484668,1,9
2911,3/3/2018,19,12.7,32.0,2.3,2000,-3.6,0.01,0.0,0.0,Spring,No Holiday,Yes,3913758,1,3
2912,5/8/2018,9,29.1,76.0,2.2,1041,24.4,1.38,0.0,0.0,Summer,No Holiday,Yes,2088445,1,8
2913,15/02/2018,21,-1.1,32.0,2.4,2000,-15.7,0.0,0.0,0.0,Winter,Holiday,Yes,1574977,0,2
2914,17/07/2018,7,24.4,75.0,1.0,841,19.6,0.35,0.0,0.0,Summer,No Holiday,Yes,7393553,2,7
2915,18/01/2018,19,1.5,41.0,1.0,1210,-10.3,0.0,0.0,0.0,Winter,No Holiday,Yes,2437794,1,1
2916,26/01/2018,11,-15.6,31.0,3.3,1808,-28.9,0.93,0.0,0.5,Winter,No Holiday,Yes,710638,0,1
2917,6/11/2018,20,13.2,73.0,1.1,246,8.4,0.0,0.0,0.0,Autumn,No Holiday,No,843759,0,11
2918,25/10/2018,9,10.3,64.0,1.0,1544,3.7,0.91,0.0,0.0,Autumn,No Holiday,Yes,6436697,2,10
2919,22/01/2018,9,0.1,33.0,0.8,1901,-14.3,0.06,0.0,0.0,Winter,No Holiday,Yes,2334006,1,1
2920,13/08/2018,1,28.2,88.0,0.2,929,26.0,0.0,1.0,0.0,Summer,No Holiday,Yes,1543201,1,8
2921,27/02/2018,12,5.4,37.0,,815,-8.1,0.43,0.0,0.0,Winter,No Holiday,Yes,2561799,1,2
2923,17/12/2017,4,-9.5,40.0,1.9,2000,-20.6,0.0,0.0,0.0,Winter,No Holiday,Yes,441498,0,12
2924,19/05/2018,20,20.9,34.0,1.4,2000,4.4,,0.0,0.0,Spring,No Holiday,Yes,10198870,2,5
2925,26/12/2017,22,-7.2,38.0,3.1,2000,-19.1,0.0,0.0,0.0,Winter,No Holiday,Yes,1637137,1,12
2926,8/11/2018,8,10.6,89.0,1.5,689,8.8,0.02,0.0,0.0,Autumn,No Holiday,Yes,1627962,0,11
2927,14/09/2018,1,21.6,75.0,1.1,1671,16.9,0.0,0.0,0.0,Autumn,No Holiday,Yes,4509993,1,9
2928,11/10/2018,6,6.6,65.0,1.6,2000,0.4,0.0,0.0,0.0,Autumn,No Holiday,Yes,3095114,1,10
2929,20/07/2018,13,32.4,54.0,2.4,708,21.8,2.5,0.0,0.0,Summer,No Holiday,Yes,4952521,1,7
2932,5/11/2018,14,17.5,38.0,1.2,1090,3.0,1.74,0.0,0.0,Autumn,No Holiday,Yes,5483639,1,11
2933,24/09/2018,17,21.6,32.0,3.1,2000,4.1,,0.0,0.0,Autumn,Holiday,Yes,7849700,2,9
2934,19/08/2018,18,,41.0,1.9,2000,17.3,0.62,0.0,0.0,Summer,No Holiday,Yes,10066126,2,8
2935,26/12/2017,11,,59.0,9.9,1438,4.1,0.57,0.2,0.1,Winter,Holiday,Yes,5798192,1,12
2936,4/1/2018,11,-4.4,40.0,0.8,1671,-16.0,0.69,0.0,0.0,Winter,No Holiday,Yes,1660090,1,1
2937,25/04/2018,0,8.9,55.0,0.7,2000,0.3,0.0,0.0,0.0,Spring,No Holiday,Yes,3340032,1,4
2938,10/6/2018,14,24.1,51.0,1.1,2000,13.3,,0.0,0.0,Summer,No Holiday,Yes,10694270,2,6
2939,13/05/2018,14,19.7,64.0,2.9,929,12.6,1.99,0.0,0.0,Spring,No Holiday,Yes,10595209,2,5
2940,5/9/2018,11,,47.0,2.9,2000,14.1,2.38,0.0,0.0,Autumn,No Holiday,Yes,5359871,1,9
2941,30/01/2018,18,-2.3,91.0,0.4,202,-3.5,0.0,1.4,2.0,Winter,No Holiday,Yes,732483,0,1
2942,16/09/2018,13,23.6,66.0,2.1,1689,16.8,0.87,0.0,0.0,Autumn,No Holiday,Yes,4077349,1,9
2943,26/06/2018,17,24.0,95.0,5.0,362,23.1,0.07,2.0,0.0,Summer,No Holiday,Yes,1413912,0,6
2944,2/7/2018,5,20.7,97.0,0.3,2000,20.2,0.0,0.5,0.0,Summer,No Holiday,Yes,821952,0,7
2945,26/03/2018,19,14.3,37.0,3.1,1247,-0.2,0.1,0.0,0.0,Spring,No Holiday,Yes,5662682,1,3
2947,24/01/2018,23,-15.7,43.0,3.6,2000,-25.4,0.0,0.0,0.7,Winter,No Holiday,Yes,1234113,0,1
2948,19/12/2017,18,-3.8,42.0,3.3,2000,-14.8,,0.0,2.0,Winter,No Holiday,Yes,2505652,1,12
2949,19/09/2018,8,19.8,71.0,1.1,1534,14.3,,0.0,0.0,Autumn,No Holiday,No,798877,0,9
2950,4/3/2018,16,11.7,82.0,1.1,753,8.7,0.32,0.0,0.0,Spring,No Holiday,Yes,2144540,1,3
2951,15/01/2018,11,4.7,75.0,2.3,533,0.6,0.54,0.0,0.0,Winter,No Holiday,Yes,2285274,1,1
2952,8/9/2018,0,19.2,53.0,3.7,2000,9.3,0.0,0.0,0.0,Autumn,No Holiday,Yes,5803096,2,9
2953,23/10/2018,10,13.8,65.0,1.1,475,7.3,1.06,0.0,0.0,Autumn,No Holiday,Yes,3845279,1,10
2954,8/2/2018,8,-9.7,65.0,0.8,1508,-15.0,0.02,0.0,0.0,Winter,No Holiday,Yes,3141345,1,2
2955,14/01/2018,5,-4.2,79.0,1.2,442,-7.3,0.0,0.0,0.0,Winter,No Holiday,Yes,755683,0,1
2956,25/07/2018,3,28.9,69.0,2.8,1871,22.6,0.0,0.0,0.0,Summer,No Holiday,Yes,1816372,1,7
2957,26/11/2018,20,7.3,66.0,0.5,516,1.3,0.0,0.0,0.0,Autumn,No Holiday,Yes,5803299,1,11
2958,22/01/2018,11,2.4,27.0,0.9,1796,-14.7,0.47,0.0,0.0,Winter,No Holiday,Yes,2031089,1,1
2959,9/5/2018,2,10.9,59.0,1.1,2000,3.1,0.0,0.0,0.0,Spring,No Holiday,Yes,1856226,1,5
2960,28/11/2018,14,10.3,14.0,1.1,1880,-16.1,1.7,,0.0,Autumn,No Holiday,Yes,4042051,1,11
2961,21/02/2018,0,-1.4,28.0,3.4,1990,-17.6,0.0,0.0,0.0,Winter,No Holiday,Yes,1666141,0,2
2962,16/09/2018,1,22.8,84.0,0.9,827,19.9,0.0,0.0,0.0,Autumn,No Holiday,Yes,4096937,1,9
2963,25/03/2018,22,8.8,79.0,2.0,203,5.3,0.0,0.0,0.0,Spring,No Holiday,Yes,3131541,1,3
2964,11/5/2018,11,18.3,56.0,1.4,519,9.3,2.53,0.0,0.0,Spring,No Holiday,Yes,5756942,1,5
2965,12/5/2018,23,15.8,98.0,1.6,235,15.4,0.0,1.0,0.0,Spring,No Holiday,Yes,903328,0,5
2966,18/06/2018,11,27.3,45.0,2.4,846,14.3,2.84,0.0,0.0,Summer,No Holiday,Yes,4737730,1,6
2968,24/06/2018,7,20.5,82.0,0.8,338,17.3,0.16,0.0,0.0,Summer,No Holiday,Yes,2139363,1,6
2969,3/3/2018,12,10.7,16.0,1.7,1657,-14.1,2.56,0.0,0.0,Spring,No Holiday,Yes,3348026,1,3
2972,22/10/2018,19,15.6,44.0,1.5,828,3.3,0.0,0.0,0.0,Autumn,No Holiday,Yes,9892687,2,10
2973,2/4/2018,9,16.6,70.0,1.5,945,11.0,0.3,0.0,0.0,Spring,No Holiday,Yes,4510532,1,4
2974,1/9/2018,22,25.1,53.0,2.0,2000,14.8,0.0,0.0,0.0,Autumn,No Holiday,Yes,5483336,1,9
2975,2/8/2018,5,30.7,57.0,,2000,21.1,0.0,0.0,0.0,Summer,No Holiday,Yes,2071368,1,8
2976,9/11/2018,15,15.1,52.0,3.4,622,5.3,1.3,,0.0,Autumn,No Holiday,No,601966,0,11
2977,26/02/2018,22,2.7,40.0,1.0,1089,-9.5,0.0,0.0,0.0,Winter,No Holiday,Yes,2739524,1,2
2978,18/01/2018,15,4.2,36.0,2.3,957,-9.5,0.57,0.0,0.0,Winter,No Holiday,Yes,2286925,1,1
2979,12/2/2018,15,-2.1,30.0,3.9,1933,-17.3,,0.0,0.0,Winter,No Holiday,Yes,1253258,1,2
2980,4/7/2018,12,30.5,58.0,2.5,1741,21.2,2.26,0.0,0.0,Summer,No Holiday,Yes,5646373,1,7
2981,6/2/2018,22,-11.1,43.0,1.8,1960,-21.2,0.0,0.0,0.0,Winter,No Holiday,Yes,1745683,0,2
2982,29/03/2018,20,15.6,64.0,2.7,686,8.8,0.0,0.0,0.0,Spring,No Holiday,Yes,5609106,1,3
2983,24/04/2018,21,11.5,47.0,1.1,2000,0.5,0.0,0.0,0.0,Spring,No Holiday,Yes,7080758,2,4
2984,5/11/2018,23,10.9,82.0,0.1,346,7.9,0.0,0.0,0.0,Autumn,No Holiday,Yes,4425760,1,11
2986,11/3/2018,4,4.2,81.0,1.3,333,1.2,,0.0,0.0,Spring,No Holiday,Yes,1024367,0,3
2987,13/12/2017,17,-5.6,29.0,1.7,2000,-20.8,0.18,0.0,0.0,Winter,No Holiday,Yes,2849131,1,12
2988,31/03/2018,22,12.8,52.0,1.5,1616,3.1,0.0,0.0,0.0,Spring,No Holiday,Yes,5218229,1,3
2989,17/11/2018,7,0.8,77.0,0.9,1300,-2.7,0.0,0.0,0.0,Autumn,No Holiday,Yes,1956850,1,11
2991,14/05/2018,3,,95.0,1.5,180,11.1,0.0,0.0,0.0,Spring,No Holiday,Yes,1596565,0,5
2992,26/11/2018,12,9.1,57.0,1.1,562,1.0,1.69,0.0,0.0,Autumn,No Holiday,Yes,4613687,1,11
2993,9/6/2018,15,29.6,40.0,,1546,14.5,1.96,0.0,0.0,Summer,No Holiday,Yes,10535523,2,6
2994,21/06/2018,15,28.3,40.0,,1619,13.4,2.96,0.0,0.0,Summer,No Holiday,Yes,6847623,2,6
2997,19/09/2018,4,19.5,70.0,0.5,2000,13.8,0.0,0.0,0.0,Autumn,No Holiday,No,905594,0,9
2998,14/05/2018,18,23.6,48.0,3.1,666,11.9,0.85,0.0,0.0,Spring,No Holiday,Yes,15935806,2,5
2999,15/01/2018,10,4.2,82.0,2.2,560,1.3,0.22,0.0,0.0,Winter,No Holiday,Yes,1513561,1,1
3000,1/10/2018,14,19.3,36.0,3.5,1986,3.8,2.28,0.0,0.0,Autumn,No Holiday,Yes,5783037,2,10
3001,15/10/2018,16,20.3,44.0,2.2,793,7.6,1.09,0.0,0.0,Autumn,No Holiday,Yes,7670162,2,10
3002,30/06/2018,9,24.2,81.0,0.9,295,20.7,0.53,0.0,0.0,Summer,No Holiday,Yes,5072776,1,6
3003,2/11/2018,19,12.8,40.0,1.4,1870,-0.4,0.0,0.0,0.0,Autumn,No Holiday,Yes,8806537,2,11
3004,22/01/2018,6,0.0,33.0,0.4,2000,-14.3,0.0,,0.0,Winter,No Holiday,Yes,1555360,0,1
3005,16/07/2018,22,,69.0,1.7,2000,21.0,0.0,0.0,0.0,Summer,No Holiday,Yes,10230967,2,7
3006,13/04/2018,16,18.3,16.0,1.0,2000,-7.9,0.7,0.0,0.0,Spring,No Holiday,Yes,6654055,2,4
3007,1/10/2018,3,13.6,56.0,1.6,2000,4.9,0.0,0.0,0.0,Autumn,No Holiday,Yes,1098250,0,10
3008,4/10/2018,3,13.6,75.0,0.8,1960,9.2,0.0,0.0,0.0,Autumn,No Holiday,No,840120,0,10
3009,23/06/2018,3,22.0,42.0,0.2,1891,8.4,0.0,0.0,0.0,Summer,No Holiday,Yes,3594925,1,6
3010,12/1/2018,12,-9.6,27.0,2.0,1945,-25.1,1.17,0.0,0.0,Winter,No Holiday,Yes,1312526,0,1
3011,9/6/2018,20,23.7,62.0,1.6,1402,15.9,0.0,0.4,0.0,Summer,No Holiday,Yes,1417942,1,6
3012,13/11/2018,7,4.4,72.0,0.3,1189,-0.2,0.0,0.0,0.0,Autumn,No Holiday,Yes,5963798,2,11
3013,31/10/2018,0,7.1,59.0,1.7,2000,-0.3,0.0,0.0,0.0,Autumn,No Holiday,Yes,1770668,1,10
3014,18/11/2018,13,9.9,37.0,2.1,1900,-4.1,1.32,0.0,0.0,Autumn,No Holiday,Yes,4725196,1,11
3015,25/02/2018,10,2.1,42.0,1.1,1564,-9.5,1.12,0.0,0.0,Winter,No Holiday,Yes,1929776,1,2
3016,9/11/2018,2,11.3,88.0,3.7,1680,9.3,0.0,0.0,0.0,Autumn,No Holiday,No,176686,0,11
3017,19/06/2018,17,25.1,51.0,2.4,1714,14.2,1.15,,0.0,Summer,No Holiday,Yes,12391707,2,6
3018,6/3/2018,17,10.2,27.0,2.8,1826,-8.0,1.22,0.0,0.0,Spring,No Holiday,Yes,5064346,1,3
3019,13/07/2018,14,29.5,62.0,2.7,1941,21.4,1.79,0.0,0.0,Summer,No Holiday,Yes,5424722,1,7
3020,21/04/2018,5,13.0,70.0,0.5,385,7.6,0.0,0.0,0.0,Spring,No Holiday,Yes,972097,0,4
3021,18/07/2018,13,32.1,51.0,2.3,776,20.6,2.96,0.0,0.0,Summer,No Holiday,Yes,5010137,1,7
3022,3/12/2017,12,5.8,85.0,1.7,349,3.4,0.43,0.0,0.0,Winter,No Holiday,Yes,2741651,1,12
3023,24/11/2018,12,2.5,84.0,1.9,1538,0.0,0.4,1.8,7.0,Autumn,No Holiday,Yes,1504171,0,11
3025,21/11/2018,12,7.7,34.0,0.6,1969,-7.2,0.49,0.0,0.0,Autumn,No Holiday,Yes,3834199,1,11
3026,22/10/2018,18,17.3,43.0,0.9,783,4.5,0.08,0.0,0.0,Autumn,No Holiday,Yes,14006887,2,10
3028,22/07/2018,17,37.6,33.0,2.1,1837,18.5,1.82,0.0,0.0,Summer,No Holiday,Yes,5565774,1,7
3029,27/01/2018,9,-15.1,49.0,1.1,1401,-23.4,0.2,0.0,0.3,Winter,No Holiday,Yes,1304359,0,1
3030,12/8/2018,9,29.7,55.0,1.6,2000,19.6,,0.0,0.0,Summer,No Holiday,Yes,3180750,1,8
3031,3/3/2018,15,16.0,14.0,2.2,1828,-11.5,2.33,0.0,0.0,Spring,No Holiday,Yes,6905425,2,3
3032,9/3/2018,6,2.5,71.0,1.1,1055,-2.2,0.0,0.0,0.0,Spring,No Holiday,Yes,1713770,1,3
3033,17/05/2018,6,18.9,98.0,0.3,338,18.5,0.0,0.0,0.0,Spring,No Holiday,Yes,621822,0,5
3034,5/10/2018,5,17.6,57.0,1.1,2000,8.9,0.0,0.0,0.0,Autumn,No Holiday,Yes,1308052,1,10
3035,29/01/2018,20,-7.4,41.0,,2000,-18.4,0.0,0.0,0.0,Winter,No Holiday,Yes,1573823,0,1
3036,12/2/2018,17,-3.1,36.0,4.4,1988,-16.0,0.89,0.0,0.0,Winter,No Holiday,Yes,1642500,1,2
3038,24/03/2018,19,7.7,80.0,2.8,234,4.4,0.05,0.0,0.0,Spring,No Holiday,Yes,2987372,1,3
3039,7/8/2018,2,27.9,68.0,0.9,2000,21.4,0.0,,0.0,Summer,No Holiday,Yes,2468263,1,8
3041,4/8/2018,15,34.7,48.0,3.6,1973,22.0,2.47,0.0,0.0,Summer,No Holiday,Yes,4151715,1,8
3042,12/5/2018,12,12.3,97.0,0.8,238,11.8,,2.0,0.0,Spring,No Holiday,Yes,759342,0,5
3043,2/1/2018,2,-2.3,62.0,0.9,1560,-8.6,0.0,0.0,0.0,Winter,No Holiday,Yes,787496,0,1
3044,31/12/2017,23,-2.6,40.0,0.6,2000,-14.3,0.0,0.0,0.0,Winter,Holiday,Yes,1884877,1,12
3045,1/9/2018,3,21.6,87.0,0.3,1579,19.3,0.0,0.0,0.0,Autumn,No Holiday,Yes,2694640,1,9
3046,23/06/2018,12,28.4,31.0,2.7,1849,9.6,,0.0,0.0,Summer,No Holiday,Yes,7404726,2,6
3047,31/05/2018,21,21.9,60.0,2.5,1551,13.7,0.0,0.0,0.0,Spring,No Holiday,Yes,11162237,2,5
3048,13/11/2018,2,5.6,64.0,0.1,1556,-0.6,0.0,0.0,0.0,Autumn,No Holiday,Yes,2044969,1,11
3049,16/11/2018,22,6.2,72.0,1.4,848,1.5,0.0,0.0,0.0,Autumn,No Holiday,Yes,5285936,1,11
3050,11/1/2018,0,-10.3,54.0,2.4,1988,-17.8,0.0,0.0,0.0,Winter,No Holiday,Yes,1389214,0,1
3052,21/10/2018,1,10.6,60.0,0.5,1642,3.1,,0.0,0.0,Autumn,No Holiday,Yes,3893909,1,10
3053,14/11/2018,15,15.9,30.0,0.7,1823,-1.6,1.34,0.0,0.0,Autumn,No Holiday,Yes,6263312,2,11
3054,16/07/2018,13,33.0,51.0,2.5,1100,21.5,3.09,,0.0,Summer,No Holiday,Yes,4294298,1,7
3055,30/01/2018,8,-11.1,61.0,0.7,1963,-17.1,0.01,0.0,0.0,Winter,No Holiday,Yes,2947463,1,1
3056,31/10/2018,16,11.8,34.0,2.3,1979,-3.5,1.16,0.0,0.0,Autumn,No Holiday,Yes,6077328,2,10
3057,8/12/2017,22,-3.4,39.0,1.2,2000,-15.4,0.0,0.0,0.0,Winter,No Holiday,Yes,1586800,1,12
3058,26/04/2018,22,12.7,61.0,2.2,1949,5.3,0.0,0.0,0.0,Spring,No Holiday,Yes,6290513,2,4
3061,6/3/2018,5,-0.9,78.0,0.6,1687,-4.2,0.0,,0.0,Spring,No Holiday,Yes,1082741,0,3
3062,10/4/2018,10,15.2,31.0,1.6,1757,-1.8,1.84,0.0,0.0,Spring,No Holiday,Yes,3804755,1,4
3063,7/6/2018,3,18.4,88.0,1.6,465,16.3,0.0,0.0,0.0,Summer,No Holiday,Yes,1864855,1,6
3064,13/09/2018,21,23.8,67.0,0.6,2000,17.2,0.0,0.0,0.0,Autumn,No Holiday,Yes,10438130,2,9
3065,3/7/2018,6,22.6,95.0,0.1,1937,21.7,0.05,0.0,0.0,Summer,No Holiday,Yes,3298928,1,7
3066,16/10/2018,20,14.8,68.0,2.0,1502,8.9,0.0,,0.0,Autumn,No Holiday,Yes,8037286,2,10
3067,9/5/2018,18,20.6,41.0,2.3,2000,6.8,1.1,0.0,0.0,Spring,No Holiday,Yes,15961424,2,5
3069,12/7/2018,4,26.1,85.0,0.6,1081,23.3,0.0,0.0,0.0,Summer,No Holiday,Yes,943368,0,7
3070,23/05/2018,21,15.4,61.0,1.1,1959,7.9,0.0,,0.0,Spring,No Holiday,Yes,9581235,2,5
3071,25/02/2018,9,-0.3,48.0,1.1,1394,-10.0,0.43,0.0,0.0,Winter,No Holiday,Yes,1249272,1,2
3072,24/03/2018,8,4.5,49.0,0.4,580,-5.3,0.19,0.0,0.0,Spring,No Holiday,Yes,2996534,1,3
3073,9/9/2018,9,20.4,51.0,1.8,2000,9.9,1.43,0.0,0.0,Autumn,No Holiday,Yes,5146494,1,9
3074,4/9/2018,18,26.8,53.0,2.6,2000,16.4,0.8,0.0,0.0,Autumn,No Holiday,Yes,16431569,2,9
3075,1/12/2017,0,-5.2,37.0,2.2,2000,-17.6,0.0,0.0,0.0,Winter,No Holiday,Yes,2305617,1,12
3076,12/9/2018,19,25.4,50.0,0.6,2000,14.2,0.07,0.0,0.0,Autumn,No Holiday,Yes,13473315,2,9
3077,9/4/2018,22,9.6,41.0,0.5,1428,-3.0,0.0,0.0,0.0,Spring,No Holiday,Yes,5539811,1,4
3078,31/05/2018,18,26.4,42.0,3.1,1995,12.4,0.79,0.0,0.0,Spring,No Holiday,Yes,16062848,2,5
3079,7/1/2018,11,,57.0,13.0,1442,2.9,0.55,0.2,0.1,Winter,No Holiday,Yes,2144049,1,1
3080,21/06/2018,13,27.3,33.0,3.4,1921,9.6,3.42,0.0,0.0,Summer,No Holiday,Yes,6736140,2,6
3081,10/8/2018,7,26.0,78.0,0.7,1988,21.8,,0.0,0.0,Summer,No Holiday,Yes,5922679,1,8
3083,19/01/2018,20,1.2,51.0,0.6,1544,-7.8,0.0,0.0,0.0,Winter,No Holiday,Yes,2067128,1,1
3084,19/11/2018,19,6.8,52.0,0.8,960,-2.3,0.0,0.0,0.0,Autumn,No Holiday,Yes,6636741,2,11
3086,28/04/2018,0,13.3,70.0,1.6,473,7.9,0.0,0.0,0.0,Spring,No Holiday,Yes,4226417,1,4
3087,21/03/2018,4,1.3,39.0,2.3,2000,-11.1,0.0,0.0,0.0,Spring,No Holiday,Yes,930682,0,3
3088,18/11/2018,3,2.5,49.0,0.2,2000,-7.1,0.0,0.0,0.0,Autumn,No Holiday,Yes,1720860,1,11
3089,30/11/2018,1,1.3,63.0,2.0,1379,-4.9,0.0,0.0,0.0,Autumn,No Holiday,Yes,2998676,1,11
3090,9/7/2018,3,21.9,63.0,1.3,2000,14.5,0.0,0.0,0.0,Summer,No Holiday,Yes,1674195,1,7
3092,31/12/2017,21,-1.6,35.0,1.0,2000,-15.1,,0.0,0.0,Winter,Holiday,Yes,1064002,0,12
3093,23/12/2017,22,5.3,79.0,0.6,200,1.9,0.0,,0.0,Winter,No Holiday,Yes,2418955,1,12
3094,6/11/2018,18,14.0,71.0,1.5,201,8.8,0.01,0.0,0.0,Autumn,No Holiday,No,238962,0,11
3095,9/12/2017,12,2.4,40.0,0.8,1809,-9.8,1.05,0.0,0.0,Winter,No Holiday,Yes,2982814,1,12
3096,7/10/2018,23,12.9,38.0,1.5,2000,-1.1,0.0,0.0,0.0,Autumn,No Holiday,Yes,4472015,1,10
3097,2/8/2018,12,36.6,41.0,2.0,1866,21.2,2.58,0.0,0.0,Summer,No Holiday,Yes,3383089,1,8
3098,25/10/2018,11,16.4,43.0,,1713,3.7,1.96,0.0,0.0,Autumn,No Holiday,Yes,5324744,1,10
3099,5/8/2018,2,27.5,83.0,2.7,1118,24.3,0.0,0.0,0.0,Summer,No Holiday,Yes,3042418,1,8
3100,5/10/2018,1,18.6,66.0,1.7,2000,12.1,,0.0,0.0,Autumn,No Holiday,Yes,4937610,1,10
3101,21/03/2018,1,1.5,40.0,2.8,2000,-10.6,0.0,0.0,0.0,Spring,No Holiday,Yes,1298452,1,3
3102,22/08/2018,21,33.1,46.0,2.7,2000,19.9,0.0,0.0,0.0,Summer,No Holiday,Yes,9847031,2,8
3103,21/02/2018,7,-4.1,35.0,3.5,1980,-17.3,,0.0,0.0,Winter,No Holiday,Yes,2351988,1,2
3104,10/3/2018,5,0.8,80.0,0.3,565,-2.2,0.0,0.0,0.0,Spring,No Holiday,Yes,958195,0,3
3105,30/04/2018,9,17.5,65.0,1.0,416,10.8,1.0,0.0,0.0,Spring,No Holiday,Yes,5520078,1,4
3106,18/07/2018,14,32.7,49.0,1.5,765,20.5,2.62,0.0,0.0,Summer,No Holiday,Yes,4608076,1,7
3107,8/6/2018,12,23.1,56.0,1.6,1222,13.8,,0.0,0.0,Summer,No Holiday,Yes,7033002,2,6
3108,24/10/2018,2,9.5,87.0,1.0,919,7.4,0.0,0.0,0.0,Autumn,No Holiday,Yes,2121110,1,10
3109,16/01/2018,16,5.8,50.0,0.9,547,-3.8,0.11,,0.0,Winter,No Holiday,Yes,1934534,1,1
3110,25/01/2018,17,-10.9,32.0,4.0,2000,-24.4,0.28,,0.5,Winter,No Holiday,Yes,1215847,0,1
3111,6/12/2017,10,,64.0,0.0,1224,-6.8,0.63,0.0,0.2,Winter,No Holiday,Yes,2467059,1,12
3112,20/06/2018,3,19.4,79.0,0.8,563,15.6,0.0,0.0,0.0,Summer,No Holiday,Yes,2120655,1,6
3113,29/10/2018,4,5.6,66.0,0.7,2000,-0.2,0.0,0.0,0.0,Autumn,No Holiday,Yes,1166430,0,10
3114,9/3/2018,7,1.6,76.0,0.7,1024,-2.1,0.0,0.0,0.0,Spring,No Holiday,Yes,3502373,1,3
3115,30/01/2018,5,-11.3,53.0,,1979,-19.0,0.0,0.0,0.0,Winter,No Holiday,Yes,741721,0,1
3117,5/10/2018,10,15.8,89.0,1.8,742,13.9,0.18,1.5,0.0,Autumn,No Holiday,Yes,398339,0,10
3118,26/12/2017,23,-7.5,37.0,3.1,2000,-19.7,0.0,0.0,0.0,Winter,No Holiday,Yes,1299385,0,12
3119,1/8/2018,12,36.8,39.0,1.3,1944,20.5,2.8,0.0,0.0,Summer,No Holiday,Yes,3649103,1,8
3120,11/10/2018,21,9.3,52.0,1.5,2000,0.0,0.0,0.0,0.0,Autumn,No Holiday,Yes,7382423,2,10
3121,31/10/2018,18,9.4,48.0,2.0,2000,-1.0,0.03,0.0,0.0,Autumn,No Holiday,Yes,10877378,2,10
3122,23/01/2018,15,-9.7,32.0,3.6,2000,-23.3,,0.0,1.0,Winter,No Holiday,Yes,1152962,0,1
3123,18/05/2018,10,16.3,97.0,1.0,693,15.8,0.37,0.0,0.0,Spring,No Holiday,Yes,2624212,1,5
3124,29/06/2018,3,22.3,96.0,1.2,290,21.6,0.0,0.1,0.0,Summer,No Holiday,Yes,1674863,1,6
3125,15/09/2018,18,24.2,76.0,1.2,2000,19.6,,0.0,0.0,Autumn,No Holiday,Yes,8528953,2,9
3126,2/10/2018,13,20.4,36.0,2.6,1776,4.8,2.71,0.0,0.0,Autumn,No Holiday,No,518967,0,10
3127,26/10/2018,16,14.5,81.0,1.8,1588,11.2,0.78,0.0,0.0,Autumn,No Holiday,Yes,4839227,1,10
3128,20/02/2018,20,1.8,19.0,3.1,2000,-19.4,0.0,0.0,0.0,Winter,No Holiday,Yes,1948395,1,2
3129,24/12/2017,22,0.2,69.0,2.7,565,-4.8,0.0,,0.0,Winter,Holiday,Yes,1468911,0,12
3131,31/08/2018,12,27.8,47.0,2.9,1905,15.4,2.99,0.0,0.0,Summer,No Holiday,Yes,5984900,1,8
3132,22/05/2018,9,19.3,62.0,0.8,1894,11.8,1.14,,0.0,Spring,Holiday,Yes,5559981,1,5
3134,5/1/2018,6,-5.1,54.0,1.3,1346,-12.9,0.0,0.0,0.0,Winter,No Holiday,Yes,1500438,0,1
3135,22/09/2018,5,18.8,96.0,0.2,973,18.1,0.0,6.5,0.0,Autumn,No Holiday,Yes,578244,0,9
3136,11/4/2018,22,10.3,42.0,1.0,1923,-2.0,0.0,0.0,0.0,Spring,No Holiday,No,499159,0,4
3137,3/12/2017,8,3.2,92.0,1.8,244,2.0,0.0,0.0,0.0,Winter,No Holiday,Yes,1118075,0,12
3138,30/07/2018,21,33.1,48.0,1.1,2000,20.6,0.0,0.0,0.0,Summer,No Holiday,Yes,10420123,2,7
3139,1/11/2018,21,9.3,54.0,1.1,1975,0.4,,0.0,0.0,Autumn,No Holiday,Yes,6415272,2,11
3140,18/03/2018,15,12.0,37.0,0.8,879,-2.2,1.09,0.0,0.0,Spring,No Holiday,Yes,6018916,2,3
3141,15/09/2018,8,21.7,78.0,0.3,2000,17.6,,0.0,0.0,Autumn,No Holiday,Yes,4583485,1,9
3142,24/08/2018,4,24.5,88.0,2.0,1433,22.3,0.0,1.0,0.0,Summer,No Holiday,Yes,355319,0,8
3143,21/10/2018,21,13.0,49.0,1.0,1702,2.5,0.0,0.0,0.0,Autumn,No Holiday,Yes,6274937,2,10
3144,21/09/2018,0,18.9,78.0,2.1,2000,14.9,0.0,0.0,0.0,Autumn,No Holiday,Yes,5041179,1,9
3145,26/08/2018,3,21.6,85.0,0.1,1982,18.9,0.0,0.0,0.0,Summer,No Holiday,Yes,2931594,1,8
3146,7/4/2018,19,4.9,47.0,3.5,2000,-5.4,0.2,0.0,0.0,Spring,No Holiday,Yes,3420685,1,4
3147,14/03/2018,11,17.5,55.0,2.1,1892,8.3,1.35,0.0,0.0,Spring,No Holiday,Yes,4055309,1,3
3148,17/09/2018,9,20.5,66.0,1.1,1711,13.9,1.12,0.0,0.0,Autumn,No Holiday,Yes,6643265,2,9
3149,31/12/2017,15,3.1,25.0,3.9,2000,-15.0,0.9,0.0,0.0,Winter,Holiday,Yes,1764663,1,12
3150,18/08/2018,5,22.0,58.0,1.0,2000,13.3,0.0,0.0,0.0,Summer,No Holiday,Yes,1983514,1,8
3152,13/10/2018,14,19.3,27.0,1.3,1384,-0.1,2.38,0.0,0.0,Autumn,No Holiday,Yes,8512406,2,10
3153,5/5/2018,11,20.2,41.0,3.1,1789,6.5,2.56,0.0,0.0,Spring,No Holiday,Yes,5537300,1,5
3154,13/12/2017,20,-7.6,35.0,0.8,2000,-20.4,0.0,0.0,0.0,Winter,No Holiday,Yes,2066338,1,12
3155,15/03/2018,22,9.8,90.0,3.7,493,8.2,0.0,0.0,0.0,Spring,No Holiday,Yes,2849063,1,3
3156,21/12/2017,19,0.8,71.0,0.9,923,-3.8,0.0,0.0,0.8,Winter,No Holiday,Yes,1979937,1,12
3157,2/1/2018,14,1.7,20.0,4.4,1995,-18.9,0.91,0.0,0.0,Winter,No Holiday,Yes,1986296,1,1
3158,18/01/2018,11,1.8,75.0,,301,-2.1,0.35,0.0,0.0,Winter,No Holiday,Yes,1585247,1,1
3159,23/09/2018,17,24.1,41.0,2.4,2000,10.0,1.17,0.0,0.0,Autumn,Holiday,Yes,8510889,2,9
3160,4/6/2018,16,25.5,43.0,3.2,1892,11.9,1.72,0.0,0.0,Summer,No Holiday,Yes,8763508,2,6
3162,16/06/2018,22,22.8,69.0,1.7,1656,16.8,0.0,0.0,0.0,Summer,No Holiday,Yes,11352811,2,6
3163,23/01/2018,2,-7.5,65.0,3.9,2000,-12.9,0.0,0.0,1.0,Winter,No Holiday,Yes,912493,0,1
3164,2/3/2018,1,,52.0,2.1,1372,-12.9,0.0,0.0,0.0,Spring,No Holiday,Yes,1087074,0,3
3165,15/06/2018,21,21.4,54.0,1.5,2000,11.6,0.0,0.0,0.0,Summer,No Holiday,Yes,12399584,2,6
3166,27/03/2018,0,9.0,68.0,1.1,426,3.3,0.0,0.0,0.0,Spring,No Holiday,Yes,2846058,1,3
3167,29/12/2017,0,0.2,63.0,0.7,925,-6.0,0.0,0.0,0.0,Winter,No Holiday,Yes,1562020,1,12
3168,13/04/2018,18,17.5,18.0,1.3,2000,-7.1,0.23,0.0,0.0,Spring,No Holiday,Yes,12915401,2,4
3169,6/4/2018,9,6.9,83.0,2.2,1666,4.2,0.83,,0.0,Spring,No Holiday,Yes,4089723,1,4
3171,3/3/2018,14,14.4,14.0,1.4,1833,-12.8,2.66,0.0,0.0,Spring,No Holiday,Yes,5446654,1,3
3172,27/10/2018,1,9.9,62.0,3.5,2000,2.9,0.0,0.0,0.0,Autumn,No Holiday,Yes,3706159,1,10
3175,1/9/2018,4,21.2,88.0,0.9,1183,19.1,0.0,0.0,0.0,Autumn,No Holiday,Yes,2603102,1,9
3176,15/05/2018,16,28.8,37.0,2.4,1629,12.6,1.44,0.0,0.0,Spring,No Holiday,Yes,7558372,2,5
3177,22/08/2018,1,24.6,79.0,0.6,1884,20.7,,0.0,0.0,Summer,No Holiday,Yes,4883037,1,8
3178,2/3/2018,2,,52.0,1.2,1434,-13.6,0.0,0.0,0.0,Spring,No Holiday,Yes,752609,0,3
3179,23/05/2018,20,16.7,61.0,1.9,2000,9.1,,0.0,0.0,Spring,No Holiday,Yes,11072674,2,5
3181,27/02/2018,20,5.9,44.0,1.3,733,-5.4,0.0,0.0,0.0,Winter,No Holiday,Yes,2416040,1,2
3182,27/02/2018,19,,44.0,1.0,750,-5.2,0.0,0.0,0.0,Winter,No Holiday,Yes,4164752,1,2
3183,25/08/2018,11,28.0,57.0,3.3,1827,18.6,2.71,0.0,0.0,Summer,No Holiday,Yes,5475236,1,8
3184,19/11/2018,7,3.4,73.0,1.1,1012,-0.9,,0.0,0.0,Autumn,No Holiday,Yes,5268357,1,11
3185,17/12/2017,12,-4.9,25.0,2.6,1966,-21.9,1.08,0.0,0.0,Winter,No Holiday,Yes,2227992,1,12
3186,17/05/2018,9,19.7,98.0,0.5,659,19.3,0.05,10.0,0.0,Spring,No Holiday,Yes,368457,0,5
3187,3/4/2018,9,18.3,67.0,2.4,1375,12.0,0.55,0.0,0.0,Spring,No Holiday,Yes,5469103,1,4
3188,14/05/2018,13,21.8,59.0,1.9,404,13.4,2.74,0.0,0.0,Spring,No Holiday,Yes,6172690,2,5
3189,26/03/2018,7,6.0,96.0,0.6,94,5.4,0.0,0.0,0.0,Spring,No Holiday,Yes,3408978,1,3
3190,5/6/2018,20,24.0,46.0,2.8,1896,11.6,,0.0,0.0,Summer,No Holiday,Yes,12211694,2,6
3191,14/11/2018,9,7.1,61.0,0.5,1493,0.0,0.57,0.0,0.0,Autumn,No Holiday,Yes,5671357,1,11
3192,2/3/2018,10,-1.8,30.0,2.1,1608,-17.1,1.59,0.0,0.0,Spring,No Holiday,Yes,1601812,1,3
3193,6/2/2018,2,-11.2,36.0,2.9,1981,-23.3,0.0,0.0,0.0,Winter,No Holiday,Yes,414725,0,2
3194,1/12/2017,7,-7.4,38.0,0.9,2000,-19.3,0.0,0.0,0.0,Winter,No Holiday,Yes,2533971,1,12
3195,9/1/2018,19,-4.5,57.0,0.6,2000,-11.7,0.0,0.0,0.0,Winter,No Holiday,Yes,2533374,1,1
3196,12/12/2017,13,-6.9,37.0,2.4,1955,-19.1,1.22,0.0,0.0,Winter,No Holiday,Yes,1379573,1,12
3197,15/03/2018,4,15.1,86.0,2.1,877,12.7,0.0,0.0,0.0,Spring,No Holiday,Yes,714189,0,3
3198,2/2/2018,19,-0.5,43.0,2.5,1666,-11.5,0.0,0.0,0.0,Winter,No Holiday,Yes,2659247,1,2
3200,18/07/2018,17,32.6,46.0,2.8,1560,19.4,1.95,0.0,0.0,Summer,No Holiday,Yes,8182130,2,7
3201,8/3/2018,13,6.7,65.0,3.2,1651,0.5,1.76,0.0,0.0,Spring,No Holiday,Yes,2345499,1,3
3202,25/04/2018,7,6.4,51.0,0.3,1963,-3.0,0.27,0.0,0.0,Spring,No Holiday,Yes,5974917,2,4
3203,18/11/2018,7,2.1,56.0,0.7,1477,-5.7,0.0,0.0,0.0,Autumn,No Holiday,Yes,1286203,1,11
3205,29/01/2018,7,-11.1,37.0,1.6,2000,-22.9,0.0,0.0,0.0,Winter,No Holiday,Yes,1451585,1,1
3206,12/3/2018,10,6.6,40.0,1.0,1061,-6.0,0.65,0.0,0.0,Spring,No Holiday,Yes,3017852,1,3
3207,12/5/2018,17,14.3,98.0,0.7,270,13.9,0.08,1.5,0.0,Spring,No Holiday,Yes,377109,0,5
3209,25/01/2018,21,-14.1,35.0,2.2,2000,-26.2,0.0,0.0,0.5,Winter,No Holiday,Yes,1269396,0,1
3210,16/11/2018,2,7.7,63.0,1.0,704,1.0,,0.0,0.0,Autumn,No Holiday,Yes,2840935,1,11
3211,22/01/2018,21,-1.8,85.0,2.9,590,-3.9,0.0,0.0,1.0,Winter,No Holiday,Yes,1818173,0,1
3212,11/7/2018,22,27.1,79.0,1.2,1578,23.1,0.0,0.0,0.0,Summer,No Holiday,Yes,9448645,2,7
3213,4/4/2018,11,12.8,65.0,2.0,2000,6.3,1.76,0.0,0.0,Spring,No Holiday,Yes,4786307,1,4
3214,21/06/2018,19,26.9,42.0,2.4,2000,12.8,0.62,0.0,0.0,Summer,No Holiday,Yes,14725715,2,6
3215,25/10/2018,15,20.6,32.0,1.4,1651,3.3,1.4,,0.0,Autumn,No Holiday,Yes,6986946,2,10
3216,7/11/2018,7,10.8,91.0,1.3,216,9.3,0.0,0.0,0.0,Autumn,No Holiday,Yes,3220255,1,11
3217,5/10/2018,12,16.6,90.0,1.7,518,14.9,0.51,2.0,0.0,Autumn,No Holiday,Yes,597230,0,10
3218,5/5/2018,22,19.1,61.0,2.7,1830,11.3,0.0,0.0,0.0,Spring,No Holiday,Yes,7423705,2,5
3219,7/10/2018,2,15.7,88.0,0.4,2000,13.7,0.0,0.0,0.0,Autumn,No Holiday,Yes,2869979,1,10
3221,3/3/2018,16,15.8,15.0,2.6,1867,-10.8,1.7,0.0,0.0,Spring,No Holiday,Yes,7328773,2,3
3223,24/03/2018,12,10.6,52.0,3.1,390,1.1,2.27,0.0,0.0,Spring,No Holiday,Yes,4146912,1,3
3224,15/10/2018,10,14.1,66.0,0.6,827,7.8,0.58,0.0,0.0,Autumn,No Holiday,Yes,5239782,1,10
3225,26/01/2018,19,-13.2,33.0,,1863,-26.1,0.0,0.0,0.3,Winter,No Holiday,Yes,1169780,0,1
3226,25/06/2018,1,22.5,80.0,,619,18.8,0.0,0.0,0.0,Summer,No Holiday,Yes,3579916,1,6
3227,16/03/2018,5,5.2,60.0,2.0,2000,-1.9,0.0,0.0,0.0,Spring,No Holiday,Yes,1162661,0,3
3228,4/12/2017,8,-0.8,69.0,3.5,954,-5.7,0.01,0.0,0.0,Winter,No Holiday,Yes,5353837,1,12
3229,6/10/2018,5,16.7,93.0,2.8,360,15.5,0.0,4.5,0.0,Autumn,No Holiday,No,986230,0,10
3230,26/10/2018,8,12.1,81.0,0.8,706,8.9,0.0,0.5,0.0,Autumn,No Holiday,Yes,3266666,1,10
3232,29/06/2018,7,22.0,97.0,0.9,269,21.4,0.03,0.0,0.0,Summer,No Holiday,Yes,5227319,1,6
3233,16/01/2018,19,4.6,57.0,1.0,432,-3.2,0.0,0.0,0.0,Winter,No Holiday,Yes,2545886,1,1
3234,29/07/2018,19,34.4,39.0,1.2,2000,18.4,0.58,0.0,0.0,Summer,No Holiday,Yes,7812923,2,7
3235,28/10/2018,20,8.2,82.0,2.8,2000,5.3,0.0,0.0,0.0,Autumn,No Holiday,Yes,4179425,1,10
3236,13/09/2018,12,24.3,59.0,1.5,2000,15.7,1.12,0.0,0.0,Autumn,No Holiday,Yes,6164534,2,9
3237,12/7/2018,6,25.6,93.0,1.1,852,24.3,,0.0,0.0,Summer,No Holiday,Yes,3653620,1,7
3238,18/03/2018,21,8.8,72.0,0.9,501,4.0,0.0,0.0,0.0,Spring,No Holiday,Yes,510713,0,3
3239,12/6/2018,20,21.6,62.0,3.3,2000,13.9,,0.0,0.0,Summer,No Holiday,Yes,13827703,2,6
3240,28/04/2018,8,12.7,67.0,0.6,378,6.7,0.86,0.0,0.0,Spring,No Holiday,Yes,4193301,1,4
3241,25/07/2018,6,,75.0,1.8,1092,23.2,0.01,0.0,0.0,Summer,No Holiday,Yes,3687610,1,7
3242,31/01/2018,16,-0.1,29.0,1.6,2000,-16.0,0.5,0.0,1.8,Winter,No Holiday,Yes,1511065,1,1
3243,25/07/2018,8,28.7,70.0,,1470,22.6,0.52,0.0,0.0,Summer,No Holiday,Yes,9950021,2,7
3244,12/10/2018,1,7.6,63.0,1.2,2000,0.9,0.0,0.0,0.0,Autumn,No Holiday,Yes,2717543,1,10
3245,27/09/2018,2,15.7,53.0,1.4,2000,6.1,0.0,0.0,0.0,Autumn,No Holiday,Yes,2250546,1,9
3247,29/10/2018,22,5.1,58.0,2.2,2000,-2.4,0.0,0.0,0.0,Autumn,No Holiday,Yes,5414026,1,10
3248,27/08/2018,23,23.6,87.0,0.6,2000,21.3,0.0,0.0,0.0,Summer,No Holiday,Yes,6315413,2,8
3249,30/12/2017,8,-0.4,78.0,0.5,249,-3.7,0.0,0.0,0.0,Winter,No Holiday,Yes,1770215,0,12
3250,28/12/2017,6,-5.5,24.0,0.5,2000,-22.9,0.0,0.0,0.0,Winter,No Holiday,Yes,816327,0,12
3251,7/4/2018,15,7.6,36.0,5.0,1928,-6.5,1.39,0.0,0.0,Spring,No Holiday,Yes,5098463,1,4
3252,26/06/2018,12,20.5,97.0,1.8,257,20.0,0.15,5.0,0.0,Summer,No Holiday,Yes,166836,0,6
3253,10/8/2018,20,32.2,52.0,2.3,2000,21.0,,0.0,0.0,Summer,No Holiday,Yes,9467370,2,8
3254,15/08/2018,3,29.1,70.0,0.3,1952,23.0,0.0,0.0,0.0,Summer,Holiday,Yes,3422579,1,8
3255,30/11/2018,10,1.9,51.0,0.8,1029,-7.1,,0.0,0.0,Autumn,No Holiday,Yes,2972484,1,11
3256,5/4/2018,12,7.3,95.0,2.2,676,6.5,0.3,0.5,0.0,Spring,No Holiday,Yes,471505,0,4
3257,17/10/2018,19,13.2,42.0,1.3,2000,0.5,0.0,0.0,0.0,Autumn,No Holiday,Yes,9839441,2,10
3258,26/04/2018,15,21.9,23.0,2.6,1463,-0.1,2.66,0.0,0.0,Spring,No Holiday,Yes,6003386,2,4
3259,19/05/2018,19,22.6,34.0,1.5,2000,5.9,0.51,0.0,0.0,Spring,No Holiday,Yes,11380884,2,5
3260,9/4/2018,15,14.2,24.0,1.8,1743,-6.1,2.6,,0.0,Spring,No Holiday,Yes,5487239,1,4
3261,30/03/2018,15,21.8,28.0,2.3,1162,2.4,2.4,0.0,0.0,Spring,No Holiday,Yes,6187497,2,3
3262,12/11/2018,19,9.8,46.0,2.8,1945,-1.2,0.0,0.0,0.0,Autumn,No Holiday,Yes,8050797,2,11
3263,7/11/2018,10,11.9,84.0,0.9,482,9.2,0.2,0.0,0.0,Autumn,No Holiday,Yes,3800653,1,11
3264,6/8/2018,21,30.6,70.0,,1542,24.4,0.0,0.0,0.0,Summer,No Holiday,Yes,8756022,2,8
3265,27/08/2018,18,24.8,83.0,0.8,1947,21.7,0.26,0.0,0.0,Summer,No Holiday,Yes,11929146,2,8
3266,28/04/2018,6,10.6,84.0,1.1,284,8.0,0.0,0.0,0.0,Spring,No Holiday,Yes,1685398,1,4
3267,19/01/2018,3,-0.6,43.0,1.7,1316,-11.6,0.0,0.0,0.0,Winter,No Holiday,Yes,1067868,0,1
3268,3/1/2018,16,-0.4,30.0,2.0,2000,-15.9,0.62,0.0,0.0,Winter,No Holiday,Yes,1772540,1,1
3269,5/10/2018,7,17.7,56.0,1.3,2000,8.8,0.0,0.0,0.0,Autumn,No Holiday,Yes,1934017,1,10
3270,11/10/2018,9,8.4,49.0,2.6,2000,-1.7,1.17,0.0,0.0,Autumn,No Holiday,Yes,6411210,2,10
3271,23/06/2018,9,24.3,37.0,1.1,1939,8.6,1.31,0.0,0.0,Summer,No Holiday,Yes,6522741,2,6
3272,2/5/2018,3,18.5,82.0,0.8,342,15.3,0.0,0.0,0.0,Spring,No Holiday,Yes,1405608,0,5
3273,13/05/2018,18,19.0,66.0,1.3,1111,12.4,0.95,0.0,0.0,Spring,No Holiday,Yes,12054727,2,5
3274,14/01/2018,13,3.0,52.0,1.4,568,-5.9,0.9,0.0,0.0,Winter,No Holiday,Yes,1624221,1,1
3275,25/08/2018,22,23.4,75.0,1.6,2000,18.7,0.0,0.0,0.0,Summer,No Holiday,Yes,9520261,2,8
3276,30/09/2018,11,20.2,63.0,2.8,1195,12.9,1.25,0.0,0.0,Autumn,No Holiday,No,222263,0,9
3277,10/2/2018,17,-0.9,19.0,5.0,2000,-21.6,0.48,0.0,0.0,Winter,No Holiday,Yes,2079670,1,2
3278,15/12/2017,7,-7.0,63.0,0.6,865,-12.8,0.0,0.0,0.0,Winter,No Holiday,Yes,2075719,1,12
3280,21/07/2018,14,36.3,34.0,1.3,1493,17.9,3.17,0.0,0.0,Summer,No Holiday,Yes,4671292,1,7
3281,11/9/2018,20,22.9,48.0,1.2,2000,11.2,0.0,0.0,0.0,Autumn,No Holiday,Yes,11223408,2,9
3282,17/08/2018,3,22.4,52.0,1.3,2000,12.0,0.0,0.0,0.0,Summer,No Holiday,Yes,2682607,1,8
3283,21/05/2018,19,19.5,56.0,1.6,1600,10.4,0.29,,0.0,Spring,No Holiday,Yes,12825102,2,5
3284,23/12/2017,18,6.6,73.0,0.4,229,2.0,0.0,0.0,0.0,Winter,No Holiday,Yes,2278088,1,12
3286,31/08/2018,3,23.3,81.0,1.7,1068,19.8,0.0,0.0,0.0,Summer,No Holiday,Yes,2471862,1,8
3288,4/11/2018,20,12.7,59.0,1.2,1177,4.8,0.0,0.0,0.0,Autumn,No Holiday,Yes,5836300,1,11
3289,23/02/2018,15,8.2,62.0,0.6,291,1.3,1.22,0.0,0.0,Winter,No Holiday,Yes,2568482,1,2
3290,30/12/2017,17,3.8,64.0,0.9,250,-2.3,,0.0,0.0,Winter,No Holiday,Yes,1666740,1,12
3291,10/1/2018,23,-10.2,53.0,3.3,1997,-17.9,,0.0,0.0,Winter,No Holiday,Yes,1189610,0,1
3292,12/10/2018,11,,38.0,2.7,2000,-1.0,2.3,0.0,0.0,Autumn,No Holiday,Yes,5605054,1,10
3293,17/01/2018,23,,,3.1,2167,24.4,,0.0,0.0,Winter,Holiday,Yes,5730744,1,1
3294,6/2/2018,11,-9.9,32.0,3.3,1863,-23.5,1.72,0.0,0.0,Winter,No Holiday,Yes,1215436,0,2
3295,11/10/2018,23,8.4,60.0,1.5,2000,1.0,0.0,0.0,0.0,Autumn,No Holiday,Yes,5158201,1,10
3296,30/12/2017,5,-1.2,81.0,0.8,258,-4.0,0.0,0.0,0.0,Winter,No Holiday,Yes,919675,0,12
3297,30/10/2018,0,21.5,,0.7,1421,4.0,0.0,0.0,0.0,Autumn,No Holiday,No,4816346,1,10
3298,18/03/2018,20,9.2,66.0,1.1,513,3.1,0.0,0.0,0.0,Spring,No Holiday,Yes,1273176,0,3
3299,3/8/2018,12,36.8,41.0,2.1,1759,21.3,2.53,0.0,0.0,Summer,No Holiday,Yes,3163802,1,8
3300,20/04/2018,14,25.9,28.0,2.2,808,5.9,2.92,0.0,0.0,Spring,No Holiday,Yes,5619461,1,4
3301,17/08/2018,9,25.5,40.0,2.6,1990,10.8,1.7,0.0,0.0,Summer,No Holiday,Yes,5623982,1,8
3302,2/7/2018,1,21.3,97.0,1.0,1451,20.7,0.0,3.0,0.0,Summer,No Holiday,Yes,612197,0,7
3304,27/12/2017,13,-4.7,18.0,3.7,2000,-25.4,1.16,0.0,0.0,Winter,No Holiday,Yes,2139001,1,12
3305,11/7/2018,10,26.3,91.0,0.6,749,24.7,0.63,0.5,0.0,Summer,No Holiday,Yes,3594280,1,7
3306,15/08/2018,9,32.0,53.0,1.6,2000,21.2,1.56,0.0,0.0,Summer,Holiday,Yes,2989290,1,8
3307,21/06/2018,11,25.5,57.0,1.8,943,16.3,3.01,0.0,0.0,Summer,No Holiday,Yes,6299150,2,6
3308,15/05/2018,11,24.8,36.0,1.8,973,8.7,2.7,0.0,0.0,Spring,No Holiday,Yes,5137441,1,5
3309,22/06/2018,20,25.4,31.0,2.5,2000,7.0,,0.0,0.0,Summer,No Holiday,Yes,13147071,2,6
3310,13/02/2018,15,,40.0,5.3,1950,-8.6,1.96,0.0,0.0,Winter,No Holiday,Yes,2229399,1,2
3311,22/01/2018,7,-0.4,34.0,1.0,1989,-14.3,0.0,0.0,0.0,Winter,No Holiday,Yes,2350281,1,1
3312,16/02/2018,17,2.5,48.0,4.2,1979,-7.4,0.76,0.0,0.0,Winter,Holiday,Yes,1938897,1,2
3313,3/7/2018,17,32.4,50.0,2.2,2000,20.6,1.92,0.0,0.0,Summer,No Holiday,Yes,10202597,2,7
3314,29/05/2018,17,23.9,65.0,1.9,1425,16.9,1.02,0.0,0.0,Spring,No Holiday,Yes,10506662,2,5
3315,29/08/2018,21,23.7,98.0,0.6,410,23.3,0.0,5.5,0.0,Summer,No Holiday,Yes,908224,0,8
3316,24/01/2018,1,-15.0,31.0,2.5,2000,-28.3,0.0,0.0,0.9,Winter,No Holiday,Yes,1033560,0,1
3317,1/6/2018,17,29.2,35.0,4.3,1967,12.1,1.87,0.0,0.0,Summer,No Holiday,Yes,11219049,2,6
3318,18/06/2018,23,22.3,59.0,1.1,1892,13.8,0.0,0.0,0.0,Summer,No Holiday,Yes,9536250,2,6
3319,3/1/2018,18,-3.1,39.0,2.1,2000,-15.1,0.0,0.0,0.0,Winter,No Holiday,Yes,3868104,1,1
3320,20/12/2017,8,-7.8,65.0,1.1,1738,-13.2,0.0,0.0,2.0,Winter,No Holiday,Yes,2681632,1,12
3321,1/5/2018,0,18.3,78.0,0.8,349,14.3,0.0,0.0,0.0,Spring,Holiday,Yes,4689799,1,5
3322,14/03/2018,20,17.2,60.0,2.5,1993,9.3,0.0,0.0,0.0,Spring,No Holiday,Yes,6549230,2,3
3323,6/6/2018,9,22.9,56.0,2.3,763,13.6,1.74,0.0,0.0,Summer,Holiday,Yes,5751280,1,6
3324,20/08/2018,11,31.2,45.0,1.9,1810,17.8,2.72,0.0,0.0,Summer,No Holiday,Yes,3775716,1,8
3325,6/8/2018,19,32.2,65.0,0.8,1894,24.7,0.1,0.0,0.0,Summer,No Holiday,Yes,8776003,2,8
3326,16/10/2018,18,16.9,47.0,1.4,1637,5.5,0.11,0.0,0.0,Autumn,No Holiday,Yes,13892802,2,10
3327,19/07/2018,5,23.6,88.0,0.2,604,21.4,0.0,0.0,0.0,Summer,No Holiday,Yes,2554377,1,7
3328,8/3/2018,17,7.5,64.0,4.3,538,1.1,0.88,0.0,0.0,Spring,No Holiday,Yes,4553622,1,3
3329,4/10/2018,17,24.2,44.0,1.5,2000,11.1,0.58,0.0,0.0,Autumn,No Holiday,No,728008,0,10
3330,7/6/2018,15,29.3,41.0,2.0,609,14.6,2.63,0.0,0.0,Summer,No Holiday,Yes,6894092,2,6
3331,26/04/2018,3,11.3,66.0,1.0,1506,5.1,0.0,0.0,0.0,Spring,No Holiday,Yes,1911017,1,4
3332,27/04/2018,14,,32.0,2.8,1124,4.7,2.91,0.0,0.0,Spring,No Holiday,Yes,6345575,2,4
3333,6/11/2018,19,13.3,72.0,1.1,234,8.3,0.0,0.0,0.0,Autumn,No Holiday,No,450617,0,11
3335,4/12/2017,1,4.3,87.0,0.5,221,2.3,0.0,,0.0,Winter,No Holiday,Yes,972862,0,12
3337,14/03/2018,21,16.8,67.0,2.0,1775,10.6,0.0,0.0,0.0,Spring,No Holiday,Yes,6088528,2,3
3338,22/09/2018,1,19.5,83.0,1.5,1459,16.5,0.0,0.0,0.0,Autumn,No Holiday,Yes,4786657,1,9
3339,24/06/2018,20,26.1,49.0,1.9,1960,14.5,,0.0,0.0,Summer,No Holiday,Yes,12041688,2,6
3340,20/03/2018,6,3.9,43.0,3.4,2000,-7.5,0.0,0.0,0.0,Spring,No Holiday,Yes,1742911,1,3
3341,8/4/2018,18,3.0,89.0,1.5,283,1.3,0.07,1.9,0.0,Spring,No Holiday,Yes,640031,0,4
3342,20/11/2018,7,0.5,53.0,1.1,2000,-7.9,0.0,0.0,0.0,Autumn,No Holiday,Yes,5097249,1,11
3343,1/10/2018,19,16.2,62.0,2.2,2000,8.9,0.0,,0.0,Autumn,No Holiday,Yes,10721243,2,10
3344,23/11/2018,20,2.7,27.0,1.2,2000,-14.4,0.0,0.0,0.0,Autumn,No Holiday,Yes,4355219,1,11
3345,6/5/2018,18,20.2,66.0,1.0,2000,13.6,1.1,0.0,0.0,Spring,No Holiday,Yes,9570702,2,5
3346,10/12/2017,7,-0.4,92.0,1.1,121,-1.5,0.0,0.0,4.0,Winter,No Holiday,Yes,535387,0,12
3347,14/05/2018,9,15.1,74.0,0.6,437,10.4,0.76,0.0,0.0,Spring,No Holiday,Yes,5955859,2,5
3348,22/06/2018,8,21.9,58.0,1.2,771,13.2,1.29,0.0,0.0,Summer,No Holiday,Yes,12591382,2,6
3349,26/10/2018,7,12.6,63.0,0.8,1265,5.7,0.0,0.0,0.0,Autumn,No Holiday,Yes,3867740,1,10
3350,28/03/2018,18,17.0,53.0,3.1,1855,7.3,0.35,0.0,0.0,Spring,No Holiday,Yes,10173527,2,3
3351,14/05/2018,0,12.7,89.0,1.2,340,10.9,,0.0,0.0,Spring,No Holiday,Yes,3919135,1,5
3352,11/10/2018,16,13.8,36.0,2.9,2000,-1.0,0.98,0.0,0.0,Autumn,No Holiday,Yes,6711713,2,10
3353,31/12/2017,0,0.9,95.0,1.8,63,0.1,0.0,0.2,0.2,Winter,Holiday,Yes,1124173,0,12
3354,15/06/2018,16,26.5,45.0,1.6,2000,13.5,1.91,0.0,0.0,Summer,No Holiday,Yes,9218975,2,6
3355,21/08/2018,9,24.4,82.0,3.0,1847,21.1,0.6,,0.0,Summer,No Holiday,Yes,5239530,1,8
3356,4/4/2018,10,10.7,81.0,1.4,2000,7.5,0.57,0.0,0.0,Spring,No Holiday,Yes,2937562,1,4
3357,30/07/2018,16,36.4,40.0,1.1,2000,20.6,1.79,0.0,0.0,Summer,No Holiday,Yes,4852113,1,7
3358,29/12/2017,4,0.6,65.0,0.4,712,-5.2,,0.0,0.0,Winter,No Holiday,Yes,1371980,0,12
3359,8/6/2018,15,26.2,51.0,3.3,1104,15.2,2.87,0.0,0.0,Summer,No Holiday,Yes,7759434,2,6
3360,4/12/2017,12,-0.3,38.0,4.8,1823,-12.9,1.11,0.0,0.0,Winter,No Holiday,Yes,2215712,1,12
3361,7/6/2018,17,28.2,51.0,3.3,879,17.0,1.73,0.0,0.0,Summer,No Holiday,Yes,10863124,2,6
3362,29/08/2018,14,26.8,77.0,3.5,1965,22.4,0.11,0.0,0.0,Summer,No Holiday,Yes,2555885,1,8
3363,11/12/2017,23,-10.7,53.0,1.2,2000,-18.4,0.0,0.0,0.0,Winter,No Holiday,Yes,1237365,0,12
3364,14/03/2018,1,13.7,73.0,2.2,1182,8.9,0.0,0.0,0.0,Spring,No Holiday,Yes,2497413,1,3
3365,17/10/2018,6,8.8,77.0,0.2,1077,4.9,0.0,0.0,0.0,Autumn,No Holiday,Yes,2994854,1,10
3367,10/6/2018,12,23.2,50.0,2.2,1988,12.1,,0.0,0.0,Summer,No Holiday,Yes,7582134,2,6
3368,26/02/2018,7,-3.1,68.0,0.8,1417,-8.1,0.0,0.0,0.0,Winter,No Holiday,Yes,2655513,1,2
3369,23/06/2018,7,21.3,44.0,0.5,1911,8.5,0.2,0.0,0.0,Summer,No Holiday,Yes,3436039,1,6
3370,3/5/2018,6,7.9,86.0,2.0,1070,5.6,0.01,0.0,0.0,Spring,No Holiday,Yes,2833428,1,5
3371,21/06/2018,4,19.6,87.0,1.2,465,17.3,0.0,0.0,0.0,Summer,No Holiday,Yes,1794986,1,6
3372,29/04/2018,12,20.5,31.0,2.6,1299,2.7,2.79,0.0,0.0,Spring,No Holiday,Yes,7860875,2,4
3373,2/11/2018,8,4.7,72.0,1.0,1306,0.0,0.12,0.0,0.0,Autumn,No Holiday,Yes,10013986,2,11
3374,5/9/2018,14,27.9,42.0,5.0,1914,13.7,2.79,0.0,0.0,Autumn,No Holiday,Yes,5355193,1,9
3375,4/5/2018,4,9.5,66.0,1.1,1737,3.4,0.0,0.0,0.0,Spring,No Holiday,Yes,1212212,0,5
3376,2/1/2018,6,-3.2,67.0,0.4,1409,-8.4,0.0,0.0,0.0,Winter,No Holiday,Yes,1207489,0,1
3377,30/11/2018,20,3.4,37.0,2.3,2000,-9.9,,0.0,0.0,Autumn,No Holiday,Yes,4753282,1,11
3378,28/08/2018,23,22.8,97.0,1.0,600,22.2,0.0,3.5,0.0,Summer,No Holiday,Yes,1133161,0,8
3379,30/12/2017,3,-1.1,83.0,0.8,237,-3.6,0.0,0.0,0.0,Winter,No Holiday,Yes,763709,0,12
3380,5/10/2018,23,16.3,91.0,1.8,1811,14.8,0.0,0.5,0.0,Autumn,No Holiday,Yes,872435,0,10
3381,7/12/2017,10,,83.0,0.7,311,-1.4,,0.0,0.7,Winter,No Holiday,Yes,1909753,1,12
3383,31/12/2017,4,-0.2,87.0,3.5,246,-2.1,0.0,0.0,1.2,Winter,Holiday,Yes,961292,0,12
3384,9/6/2018,23,20.7,66.0,1.6,2000,14.1,0.0,0.0,0.0,Summer,No Holiday,Yes,4792478,1,6
3385,16/02/2018,16,3.3,38.0,3.8,1921,-9.6,,0.0,0.0,Winter,Holiday,Yes,1197234,0,2
3386,19/09/2018,7,19.0,74.0,0.8,1650,14.2,0.03,0.0,0.0,Autumn,No Holiday,No,394404,0,9
3387,15/03/2018,10,14.2,98.0,1.2,299,13.8,0.14,0.0,0.0,Spring,No Holiday,Yes,413953,0,3
3388,27/12/2017,7,-10.1,38.0,2.3,2000,-21.7,0.0,0.0,0.0,Winter,No Holiday,Yes,2130398,1,12
3389,15/02/2018,1,-1.1,38.0,2.8,1999,-13.6,0.0,0.0,0.0,Winter,Holiday,Yes,738095,0,2
3390,18/05/2018,11,16.6,96.0,0.7,539,15.9,0.41,0.0,0.0,Spring,No Holiday,Yes,2745152,1,5
3391,25/11/2018,3,2.6,88.0,0.9,319,0.8,0.0,0.0,2.8,Autumn,No Holiday,Yes,1516165,1,11
3392,5/11/2018,4,8.0,81.0,0.4,666,4.9,0.0,0.0,0.0,Autumn,No Holiday,Yes,1214188,0,11
3393,12/6/2018,22,20.0,70.0,1.0,2000,14.3,0.0,0.0,0.0,Summer,No Holiday,Yes,12119396,2,6
3395,27/05/2018,3,18.5,62.0,0.8,1073,11.0,0.0,0.0,0.0,Spring,No Holiday,Yes,2513702,1,5
3396,22/09/2018,2,19.4,85.0,0.0,1533,16.8,0.0,0.0,0.0,Autumn,No Holiday,Yes,3515531,1,9
3397,24/12/2017,19,1.1,68.0,4.4,695,-4.1,0.0,0.0,0.0,Winter,Holiday,Yes,1122793,0,12
3398,20/05/2018,11,18.7,30.0,1.9,2000,0.7,1.66,0.0,0.0,Spring,No Holiday,Yes,5696054,2,5
3399,20/11/2018,19,8.7,34.0,2.2,1857,-6.3,0.0,0.0,0.0,Autumn,No Holiday,Yes,7320970,2,11
3400,27/10/2018,14,10.8,37.0,4.4,2000,-3.3,,0.0,0.0,Autumn,No Holiday,Yes,6802586,2,10
3401,12/8/2018,23,28.7,81.0,0.4,1586,25.1,,0.0,0.0,Summer,No Holiday,Yes,4571297,1,8
3402,4/1/2018,9,-7.9,48.0,,1926,-17.0,,0.0,0.0,Winter,No Holiday,Yes,2275416,1,1
3403,2/2/2018,4,-6.7,65.0,1.1,1705,-12.1,0.0,0.0,0.0,Winter,No Holiday,Yes,1083278,0,2
3404,5/6/2018,11,26.8,37.0,1.6,1639,10.8,2.91,0.0,0.0,Summer,No Holiday,Yes,5233687,1,6
3405,12/8/2018,6,27.2,66.0,0.9,2000,20.2,0.0,0.0,0.0,Summer,No Holiday,Yes,1604725,1,8
3406,2/9/2018,18,27.9,52.0,1.7,2000,17.1,0.2,0.0,0.0,Autumn,No Holiday,Yes,11888690,2,9
3407,29/05/2018,1,20.3,55.0,1.1,1756,0.0,0.0,0.0,0.0,Spring,No Holiday,Yes,4266633,1,5
3408,18/10/2018,4,8.1,78.0,0.6,2000,4.4,0.0,0.0,0.0,Autumn,No Holiday,Yes,1094420,0,10
3409,24/09/2018,12,20.3,34.0,2.6,2000,3.9,,0.0,0.0,Autumn,Holiday,Yes,4578072,1,9
3410,5/6/2018,17,28.1,37.0,3.6,1346,12.0,1.56,0.0,0.0,Summer,No Holiday,Yes,11607539,2,6
3411,25/06/2018,5,21.5,84.0,0.3,569,18.6,0.0,0.0,0.0,Summer,No Holiday,Yes,2450080,1,6
3412,1/6/2018,7,18.1,64.0,0.6,923,11.1,0.47,0.0,0.0,Summer,No Holiday,Yes,7940199,2,6
3416,28/06/2018,16,25.2,81.0,3.6,961,21.6,,0.0,0.0,Summer,No Holiday,Yes,4730945,1,6
3417,3/11/2018,18,14.2,51.0,1.5,990,4.1,0.02,0.0,0.0,Autumn,No Holiday,No,264917,0,11
3418,24/02/2018,6,1.2,83.0,2.5,245,-1.3,0.0,0.0,0.0,Winter,No Holiday,Yes,1332031,0,2
3419,29/10/2018,3,5.0,67.0,0.8,2000,-0.6,0.0,0.0,0.0,Autumn,No Holiday,Yes,1238182,0,10
3420,13/10/2018,4,7.1,79.0,1.2,1567,3.6,0.0,0.0,0.0,Autumn,No Holiday,Yes,1685439,1,10
3421,13/09/2018,7,20.5,69.0,1.4,2000,14.6,0.03,0.0,0.0,Autumn,No Holiday,Yes,8061244,2,9
3422,11/6/2018,1,19.8,59.0,1.3,2000,11.5,0.0,0.0,0.0,Summer,No Holiday,Yes,3203476,1,6
3424,27/04/2018,1,11.5,57.0,1.8,1471,3.2,0.0,0.0,0.0,Spring,No Holiday,Yes,3005683,1,4
3425,29/08/2018,16,27.0,76.0,3.8,1875,22.3,0.21,0.0,0.0,Summer,No Holiday,Yes,1532052,1,8
3426,16/12/2017,4,-5.0,70.0,2.7,702,-9.6,0.0,0.0,0.0,Winter,No Holiday,Yes,1165802,0,12
3427,27/07/2018,21,30.3,75.0,1.1,1289,25.3,0.0,0.0,0.0,Summer,No Holiday,Yes,8221575,2,7
3430,30/04/2018,10,19.5,54.0,1.1,451,9.9,1.88,0.0,0.0,Spring,No Holiday,Yes,4413703,1,4
3431,3/10/2018,3,12.6,78.0,0.6,1907,8.8,0.0,0.0,0.0,Autumn,Holiday,Yes,2930913,1,10
3432,13/06/2018,9,22.6,59.0,1.6,1030,14.1,1.8,0.0,0.0,Summer,No Holiday,Yes,6780007,2,6
3433,27/02/2018,6,0.6,50.0,0.4,985,-8.6,0.0,0.0,0.0,Winter,No Holiday,Yes,1710825,0,2
3434,8/12/2017,15,-0.8,26.0,3.3,1977,-17.9,0.87,,0.0,Winter,No Holiday,Yes,2057053,1,12
3435,7/10/2018,1,16.0,88.0,,2000,14.0,0.0,0.0,0.0,Autumn,No Holiday,Yes,3996515,1,10
3436,2/12/2017,16,6.4,48.0,2.6,1945,-3.8,0.22,0.0,0.0,Winter,No Holiday,Yes,3892323,1,12
3438,19/09/2018,16,25.6,41.0,1.2,1594,11.3,0.65,0.0,0.0,Autumn,No Holiday,No,868415,0,9
3439,7/11/2018,17,14.9,73.0,0.9,854,10.0,0.04,0.0,0.0,Autumn,No Holiday,Yes,6349635,2,11
3440,25/10/2018,3,9.1,79.0,0.2,1689,5.6,0.0,0.0,0.0,Autumn,No Holiday,Yes,2069714,1,10
3441,30/04/2018,8,15.8,73.0,0.5,357,10.9,0.39,0.0,0.0,Spring,No Holiday,Yes,8957071,2,4
3442,8/8/2018,21,29.7,71.0,3.2,1934,23.8,0.0,,0.0,Summer,No Holiday,Yes,10077122,2,8
3443,30/07/2018,22,32.5,50.0,1.2,2000,20.7,0.0,0.0,0.0,Summer,No Holiday,Yes,8461220,2,7
3446,16/12/2017,3,-4.5,71.0,1.6,651,-8.9,0.0,0.0,0.0,Winter,No Holiday,Yes,1233995,0,12
3447,30/10/2018,14,10.7,33.0,1.7,2000,-4.9,2.12,0.0,0.0,Autumn,No Holiday,Yes,4899154,1,10
3449,3/9/2018,13,24.9,78.0,1.5,1910,20.7,0.72,0.0,0.0,Autumn,No Holiday,Yes,4428308,1,9
3450,15/03/2018,20,10.5,97.0,1.8,372,10.0,0.0,0.0,0.0,Spring,No Holiday,Yes,3132672,1,3
3451,15/09/2018,20,23.5,80.0,1.7,1621,19.8,0.0,0.0,0.0,Autumn,No Holiday,Yes,8084323,2,9
3452,25/03/2018,15,16.7,38.0,3.1,265,2.2,2.27,0.0,0.0,Spring,No Holiday,Yes,5350382,1,3
3453,4/12/2017,7,0.2,68.0,3.4,702,-5.0,0.0,0.0,0.0,Winter,No Holiday,Yes,2706491,1,12
3454,25/01/2018,5,-15.8,37.0,2.7,2000,-27.1,0.0,,0.7,Winter,No Holiday,Yes,265497,0,1
3455,18/04/2018,0,9.6,44.0,2.2,1417,-2.0,0.0,0.0,0.0,Spring,No Holiday,Yes,3679354,1,4
3456,29/12/2017,21,1.0,77.0,1.5,297,-2.5,0.0,0.0,0.0,Winter,No Holiday,Yes,1905683,1,12
3457,9/8/2018,12,31.1,63.0,3.0,1795,23.2,1.14,0.0,0.0,Summer,No Holiday,Yes,3491856,1,8
3458,3/3/2018,7,0.1,43.0,1.4,1502,-11.0,0.0,0.0,0.0,Spring,No Holiday,Yes,955209,0,3
3459,17/09/2018,16,,37.0,,1935,11.5,1.9,0.0,0.0,Autumn,No Holiday,Yes,8131365,2,9
3460,26/11/2018,12,9.1,57.0,1.1,562,1.0,1.69,0.0,0.0,Autumn,No Holiday,Yes,4613687,1,11
3461,5/9/2018,0,21.1,64.0,1.5,2000,14.0,0.0,0.0,0.0,Autumn,No Holiday,Yes,5395573,1,9
3462,4/7/2018,17,31.2,56.0,3.4,1943,21.3,1.82,0.0,0.0,Summer,No Holiday,Yes,9363743,2,7
3463,2/2/2018,18,0.5,37.0,3.0,1733,-12.5,0.06,0.0,0.0,Winter,No Holiday,Yes,3204643,1,2
3464,29/06/2018,2,22.2,96.0,0.8,269,21.5,0.0,0.2,0.0,Summer,No Holiday,Yes,2512868,1,6
3465,6/12/2017,3,-3.2,78.0,0.0,1808,-6.4,0.0,0.2,0.4,Winter,No Holiday,Yes,514025,0,12
3466,12/6/2018,7,17.1,77.0,1.5,1748,13.0,0.49,0.0,0.0,Summer,No Holiday,Yes,8188865,2,6
3467,22/06/2018,0,20.7,67.0,1.9,885,14.3,0.0,0.0,0.0,Summer,No Holiday,Yes,6303390,2,6
3468,3/11/2018,16,18.7,25.0,,1605,-1.7,1.07,,0.0,Autumn,No Holiday,No,851452,0,11
3469,20/06/2018,8,20.6,77.0,1.2,566,16.4,,0.0,0.0,Summer,No Holiday,Yes,13363476,2,6
3470,15/07/2018,3,24.8,86.0,0.2,1354,22.2,,0.0,0.0,Summer,No Holiday,Yes,2420222,1,7
3471,6/1/2018,20,-2.1,41.0,1.1,1578,-13.6,0.0,0.0,0.0,Winter,No Holiday,Yes,1441973,1,1
3472,22/08/2018,14,36.2,36.0,,1985,18.7,2.87,0.0,0.0,Summer,No Holiday,Yes,3933408,1,8
3474,10/12/2017,3,0.3,53.0,0.5,1748,-8.1,,0.0,0.0,Winter,No Holiday,Yes,1381558,0,12
3475,5/4/2018,2,9.0,63.0,2.1,2000,2.3,0.0,0.0,0.0,Spring,No Holiday,Yes,1200733,1,4
3476,12/6/2018,2,17.7,87.0,1.2,2000,15.5,0.0,0.0,0.0,Summer,No Holiday,Yes,2749343,1,6
3477,24/12/2017,17,2.2,86.0,2.6,605,0.0,0.04,0.0,0.0,Winter,Holiday,Yes,623392,0,12
3479,13/04/2018,10,15.7,18.0,,1980,-8.6,1.66,0.0,0.0,Spring,No Holiday,Yes,4345009,1,4
3480,18/01/2018,4,3.3,80.0,2.1,232,0.1,0.0,,0.0,Winter,No Holiday,Yes,696957,0,1
3481,8/2/2018,11,-3.1,39.0,1.2,1495,-15.1,1.54,0.0,0.0,Winter,No Holiday,Yes,1408455,1,2
3482,13/06/2018,2,18.4,75.0,,1986,13.8,0.0,0.0,0.0,Summer,No Holiday,Yes,5272747,1,6
3483,28/11/2018,0,5.1,36.0,2.2,774,-8.7,0.0,0.0,0.0,Autumn,No Holiday,Yes,3006876,1,11
3484,20/07/2018,2,25.7,84.0,0.1,1293,22.7,0.0,0.0,0.0,Summer,No Holiday,Yes,3443268,1,7
3485,1/3/2018,7,2.6,89.0,4.3,320,0.9,0.0,0.0,0.0,Spring,Holiday,Yes,721925,0,3
3486,7/4/2018,10,4.3,31.0,4.9,1661,-11.3,1.77,0.0,0.0,Spring,No Holiday,Yes,2828917,1,4
3487,10/3/2018,4,0.9,81.0,0.6,620,-1.9,0.0,0.0,0.0,Spring,No Holiday,Yes,1450231,0,3
3488,12/6/2018,8,19.0,67.0,1.1,1976,12.7,1.29,0.0,0.0,Summer,No Holiday,Yes,13460020,2,6
3489,24/02/2018,15,6.7,24.0,2.7,1536,-12.4,1.95,0.0,0.0,Winter,No Holiday,Yes,3208523,1,2
3490,11/10/2018,5,6.6,73.0,1.1,2000,2.0,0.0,0.0,0.0,Autumn,No Holiday,Yes,1533919,0,10
3491,7/4/2018,14,8.1,24.0,4.7,1914,-11.3,,0.0,0.0,Spring,No Holiday,Yes,5772412,1,4
3492,1/1/2018,17,1.8,33.0,3.3,1913,-12.8,0.18,0.0,0.0,Winter,Holiday,Yes,1656109,1,1
3494,16/02/2018,18,1.4,56.0,3.2,1932,-6.4,,0.0,0.0,Winter,Holiday,Yes,1328422,0,2
3495,30/07/2018,12,33.6,48.0,1.6,2000,21.0,1.89,,0.0,Summer,No Holiday,Yes,3527098,1,7
3496,7/9/2018,6,20.2,70.0,1.6,1690,14.5,0.0,0.0,0.0,Autumn,No Holiday,Yes,3818626,1,9
3498,31/08/2018,9,24.1,69.0,0.9,1662,18.0,0.76,0.0,0.0,Summer,No Holiday,Yes,5391754,1,8
3499,22/04/2018,1,15.9,39.0,0.2,2000,1.9,0.0,0.0,0.0,Spring,No Holiday,Yes,3858533,1,4
3500,24/07/2018,16,34.9,51.0,2.0,1221,23.2,0.76,0.0,0.0,Summer,No Holiday,Yes,4469024,1,7
3501,31/07/2018,15,37.8,34.0,1.8,1965,19.2,2.81,0.0,0.0,Summer,No Holiday,Yes,3577432,1,7
3502,16/12/2017,9,-7.2,47.0,2.8,1724,-16.6,0.18,,0.0,Winter,No Holiday,Yes,1317401,1,12
3503,5/12/2017,22,-2.8,49.0,0.0,2000,-12.0,0.0,0.0,0.0,Winter,No Holiday,Yes,2268703,1,12
3504,9/4/2018,2,2.2,88.0,0.5,508,0.4,0.0,0.0,0.0,Spring,No Holiday,Yes,1247927,0,4
3505,28/12/2017,12,-0.8,38.0,1.0,1686,-13.3,0.75,,0.0,Winter,No Holiday,Yes,2345012,1,12
3506,14/03/2018,0,13.6,79.0,2.2,862,10.0,0.0,0.0,0.0,Spring,No Holiday,Yes,2794631,1,3
3507,7/4/2018,9,3.4,37.0,3.6,1668,-9.9,1.07,0.0,0.0,Spring,No Holiday,Yes,2789905,1,4
3508,14/12/2017,10,-7.7,43.0,0.9,1555,-18.1,0.35,0.0,0.0,Winter,No Holiday,Yes,1680354,1,12
3509,18/06/2018,0,21.3,74.0,1.4,963,16.4,0.0,,0.0,Summer,No Holiday,Yes,5179185,1,6
3510,27/01/2018,2,-15.3,43.0,0.6,1867,-25.0,0.0,0.0,0.3,Winter,No Holiday,Yes,802583,0,1
3511,5/10/2018,8,16.9,72.0,1.3,2000,11.8,0.04,,0.0,Autumn,No Holiday,Yes,1665636,1,10
3512,12/9/2018,0,20.2,54.0,1.2,2000,10.5,0.0,0.0,0.0,Autumn,No Holiday,Yes,5608344,1,9
3513,26/05/2018,1,16.2,63.0,0.7,1328,9.1,0.0,0.0,0.0,Spring,No Holiday,Yes,4293816,1,5
3515,5/9/2018,10,25.4,49.0,3.9,1996,13.9,2.13,0.0,0.0,Autumn,No Holiday,Yes,4926076,1,9
3516,2/11/2018,1,6.6,69.0,0.0,1512,1.3,0.0,0.0,0.0,Autumn,No Holiday,Yes,3276467,1,11
3518,19/06/2018,20,22.4,62.0,2.2,1041,14.7,,0.0,0.0,Summer,No Holiday,Yes,13441583,2,6
3519,4/12/2017,0,4.2,88.0,0.6,216,2.3,0.0,0.0,0.0,Winter,No Holiday,Yes,1836917,1,12
3521,13/03/2018,8,8.0,48.0,0.4,711,-2.3,0.12,0.0,0.0,Spring,No Holiday,Yes,7083690,2,3
3522,7/8/2018,22,29.8,75.0,1.4,1609,24.8,0.0,0.0,0.0,Summer,No Holiday,Yes,8949048,2,8
3523,30/11/2018,14,7.8,20.0,2.2,2000,-13.8,1.67,0.0,0.0,Autumn,No Holiday,Yes,4754802,1,11
3525,11/12/2017,0,-2.5,39.0,3.4,2000,-14.5,,0.0,0.0,Winter,No Holiday,Yes,1437101,0,12
3527,21/08/2018,16,30.4,53.0,2.0,1990,19.7,1.82,,0.0,Summer,No Holiday,Yes,6324721,2,8
3528,9/12/2017,15,5.2,30.0,2.0,1963,-11.0,0.84,0.0,0.0,Winter,No Holiday,Yes,3261015,1,12
3529,7/2/2018,10,-9.6,39.0,0.7,1580,-21.0,1.06,0.0,0.0,Winter,No Holiday,Yes,1540809,0,2
3530,15/10/2018,0,12.6,78.0,1.3,1427,8.8,0.0,0.0,0.0,Autumn,No Holiday,Yes,3372500,1,10
3531,5/12/2017,1,-6.5,41.0,2.8,2000,-17.6,0.0,0.0,0.0,Winter,No Holiday,Yes,1603571,1,12
3532,26/07/2018,17,33.1,59.0,2.9,1038,24.0,1.14,0.0,0.0,Summer,No Holiday,Yes,8173170,2,7
3533,19/10/2018,6,7.2,77.0,0.5,2000,3.4,0.0,0.0,0.0,Autumn,No Holiday,Yes,2934885,1,10
3534,28/08/2018,22,22.9,97.0,1.3,2000,22.3,0.0,0.5,0.0,Summer,No Holiday,Yes,808909,0,8
3535,28/12/2017,13,0.8,46.0,1.4,1598,-9.5,0.8,0.0,0.0,Winter,No Holiday,Yes,1997094,1,12
3536,16/03/2018,23,4.2,47.0,1.3,2000,-6.1,0.0,0.0,0.0,Spring,No Holiday,Yes,2850522,1,3
3537,26/10/2018,0,12.5,57.0,,1877,4.1,0.0,0.0,0.0,Autumn,No Holiday,Yes,4401765,1,10
3538,19/06/2018,2,20.2,71.0,1.2,1414,14.7,0.0,0.0,0.0,Summer,No Holiday,Yes,3455802,1,6
3539,26/05/2018,18,27.0,33.0,2.2,822,9.3,1.07,0.0,0.0,Spring,No Holiday,Yes,11054598,2,5
3540,20/04/2018,0,12.4,56.0,0.5,1028,3.8,0.0,0.0,0.0,Spring,No Holiday,Yes,3768399,1,4
3541,30/05/2018,7,18.9,85.0,0.6,289,16.3,0.12,0.0,0.0,Spring,No Holiday,Yes,6301896,2,5
3542,18/01/2018,6,2.2,82.0,2.0,211,-0.5,0.0,0.0,0.0,Winter,No Holiday,Yes,1130930,0,1
3543,18/06/2018,20,25.7,43.0,2.1,2000,12.1,,0.0,0.0,Summer,No Holiday,Yes,12598703,2,6
3544,22/12/2017,21,6.1,70.0,2.2,763,1.0,0.0,0.0,0.0,Winter,Holiday,Yes,2020683,1,12
3545,31/08/2018,4,23.2,83.0,1.6,1102,20.1,0.0,0.0,0.0,Summer,No Holiday,Yes,1829532,0,8
3546,26/06/2018,7,21.2,87.0,0.8,376,18.9,0.03,1.5,0.0,Summer,No Holiday,Yes,430471,0,6
3547,13/10/2018,17,18.7,33.0,1.1,1164,2.0,0.7,0.0,0.0,Autumn,No Holiday,Yes,10075587,2,10
3548,8/1/2018,12,2.7,33.0,2.7,1281,-12.0,0.6,0.0,0.0,Winter,No Holiday,Yes,2055811,1,1
3549,23/05/2018,2,15.0,97.0,2.5,236,14.5,0.0,3.0,0.0,Spring,No Holiday,Yes,420992,0,5
3551,12/5/2018,4,15.0,61.0,0.8,867,7.5,0.0,0.0,0.0,Spring,No Holiday,Yes,1835106,1,5
3552,27/08/2018,22,23.5,88.0,0.6,2000,21.3,0.0,0.0,0.0,Summer,No Holiday,Yes,8616170,2,8
3553,1/3/2018,5,2.2,97.0,2.9,362,1.7,0.0,,0.0,Spring,Holiday,Yes,702056,0,3
3554,12/12/2017,6,-11.8,47.0,2.5,1973,-20.8,0.0,0.0,0.0,Winter,No Holiday,Yes,1178974,0,12
3555,24/08/2018,5,24.6,88.0,1.5,1967,22.4,,0.5,0.0,Summer,No Holiday,Yes,367958,0,8
3556,23/04/2018,0,10.7,94.0,2.6,477,9.7,0.0,2.0,0.0,Spring,No Holiday,Yes,1170981,0,4
3557,25/11/2018,6,1.7,95.0,0.7,220,0.9,,0.0,2.5,Autumn,No Holiday,Yes,1260857,0,11
3558,9/9/2018,6,15.8,69.0,0.9,2000,10.1,0.0,0.0,0.0,Autumn,No Holiday,Yes,1649255,1,9
3559,20/02/2018,9,-1.4,56.0,1.4,709,-9.0,0.54,0.0,0.0,Winter,No Holiday,Yes,2723797,1,2
3560,30/08/2018,3,24.1,97.0,2.5,1989,23.5,,1.5,0.0,Summer,No Holiday,Yes,932700,0,8
3561,29/11/2018,4,2.1,33.0,0.5,1981,-12.5,0.0,0.0,0.0,Autumn,No Holiday,Yes,948164,0,11
3562,12/5/2018,5,15.0,61.0,1.2,903,7.5,0.0,0.0,0.0,Spring,No Holiday,Yes,490644,0,5
3563,21/01/2018,6,-3.1,54.0,1.4,1037,-11.1,0.0,0.0,0.0,Winter,No Holiday,Yes,654548,0,1
3565,19/10/2018,9,11.1,53.0,1.0,2000,1.8,1.05,0.0,0.0,Autumn,No Holiday,Yes,6871457,2,10
3566,30/09/2018,22,14.6,46.0,2.2,2000,3.0,0.0,0.0,0.0,Autumn,No Holiday,No,311888,0,9
3567,2/11/2018,14,18.0,31.0,1.2,1506,0.5,1.98,0.0,0.0,Autumn,No Holiday,Yes,6769268,2,11
3568,1/10/2018,6,13.3,56.0,2.3,2000,4.6,0.0,0.0,0.0,Autumn,No Holiday,Yes,3718446,1,10
3570,5/8/2018,16,33.6,57.0,3.5,1901,23.8,2.19,0.0,0.0,Summer,No Holiday,Yes,4500840,1,8
3571,12/8/2018,4,28.1,63.0,0.8,2000,20.3,0.0,0.0,0.0,Summer,No Holiday,Yes,2161864,1,8
3573,14/03/2018,2,13.8,70.0,1.3,1363,8.4,0.0,0.0,0.0,Spring,No Holiday,Yes,1609521,1,3
3574,18/01/2018,20,1.1,44.0,1.2,1171,-9.8,0.0,,0.0,Winter,No Holiday,Yes,1802843,1,1
3575,21/09/2018,21,19.9,82.0,0.6,2000,16.7,0.0,0.0,0.0,Autumn,No Holiday,Yes,8672097,2,9
3576,19/12/2017,16,-1.8,31.0,3.1,1993,-16.7,0.56,0.0,2.0,Winter,No Holiday,Yes,1643985,1,12
3577,3/6/2018,12,28.7,27.0,1.7,1843,7.8,3.29,0.0,0.0,Summer,No Holiday,Yes,6486313,2,6
3578,2/3/2018,15,4.3,22.0,1.3,1837,-15.6,2.48,0.0,0.0,Spring,No Holiday,Yes,2719864,1,3
3579,8/5/2018,17,21.7,38.0,2.0,2000,6.7,1.17,0.0,0.0,Spring,No Holiday,Yes,10241071,2,5
3580,22/05/2018,2,15.7,74.0,1.0,1313,11.0,0.0,0.0,0.0,Spring,Holiday,Yes,3983362,1,5
3581,12/7/2018,8,26.3,84.0,2.1,973,23.3,0.48,0.0,0.0,Summer,No Holiday,Yes,9763516,2,7
3582,2/10/2018,9,13.9,66.0,1.6,1427,7.6,1.11,0.0,0.0,Autumn,No Holiday,No,475490,0,10
3583,1/2/2018,1,-5.4,54.0,1.7,1996,-13.2,0.0,0.0,1.6,Winter,No Holiday,Yes,1365377,0,2
3584,1/12/2017,19,0.0,77.0,1.7,2000,-3.5,0.0,0.0,0.0,Winter,No Holiday,Yes,3856294,1,12
3585,11/7/2018,2,24.5,96.0,0.5,476,23.8,0.0,0.0,0.0,Summer,No Holiday,Yes,1319339,1,7
3586,28/01/2018,10,-5.9,35.0,1.9,1940,-18.9,0.53,0.0,0.0,Winter,No Holiday,Yes,1041549,0,1
3588,14/12/2017,20,-4.8,43.0,1.1,1397,-15.4,0.0,0.0,0.0,Winter,No Holiday,Yes,2314163,1,12
3589,27/10/2018,13,10.6,38.0,4.6,2000,-3.1,,0.0,0.0,Autumn,No Holiday,Yes,6706785,2,10
3590,17/08/2018,20,28.4,40.0,1.7,1887,13.4,0.0,0.0,0.0,Summer,No Holiday,Yes,11153497,2,8
3591,8/2/2018,13,0.3,30.0,1.4,1697,-15.2,2.11,0.0,0.0,Winter,No Holiday,Yes,2078984,1,2
3592,31/07/2018,2,29.8,57.0,0.8,2000,20.3,0.0,0.0,0.0,Summer,No Holiday,Yes,2978934,1,7
3593,16/10/2018,22,13.6,71.0,0.6,1457,8.4,0.0,0.0,0.0,Autumn,No Holiday,Yes,7542712,2,10
3594,26/12/2017,20,-6.1,32.0,4.7,2000,-20.1,0.0,0.0,0.0,Winter,No Holiday,Yes,2040869,1,12
3595,11/11/2018,0,9.4,85.0,0.6,241,6.9,0.0,0.0,0.0,Autumn,No Holiday,Yes,3997916,1,11
3596,2/1/2018,19,-1.3,28.0,2.4,2000,-17.5,0.0,0.0,0.0,Winter,No Holiday,Yes,2972313,1,1
3597,13/02/2018,18,3.1,50.0,3.7,2000,-6.3,0.07,0.0,0.0,Winter,No Holiday,Yes,3433078,1,2
3598,10/7/2018,17,26.5,76.0,1.0,1400,21.9,,0.0,0.0,Summer,No Holiday,Yes,8630536,2,7
3599,18/01/2018,10,1.4,81.0,2.1,255,-1.5,0.21,0.0,0.0,Winter,No Holiday,Yes,1586635,0,1
3600,19/06/2018,15,26.7,42.0,2.6,1634,12.7,1.89,0.0,0.0,Summer,No Holiday,Yes,7796420,2,6
3601,20/07/2018,4,25.1,83.0,0.0,1253,22.0,0.0,0.0,0.0,Summer,No Holiday,Yes,1825483,1,7
3602,16/11/2018,4,,64.0,0.6,663,0.7,,0.0,0.0,Autumn,No Holiday,Yes,1502376,0,11
3603,12/8/2018,10,31.6,51.0,2.3,1969,20.2,2.3,0.0,0.0,Summer,No Holiday,Yes,2672957,1,8
3604,11/3/2018,12,9.2,40.0,2.6,592,-3.7,2.47,0.0,0.0,Spring,No Holiday,Yes,3618487,1,3
3605,1/5/2018,20,20.6,72.0,1.3,587,15.3,0.0,0.0,0.0,Spring,Holiday,Yes,9242451,2,5
3606,30/08/2018,14,27.5,66.0,2.8,989,20.5,0.76,0.0,0.0,Summer,No Holiday,Yes,5104513,1,8
3607,14/10/2018,12,17.2,33.0,1.1,1258,0.7,2.28,0.0,0.0,Autumn,No Holiday,Yes,7170814,2,10
3608,19/04/2018,21,14.2,44.0,2.4,1290,2.1,,0.0,0.0,Spring,No Holiday,Yes,6797354,2,4
3609,27/06/2018,13,24.9,69.0,2.2,850,18.8,2.14,0.0,0.0,Summer,No Holiday,Yes,6471181,2,6
3610,19/04/2018,16,19.8,25.0,,1132,-0.8,2.02,,0.0,Spring,No Holiday,Yes,6967379,2,4
3612,10/1/2018,8,-7.9,67.0,2.6,1896,-12.9,0.0,0.0,0.7,Winter,No Holiday,Yes,2254643,1,1
3614,7/10/2018,20,15.5,37.0,1.9,2000,0.8,0.0,0.0,0.0,Autumn,No Holiday,Yes,7635157,2,10
3617,6/2/2018,3,-11.6,35.0,3.2,1992,-24.0,0.0,0.0,0.0,Winter,No Holiday,Yes,680939,0,2
3618,16/09/2018,2,22.8,85.0,0.8,708,20.1,0.0,0.0,0.0,Autumn,No Holiday,Yes,2879177,1,9
3619,9/1/2018,18,-3.8,58.0,1.7,1996,-10.8,0.01,0.0,0.0,Winter,No Holiday,Yes,3018399,1,1
3620,6/6/2018,20,23.4,64.0,1.8,1144,16.1,,0.0,0.0,Summer,Holiday,Yes,11722139,2,6
3621,24/01/2018,21,-14.7,40.0,3.2,1933,-25.3,0.0,0.0,0.7,Winter,No Holiday,Yes,896293,0,1
3622,6/8/2018,2,28.6,80.0,1.2,1163,24.8,0.0,0.0,0.0,Summer,No Holiday,Yes,1820328,1,8
3623,3/1/2018,1,-5.0,42.0,1.2,1993,-15.9,0.0,0.0,0.0,Winter,No Holiday,Yes,1342247,0,1
3624,18/05/2018,0,19.3,97.0,1.8,523,18.8,,1.0,0.0,Spring,No Holiday,Yes,1342870,0,5
3625,3/2/2018,21,-9.1,38.0,2.7,2000,-20.8,0.0,0.0,0.0,Winter,No Holiday,Yes,1079970,0,2
3626,21/08/2018,21,26.8,72.0,0.4,1985,21.3,0.0,0.0,0.0,Summer,No Holiday,Yes,11567292,2,8
3627,13/10/2018,18,16.5,38.0,1.6,1246,2.1,0.14,0.0,0.0,Autumn,No Holiday,Yes,9278336,2,10
3628,30/09/2018,18,18.3,34.0,3.3,2000,2.1,,0.0,0.0,Autumn,No Holiday,No,294878,0,9
3630,11/10/2018,18,12.1,40.0,2.4,1854,-1.1,0.18,0.0,0.0,Autumn,No Holiday,Yes,12264580,2,10
3631,9/8/2018,22,27.5,82.0,0.4,1228,24.1,0.0,0.0,0.0,Summer,No Holiday,Yes,8542886,2,8
3632,24/01/2018,22,-15.2,45.0,4.0,2000,-24.4,0.0,0.0,0.7,Winter,No Holiday,Yes,1521338,0,1
3635,24/09/2018,16,22.0,31.0,2.7,2000,4.0,1.87,0.0,0.0,Autumn,Holiday,Yes,7924821,2,9
3636,16/12/2017,13,-3.7,23.0,4.0,1980,-21.8,1.12,0.0,0.0,Winter,No Holiday,Yes,2273819,1,12
3637,13/12/2017,3,-10.9,55.0,1.8,1913,-18.1,0.0,0.0,0.0,Winter,No Holiday,Yes,1124463,0,12
3638,17/08/2018,15,33.5,26.0,2.1,2000,11.3,2.9,,0.0,Summer,No Holiday,Yes,6017869,1,8
3639,28/01/2018,6,-7.8,35.0,1.9,2000,-20.6,,0.0,0.0,Winter,No Holiday,Yes,1169881,0,1
3640,21/11/2018,2,6.9,87.0,0.7,822,4.8,0.0,0.0,0.0,Autumn,No Holiday,Yes,1664823,0,11
3642,17/01/2018,23,2.7,74.0,0.8,291,-1.4,0.0,0.0,0.0,Winter,No Holiday,Yes,1349538,1,1
3643,6/10/2018,19,19.7,72.0,,2000,14.5,0.0,0.0,0.0,Autumn,No Holiday,Yes,9968360,2,10
3645,20/12/2017,4,-8.5,73.0,1.0,1723,-12.4,0.0,0.0,2.0,Winter,No Holiday,Yes,865954,0,12
3646,30/07/2018,4,26.7,62.0,1.0,2000,18.8,0.0,0.0,0.0,Summer,No Holiday,Yes,1856120,1,7
3647,4/1/2018,19,-2.7,39.0,1.4,1616,-14.7,0.0,0.0,0.0,Winter,No Holiday,Yes,2474930,1,1
3648,14/01/2018,21,3.1,58.0,0.4,936,-4.3,0.0,0.0,0.0,Winter,No Holiday,Yes,1335743,1,1
3649,21/06/2018,0,20.0,83.0,2.6,547,17.0,,0.0,0.0,Summer,No Holiday,Yes,6164076,2,6
3650,18/03/2018,11,8.5,49.0,0.7,718,-1.6,0.76,,0.0,Spring,No Holiday,Yes,3706297,1,3
3651,12/2/2018,1,-7.9,52.0,3.7,1961,-16.0,,0.0,0.0,Winter,No Holiday,Yes,1227977,0,2
3652,17/11/2018,12,9.1,34.0,1.0,1802,-5.9,1.95,0.0,0.0,Autumn,No Holiday,Yes,5931394,1,11
3653,8/1/2018,1,0.9,42.0,0.2,1333,-10.5,0.0,0.0,0.0,Winter,No Holiday,Yes,1511734,0,1
3654,2/9/2018,3,21.5,61.0,1.3,2000,13.6,0.0,0.0,0.0,Autumn,No Holiday,Yes,2883535,1,9
3655,4/11/2018,11,14.8,46.0,2.0,768,3.2,1.83,0.0,0.0,Autumn,No Holiday,Yes,5766796,1,11
3656,9/7/2018,2,22.7,63.0,0.9,2000,15.2,0.0,0.0,0.0,Summer,No Holiday,Yes,2756312,1,7
3657,12/8/2018,0,29.9,56.0,2.0,2000,20.1,,0.0,0.0,Summer,No Holiday,Yes,6072333,1,8
3658,27/01/2018,12,-7.7,32.0,2.5,1763,-21.5,1.13,0.0,0.3,Winter,No Holiday,Yes,1613839,0,1
3659,13/03/2018,3,5.5,62.0,0.6,722,-1.2,,0.0,0.0,Spring,No Holiday,Yes,1176133,0,3
3660,29/04/2018,13,21.9,27.0,2.2,1055,2.0,,0.0,0.0,Spring,No Holiday,Yes,8584860,2,4
3661,11/10/2018,15,13.0,39.0,3.7,2000,-0.6,1.09,0.0,0.0,Autumn,No Holiday,Yes,6196673,1,10
3662,3/9/2018,21,21.6,97.0,0.5,646,21.0,0.0,0.5,0.0,Autumn,No Holiday,Yes,1456498,0,9
3663,8/9/2018,11,24.2,41.0,1.5,1818,10.1,2.62,0.0,0.0,Autumn,No Holiday,Yes,6528732,2,9
3664,12/6/2018,22,20.0,70.0,1.0,2000,14.3,0.0,0.0,0.0,Summer,No Holiday,Yes,12119396,2,6
3665,27/05/2018,11,22.3,33.0,1.8,1853,0.0,1.54,0.0,0.0,Spring,No Holiday,Yes,5713084,1,5
3666,14/01/2018,8,-3.8,79.0,0.8,412,-6.9,0.0,0.0,0.0,Winter,No Holiday,Yes,562464,0,1
3667,13/12/2017,13,-5.8,28.0,2.9,1887,-21.4,1.23,0.0,0.0,Winter,No Holiday,Yes,1696597,1,12
3668,12/8/2018,18,33.4,49.0,1.6,1971,21.2,0.25,0.0,0.0,Summer,No Holiday,Yes,6876451,2,8
3669,27/07/2018,15,35.3,52.0,1.9,822,23.9,2.15,0.0,0.0,Summer,No Holiday,Yes,4288831,1,7
3670,8/12/2017,18,-3.1,33.0,1.2,2000,-17.1,0.0,0.0,0.0,Winter,No Holiday,Yes,4619555,1,12
3671,27/07/2018,9,29.9,69.0,1.5,769,23.5,1.12,0.0,0.0,Summer,No Holiday,Yes,5144916,1,7
3672,10/1/2018,17,-6.5,34.0,4.0,2000,-19.8,0.31,0.0,0.0,Winter,No Holiday,Yes,2354322,1,1
3673,30/07/2018,18,36.5,38.0,0.9,2000,19.8,1.17,0.0,0.0,Summer,No Holiday,Yes,12397471,2,7
3674,28/11/2018,17,7.6,23.0,2.9,1678,-12.2,0.25,0.0,0.0,Autumn,No Holiday,Yes,5901897,1,11
3675,25/10/2018,23,,59.0,0.8,1602,4.6,0.0,0.0,0.0,Autumn,No Holiday,Yes,4948510,1,10
3676,14/09/2018,5,20.7,77.0,0.9,2000,16.5,0.0,0.0,0.0,Autumn,No Holiday,Yes,2151190,1,9
3677,11/5/2018,20,16.7,52.0,0.9,1328,6.7,0.0,0.0,0.0,Spring,No Holiday,Yes,7318149,2,5
3678,6/3/2018,14,9.2,27.0,2.9,1880,-8.8,2.32,0.0,0.0,Spring,No Holiday,Yes,3214032,1,3
3679,3/10/2018,12,21.4,40.0,1.4,1973,7.2,2.53,0.0,0.0,Autumn,Holiday,Yes,8116235,2,10
3680,18/04/2018,12,16.5,17.0,3.3,1819,-8.6,3.13,0.0,0.0,Spring,No Holiday,Yes,5897444,1,4
3681,4/10/2018,9,16.7,58.0,1.8,1821,8.3,1.22,0.0,0.0,Autumn,No Holiday,No,135503,0,10
3682,7/12/2017,13,4.1,37.0,3.1,1767,-9.3,1.14,0.0,0.0,Winter,No Holiday,Yes,2887712,1,12
3683,27/05/2018,20,20.6,41.0,2.3,1788,6.8,,0.0,0.0,Spring,No Holiday,Yes,11423210,2,5
3684,17/11/2018,5,1.1,75.0,0.6,1270,-2.8,0.0,0.0,0.0,Autumn,No Holiday,Yes,763601,0,11
3685,17/02/2018,7,-6.8,32.0,1.6,2000,-20.7,0.0,0.0,0.0,Winter,Holiday,Yes,698534,0,2
3686,22/11/2018,18,4.1,46.0,2.7,2000,-6.5,,,0.0,Autumn,No Holiday,Yes,8535938,2,11
3687,15/04/2018,8,7.0,78.0,0.9,656,3.4,0.56,0.0,0.0,Spring,No Holiday,Yes,3057692,1,4
3688,23/10/2018,12,11.5,90.0,1.2,973,9.9,0.06,5.0,0.0,Autumn,No Holiday,Yes,2137679,1,10
3689,5/4/2018,21,7.3,96.0,,749,6.6,,1.0,0.0,Spring,No Holiday,Yes,964057,0,4
3690,29/08/2018,3,24.5,87.0,4.3,1985,22.1,,0.0,0.0,Summer,No Holiday,Yes,944598,0,8
3692,28/10/2018,14,12.4,72.0,1.9,1860,7.4,,0.0,0.0,Autumn,No Holiday,Yes,5596304,1,10
3694,14/09/2018,16,26.3,57.0,1.6,2000,17.0,,,0.0,Autumn,No Holiday,Yes,8190381,2,9
3695,25/12/2017,22,-1.3,53.0,1.7,2000,-9.6,0.0,,0.0,Winter,Holiday,Yes,1658320,1,12
3696,13/03/2018,0,6.4,62.0,0.7,506,-0.3,,0.0,0.0,Spring,No Holiday,Yes,2237171,1,3
3697,23/09/2018,21,19.1,38.0,2.1,2000,4.4,0.0,0.0,0.0,Autumn,Holiday,Yes,5837640,2,9
3698,23/02/2018,6,0.4,95.0,0.3,197,-0.3,0.0,0.0,3.8,Winter,No Holiday,Yes,495164,0,2
3699,11/9/2018,23,20.9,53.0,1.8,2000,10.9,,0.0,0.0,Autumn,No Holiday,Yes,6861894,2,9
3700,3/7/2018,14,31.0,56.0,1.5,2000,21.1,1.47,0.0,0.0,Summer,No Holiday,Yes,5286842,1,7
3701,28/04/2018,23,12.3,51.0,1.0,1648,2.4,0.0,0.0,0.0,Spring,No Holiday,Yes,4948567,1,4
3702,12/1/2018,16,-5.8,21.0,1.1,2000,-24.6,0.66,0.0,0.0,Winter,No Holiday,Yes,1235249,0,1
3703,16/12/2017,0,-2.6,73.0,3.4,787,-6.7,0.0,0.0,0.0,Winter,No Holiday,Yes,2029806,1,12
3705,6/12/2017,23,1.3,92.0,0.6,209,0.1,0.0,0.0,1.0,Winter,No Holiday,Yes,1392092,1,12
3706,9/1/2018,20,-4.9,59.0,0.6,1992,-11.6,0.0,0.0,0.0,Winter,No Holiday,Yes,2271898,1,1
3707,9/6/2018,22,21.0,75.0,1.3,2000,16.3,0.0,0.0,0.0,Summer,No Holiday,Yes,4173447,1,6
3708,20/08/2018,2,26.3,65.0,0.3,2000,19.1,0.0,0.0,0.0,Summer,No Holiday,Yes,1994304,1,8
3709,6/1/2018,11,-1.6,35.0,2.1,1812,-15.1,0.87,,0.0,Winter,No Holiday,Yes,1449653,1,1
3710,9/4/2018,7,0.6,97.0,1.3,66,0.1,0.05,0.0,0.0,Spring,No Holiday,Yes,3640210,1,4
3711,8/1/2018,5,0.8,42.0,1.0,1394,-10.6,0.0,0.0,0.0,Winter,No Holiday,Yes,873670,0,1
3712,23/03/2018,20,6.7,48.0,2.6,774,-3.5,0.0,0.0,0.0,Spring,No Holiday,Yes,4899041,1,3
3713,24/12/2017,9,4.6,94.0,0.9,90,3.7,0.0,6.4,0.0,Winter,Holiday,Yes,340823,0,12
3714,27/06/2018,20,24.2,72.0,,833,18.8,,0.0,0.0,Summer,No Holiday,Yes,11934412,2,6
3715,16/10/2018,13,19.4,31.0,2.0,1862,1.8,2.02,,0.0,Autumn,No Holiday,Yes,6541262,2,10
3716,5/10/2018,18,16.7,96.0,1.6,1461,16.0,0.03,1.0,0.0,Autumn,No Holiday,Yes,775126,0,10
3717,15/06/2018,11,22.9,57.0,1.4,1918,13.9,2.24,0.0,0.0,Summer,No Holiday,Yes,5744209,2,6
3718,13/05/2018,23,13.0,89.0,1.3,326,11.2,0.0,0.0,0.0,Spring,No Holiday,Yes,4515000,1,5
3720,30/05/2018,14,24.3,58.0,2.9,1211,15.5,2.92,,0.0,Spring,No Holiday,Yes,6466432,2,5
3721,21/07/2018,18,35.0,42.0,2.9,1953,20.1,1.26,0.0,0.0,Summer,No Holiday,Yes,6500591,2,7
3722,19/01/2018,8,,50.0,1.0,1281,-11.5,0.0,0.0,0.0,Winter,No Holiday,Yes,4478294,1,1
3723,18/11/2018,12,9.2,47.0,2.5,1910,-1.5,,0.0,0.0,Autumn,No Holiday,Yes,4272138,1,11
3724,22/10/2018,23,12.0,59.0,0.4,685,4.2,0.0,0.0,0.0,Autumn,No Holiday,Yes,5631564,1,10
3725,25/09/2018,3,12.7,67.0,0.5,2000,6.7,0.0,0.0,0.0,Autumn,Holiday,Yes,1248979,1,9
3728,22/11/2018,1,2.1,39.0,3.2,1299,-10.4,0.0,0.0,0.0,Autumn,No Holiday,Yes,2789936,1,11
3729,15/10/2018,5,11.1,79.0,0.3,1140,7.5,,0.0,0.0,Autumn,No Holiday,Yes,1587927,1,10
3730,5/11/2018,22,11.6,81.0,1.2,336,8.4,0.0,0.0,0.0,Autumn,No Holiday,Yes,6916339,2,11
3731,25/06/2018,10,26.4,55.0,0.9,901,16.6,,0.0,0.0,Summer,No Holiday,Yes,5070587,1,6
3732,24/10/2018,4,9.0,87.0,0.6,972,6.9,0.0,0.0,0.0,Autumn,No Holiday,Yes,1238310,0,10
3733,1/7/2018,7,22.1,89.0,0.5,1617,20.1,0.08,,0.0,Summer,No Holiday,Yes,1061291,0,7
3734,16/07/2018,17,,46.0,3.1,1926,19.8,1.89,0.0,0.0,Summer,No Holiday,Yes,8192174,2,7
3735,3/5/2018,12,14.1,59.0,3.9,1870,6.1,1.12,0.0,0.0,Spring,No Holiday,Yes,4391816,1,5
3736,8/10/2018,23,13.5,55.0,0.5,2000,4.6,0.0,0.0,0.0,Autumn,No Holiday,Yes,6793837,2,10
3737,29/10/2018,7,4.6,76.0,0.7,2000,0.7,0.0,0.0,0.0,Autumn,No Holiday,Yes,6404743,2,10
3738,25/06/2018,14,32.3,35.0,1.8,982,14.8,2.71,0.0,0.0,Summer,No Holiday,Yes,5997569,1,6
3739,12/6/2018,13,25.7,46.0,0.8,2000,13.2,3.18,,0.0,Summer,No Holiday,Yes,6782648,2,6
3740,30/01/2018,0,-10.0,34.0,1.1,2000,-22.9,0.0,0.0,0.0,Winter,No Holiday,Yes,1350633,0,1
3741,28/11/2018,19,6.0,24.0,3.0,1861,-13.0,0.0,0.0,0.0,Autumn,No Holiday,Yes,5356457,1,11
3742,9/10/2018,13,19.2,39.0,1.0,2000,4.8,1.66,0.0,0.0,Autumn,Holiday,No,223192,0,10
3743,12/1/2018,15,-6.5,26.0,2.4,1987,-22.8,,0.0,0.0,Winter,No Holiday,Yes,1067218,0,1
3744,15/06/2018,15,26.7,40.0,1.6,1995,11.9,2.42,0.0,0.0,Summer,No Holiday,Yes,7776866,2,6
3745,24/07/2018,16,34.9,51.0,2.0,1221,23.2,0.76,0.0,0.0,Summer,No Holiday,Yes,4469024,1,7
3746,15/05/2018,18,27.5,47.0,2.5,1113,15.1,0.43,0.0,0.0,Spring,No Holiday,Yes,15089833,2,5
3747,31/03/2018,10,14.7,53.0,0.9,831,5.2,1.59,0.0,0.0,Spring,No Holiday,Yes,4231911,1,3
3748,29/01/2018,11,-8.1,24.0,3.6,1761,-25.1,,0.0,0.0,Winter,No Holiday,Yes,1044258,0,1
3749,20/09/2018,3,19.6,72.0,1.7,1140,14.4,0.0,0.0,0.0,Autumn,No Holiday,Yes,1800757,1,9
3750,11/5/2018,5,11.9,84.0,1.5,358,9.2,0.0,0.0,0.0,Spring,No Holiday,Yes,1472044,1,5
3751,7/7/2018,8,21.2,52.0,1.6,1998,10.9,1.2,0.0,0.0,Summer,No Holiday,Yes,5235180,1,7
3753,11/9/2018,18,24.7,45.0,0.7,2000,11.9,,0.0,0.0,Autumn,No Holiday,Yes,16493023,2,9
3755,25/12/2017,15,0.4,28.0,2.5,2000,-16.0,0.9,0.0,0.0,Winter,Holiday,Yes,1965126,1,12
3756,21/11/2018,8,,86.0,0.9,450,4.2,0.03,0.0,0.0,Autumn,No Holiday,Yes,9013552,2,11
3757,18/06/2018,18,29.2,35.0,2.7,1900,12.1,1.27,0.0,0.0,Summer,No Holiday,Yes,12251082,2,6
3758,23/05/2018,13,20.9,33.0,3.9,1853,4.0,3.52,0.0,0.0,Spring,No Holiday,Yes,6138592,2,5
3759,19/10/2018,1,9.8,68.0,1.7,2000,4.1,0.0,0.0,0.0,Autumn,No Holiday,Yes,3796104,1,10
3760,17/07/2018,18,31.3,55.0,2.5,1550,21.1,1.2,0.0,0.0,Summer,No Holiday,Yes,15160768,2,7
3761,7/9/2018,23,19.4,50.0,2.8,2000,8.6,0.0,0.0,0.0,Autumn,No Holiday,Yes,7222237,2,9
3762,12/8/2018,3,28.5,62.0,1.6,2000,20.5,0.0,0.0,0.0,Summer,No Holiday,Yes,2285574,1,8
3763,20/03/2018,2,,44.0,3.4,2000,-6.1,0.0,,0.0,Spring,No Holiday,Yes,1130825,0,3
3764,28/06/2018,16,25.2,81.0,3.6,961,21.6,,0.0,0.0,Summer,No Holiday,Yes,4730945,1,6
3765,9/12/2017,6,-5.1,53.0,0.9,1975,-13.2,0.0,0.0,0.0,Winter,No Holiday,Yes,584206,0,12
3766,16/06/2018,17,28.4,43.0,2.0,1806,14.6,1.93,0.0,0.0,Summer,No Holiday,Yes,12482329,2,6
3767,6/10/2018,1,16.7,89.0,2.4,1814,14.8,0.0,1.0,0.0,Autumn,No Holiday,No,565477,0,10
3768,23/03/2018,22,5.3,63.0,,591,-1.1,0.0,0.0,0.0,Spring,No Holiday,Yes,3531372,1,3
3770,28/03/2018,16,18.3,43.0,4.3,1931,5.4,1.3,0.0,0.0,Spring,No Holiday,Yes,5798192,1,3
3771,26/05/2018,7,15.0,64.0,0.6,902,8.2,0.46,0.0,0.0,Spring,No Holiday,Yes,2628749,1,5
3772,27/03/2018,7,8.5,67.0,0.7,475,2.7,,0.0,0.0,Spring,No Holiday,Yes,3777776,1,3
3773,5/3/2018,1,7.0,88.0,,2000,5.1,0.0,,0.0,Spring,No Holiday,Yes,389579,0,3
3774,12/10/2018,11,,38.0,2.7,2000,-1.0,2.3,0.0,0.0,Autumn,No Holiday,Yes,5605054,1,10
3775,18/02/2018,0,-3.6,33.0,1.7,2000,-17.5,0.0,0.0,0.0,Winter,No Holiday,Yes,845317,0,2
3776,30/03/2018,0,11.8,78.0,0.6,438,8.0,0.0,0.0,0.0,Spring,No Holiday,Yes,2864334,1,3
3778,7/9/2018,1,21.6,77.0,2.6,1777,17.3,,0.0,0.0,Autumn,No Holiday,Yes,1908084,1,9
3779,11/7/2018,4,24.5,97.0,1.0,317,23.9,0.0,0.0,0.0,Summer,No Holiday,Yes,1060178,0,7
3780,29/01/2018,12,-7.3,23.0,3.8,1903,-24.9,1.17,0.0,0.0,Winter,No Holiday,Yes,1892481,0,1
3781,9/4/2018,20,11.7,34.0,0.9,1393,-3.6,0.0,,0.0,Spring,No Holiday,Yes,7162078,2,4
3782,1/7/2018,19,21.3,,1.4,446,6.6,1.82,0.0,1.1,Summer,No Holiday,No,1652956,1,7
3783,3/4/2018,16,19.7,58.0,3.7,1302,11.1,0.78,0.0,0.0,Spring,No Holiday,Yes,6594136,2,4
3784,1/7/2018,2,22.7,87.0,0.5,1187,20.4,0.0,0.0,0.0,Summer,No Holiday,Yes,3512625,1,7
3785,5/1/2018,4,-5.1,55.0,1.7,1266,-12.7,0.0,0.0,0.0,Winter,No Holiday,Yes,504651,0,1
3786,2/11/2018,5,4.8,75.0,0.7,1471,0.7,0.0,0.0,0.0,Autumn,No Holiday,Yes,1127181,0,11
3787,4/1/2018,7,-8.1,51.0,0.5,1987,-16.4,0.0,0.0,0.0,Winter,No Holiday,Yes,1968394,1,1
3788,2/8/2018,10,34.4,46.0,,1880,21.1,1.94,0.0,0.0,Summer,No Holiday,Yes,3240518,1,8
3789,18/01/2018,0,2.7,73.0,1.0,290,-1.6,0.0,0.0,0.0,Winter,No Holiday,Yes,1308340,1,1
3790,15/04/2018,17,11.8,60.0,2.9,1457,4.2,0.6,0.0,0.0,Spring,No Holiday,Yes,483523,0,4
3793,5/8/2018,7,27.5,86.0,1.8,485,24.9,0.03,0.4,0.0,Summer,No Holiday,Yes,1725050,1,8
3794,28/10/2018,22,6.7,76.0,0.6,2000,2.7,,0.0,0.0,Autumn,No Holiday,Yes,3250803,1,10
3795,6/12/2017,5,-3.6,76.0,0.0,1934,-7.2,0.0,0.0,0.4,Winter,No Holiday,Yes,1436672,0,12
3796,23/01/2018,9,-13.3,36.0,3.5,2000,-25.2,0.19,,1.0,Winter,No Holiday,Yes,1406260,1,1
3799,21/10/2018,12,18.4,28.0,1.9,1690,-0.4,2.33,0.0,0.0,Autumn,No Holiday,Yes,7832295,2,10
3800,15/08/2018,19,28.7,76.0,0.7,2000,24.0,0.11,0.9,0.0,Summer,Holiday,Yes,6735333,2,8
3801,21/11/2018,14,6.7,47.0,2.4,2000,-3.8,0.42,0.0,0.0,Autumn,No Holiday,Yes,2976807,1,11
3802,5/11/2018,8,7.2,80.0,0.8,515,3.9,0.13,0.0,0.0,Autumn,No Holiday,Yes,10878568,2,11
3803,28/04/2018,13,21.2,31.0,2.8,1295,3.3,3.25,0.0,0.0,Spring,No Holiday,Yes,7825407,2,4
3804,24/04/2018,0,9.8,86.0,1.3,2000,7.5,0.0,0.0,0.0,Spring,No Holiday,Yes,1341271,1,4
3805,15/02/2018,22,-1.9,30.0,0.8,2000,-17.2,0.0,0.0,0.0,Winter,Holiday,Yes,1360248,0,2
3806,11/4/2018,2,12.7,80.0,3.9,885,9.3,0.0,0.0,0.0,Spring,No Holiday,No,396788,0,4
3807,13/06/2018,17,25.6,57.0,3.3,919,16.4,0.87,0.0,0.0,Summer,No Holiday,Yes,14064218,2,6
3808,19/01/2018,1,0.0,43.0,1.7,1250,-11.1,0.0,0.0,0.0,Winter,No Holiday,Yes,1984115,1,1
3809,1/11/2018,14,14.9,31.0,2.5,1872,-2.1,2.06,0.0,0.0,Autumn,No Holiday,Yes,5982086,1,11
3810,7/3/2018,1,2.8,46.0,2.0,1709,-7.6,0.0,0.0,0.0,Spring,No Holiday,Yes,1794092,1,3
3811,7/12/2017,14,4.4,36.0,2.7,1975,-9.4,,0.0,0.0,Winter,No Holiday,Yes,2342276,1,12
3812,15/01/2018,4,4.9,73.0,1.8,881,0.4,0.0,0.0,0.0,Winter,No Holiday,Yes,1134972,0,1
3813,16/10/2018,4,11.0,69.0,0.6,1510,5.5,0.0,0.0,0.0,Autumn,No Holiday,Yes,1250309,0,10
3814,12/12/2017,4,-11.6,47.0,2.1,1982,-20.6,0.0,0.0,0.0,Winter,No Holiday,Yes,835625,0,12
3815,17/01/2018,8,2.6,70.0,0.6,296,-2.3,,0.0,0.0,Winter,No Holiday,Yes,3884633,1,1
3817,12/7/2018,1,26.6,80.0,0.0,1485,22.8,0.0,0.0,0.0,Summer,No Holiday,Yes,4384327,1,7
3818,13/01/2018,13,-2.5,62.0,1.4,1087,-8.7,0.66,0.0,0.0,Winter,No Holiday,Yes,1856208,1,1
3819,17/12/2017,19,-5.6,39.0,1.1,2000,-17.3,0.0,0.0,0.0,Winter,No Holiday,Yes,1703655,0,12
3820,16/07/2018,9,28.0,64.0,1.0,1682,20.5,1.35,0.0,0.0,Summer,No Holiday,Yes,5529038,1,7
3821,10/10/2018,12,,43.0,3.4,1980,1.3,1.65,0.0,0.0,Autumn,No Holiday,Yes,5962420,2,10
3822,20/09/2018,11,18.8,95.0,1.5,597,17.9,0.46,0.0,0.0,Autumn,No Holiday,Yes,1171846,0,9
3823,12/9/2018,1,19.6,56.0,1.2,2000,10.5,0.0,0.0,0.0,Autumn,No Holiday,Yes,4088201,1,9
3824,22/02/2018,18,3.9,56.0,4.0,1004,-4.0,0.18,0.0,0.0,Winter,No Holiday,Yes,4196747,1,2
3826,10/2/2018,16,0.3,17.0,4.9,2000,-21.9,0.87,0.0,0.0,Winter,No Holiday,Yes,1944282,1,2
3827,8/5/2018,5,15.0,64.0,1.6,2000,8.2,,0.0,0.0,Spring,No Holiday,Yes,1310771,1,5
3828,18/12/2017,6,-5.2,85.0,0.9,271,-7.3,0.0,0.4,1.3,Winter,No Holiday,Yes,805271,0,12
3829,23/02/2018,17,,68.0,4.2,352,2.3,0.27,0.0,0.0,Winter,No Holiday,Yes,2812557,1,2
3830,6/1/2018,14,1.8,29.0,2.0,1693,-14.3,1.14,0.0,0.0,Winter,No Holiday,Yes,2322938,1,1
3831,22/05/2018,0,16.0,71.0,0.5,1299,10.7,0.0,0.0,0.0,Spring,Holiday,Yes,3843692,1,5
3832,4/6/2018,20,23.4,43.0,1.1,2000,10.0,,0.0,0.0,Summer,No Holiday,Yes,13098680,2,6
3833,5/3/2018,14,10.0,44.0,1.9,2000,-1.7,2.46,0.0,0.0,Spring,No Holiday,Yes,3145961,1,3
3834,22/05/2018,3,15.5,,0.7,1420,10.4,0.0,0.0,0.0,Spring,Holiday,Yes,2872372,1,5
3835,18/10/2018,17,16.9,44.0,1.6,2000,4.5,0.44,0.0,0.0,Autumn,No Holiday,Yes,9834179,2,10
3836,21/03/2018,23,1.5,86.0,1.2,1495,-0.5,0.0,0.0,0.0,Spring,No Holiday,Yes,1396373,1,3
3837,5/9/2018,4,19.9,81.0,,2000,16.5,0.0,0.0,0.0,Autumn,No Holiday,Yes,1579324,1,9
3838,21/09/2018,1,19.0,78.0,1.6,2000,15.0,0.0,0.0,0.0,Autumn,No Holiday,Yes,3785902,1,9
3839,20/03/2018,18,4.1,43.0,3.5,2000,-7.3,,0.0,0.0,Spring,No Holiday,Yes,6175521,2,3
3840,26/02/2018,8,-2.9,63.0,0.7,1386,-8.9,0.11,,0.0,Winter,No Holiday,Yes,4649703,1,2
3841,8/1/2018,7,0.7,44.0,0.8,1357,-10.1,0.0,0.0,0.0,Winter,No Holiday,Yes,2570470,1,1
3842,15/12/2017,16,0.0,37.0,0.6,994,-12.9,0.13,0.0,0.0,Winter,No Holiday,Yes,2761508,1,12
3843,27/02/2018,22,5.4,49.0,1.1,687,-4.4,0.0,0.0,0.0,Winter,No Holiday,Yes,2554548,1,2
3844,10/5/2018,19,15.5,74.0,3.6,675,10.8,0.35,0.0,0.0,Spring,No Holiday,No,183865,0,5
3846,18/07/2018,21,28.0,69.0,1.8,1140,21.7,0.0,0.0,0.0,Summer,No Holiday,Yes,11704378,2,7
3847,7/7/2018,12,26.4,47.0,1.7,2000,14.1,3.26,0.0,0.0,Summer,No Holiday,Yes,7699997,2,7
3848,28/04/2018,16,20.4,25.0,4.7,1990,-0.3,2.45,0.0,0.0,Spring,No Holiday,Yes,10443340,2,4
3849,20/07/2018,21,29.8,59.0,1.4,2000,20.9,,0.0,0.0,Summer,No Holiday,Yes,10201212,2,7
3850,20/05/2018,2,,43.0,0.9,2000,1.5,0.0,0.0,0.0,Spring,No Holiday,Yes,2525757,1,5
3851,3/8/2018,18,34.4,53.0,3.3,1650,23.4,0.8,0.0,0.0,Summer,No Holiday,Yes,10346762,2,8
3853,15/08/2018,22,28.6,67.0,1.0,2000,21.8,0.0,0.0,0.0,Summer,Holiday,Yes,7900139,2,8
3854,22/07/2018,19,34.5,47.0,2.8,1762,21.5,0.42,0.0,0.0,Summer,No Holiday,Yes,7617986,2,7
3855,22/10/2018,13,19.4,35.0,1.2,678,3.5,1.73,0.0,0.0,Autumn,No Holiday,Yes,5723002,2,10
3856,31/07/2018,18,36.2,45.0,2.0,2000,22.3,0.65,0.0,0.0,Summer,No Holiday,Yes,11841293,2,7
3858,12/8/2018,21,28.9,83.0,0.3,1449,25.7,0.0,0.0,0.0,Summer,No Holiday,Yes,7539967,2,8
3859,22/04/2018,8,16.3,40.0,0.8,1982,2.6,,0.0,0.0,Spring,No Holiday,Yes,2319543,1,4
3860,15/09/2018,1,21.8,79.0,1.4,2000,17.9,0.0,,0.0,Autumn,No Holiday,Yes,4765352,1,9
3861,17/06/2018,13,25.7,52.0,1.1,639,15.0,1.81,0.0,0.0,Summer,No Holiday,Yes,8618218,2,6
3862,30/05/2018,4,18.3,84.0,0.9,409,15.5,0.0,0.0,0.0,Spring,No Holiday,Yes,994262,0,5
3863,15/08/2018,21,28.6,69.0,1.3,2000,22.3,0.0,0.0,0.0,Summer,Holiday,Yes,7852983,2,8
3865,13/07/2018,3,24.9,86.0,2.0,1079,22.3,0.0,0.0,0.0,Summer,No Holiday,Yes,2633396,1,7
3866,23/09/2018,20,20.2,48.0,3.3,2000,8.8,0.0,0.0,0.0,Autumn,Holiday,Yes,7075906,2,9
3867,1/8/2018,21,33.3,64.0,3.0,1680,25.5,0.0,0.0,0.0,Summer,No Holiday,Yes,7837907,2,8
3868,7/5/2018,22,18.6,69.0,1.7,1047,12.7,0.0,0.0,0.0,Spring,No Holiday,Yes,7581995,2,5
3869,8/10/2018,11,17.9,39.0,1.3,1873,3.7,2.06,0.0,0.0,Autumn,No Holiday,Yes,5906538,2,10
3872,2/4/2018,16,23.0,47.0,4.1,1417,11.0,2.0,0.0,0.0,Spring,No Holiday,Yes,7010817,2,4
3873,3/5/2018,18,,,4.0,2500,-27.2,1.42,2.0,0.3,Spring,No Holiday,No,5036460,1,5
3874,29/04/2018,11,19.6,28.0,2.0,1695,0.5,2.79,0.0,0.0,Spring,No Holiday,Yes,5619397,1,4
3876,28/02/2018,23,1.8,96.0,1.2,745,1.2,0.0,0.0,0.0,Winter,No Holiday,Yes,985965,0,2
3877,31/07/2018,14,36.4,35.0,1.3,1967,18.4,,0.0,0.0,Summer,No Holiday,Yes,3190328,1,7
3878,26/01/2018,15,-11.4,27.0,3.3,1805,-26.7,0.0,0.0,0.4,Winter,No Holiday,Yes,1415919,0,1
3879,14/09/2018,0,22.1,74.0,1.1,1962,17.2,0.0,0.0,0.0,Autumn,No Holiday,Yes,5352373,1,9
3880,7/7/2018,7,19.6,57.0,1.6,2000,10.8,0.42,0.0,0.0,Summer,No Holiday,Yes,3433516,1,7
3881,14/06/2018,6,19.5,95.0,1.4,179,18.6,0.0,1.5,0.0,Summer,No Holiday,Yes,1274660,0,6
3882,15/11/2018,14,15.1,33.0,1.5,1045,-1.0,1.31,0.0,0.0,Autumn,No Holiday,Yes,5632708,1,11
3884,12/4/2018,5,7.1,57.0,0.8,1746,-0.8,0.0,0.0,0.0,Spring,No Holiday,Yes,1431809,0,4
3885,15/12/2017,20,0.9,42.0,1.2,1113,-10.5,0.0,0.0,0.0,Winter,No Holiday,Yes,1923357,1,12
3886,6/8/2018,7,28.5,82.0,0.8,914,25.1,0.09,0.0,0.0,Summer,No Holiday,Yes,5014555,1,8
3888,28/05/2018,19,24.4,44.0,2.8,1979,11.3,0.45,0.0,0.0,Spring,No Holiday,Yes,13420222,2,5
3889,4/9/2018,16,27.1,47.0,4.3,2000,14.8,1.82,0.0,0.0,Autumn,No Holiday,Yes,7730688,2,9
3890,22/03/2018,9,2.5,67.0,1.3,1472,-3.0,1.11,0.0,0.0,Spring,No Holiday,Yes,4208304,1,3
3891,11/11/2018,18,,55.0,2.0,1333,0.3,,0.0,0.0,Autumn,No Holiday,Yes,4226493,1,11
3892,10/7/2018,22,25.0,86.0,,796,22.4,0.0,0.0,0.0,Summer,No Holiday,Yes,5650174,1,7
3893,20/09/2018,2,19.9,64.0,1.5,1755,12.8,0.0,0.0,0.0,Autumn,No Holiday,Yes,3278434,1,9
3896,14/03/2018,14,21.1,42.0,4.3,2000,7.6,,,0.0,Spring,No Holiday,Yes,5227796,1,3
3897,2/12/2017,1,-2.2,86.0,0.6,990,-4.2,0.0,0.0,0.0,Winter,No Holiday,Yes,2403533,1,12
3898,28/04/2018,10,17.4,46.0,1.8,734,5.6,2.27,0.0,0.0,Spring,No Holiday,Yes,4617667,1,4
3899,23/04/2018,15,9.5,96.0,2.2,350,8.8,0.31,1.5,0.0,Spring,No Holiday,Yes,989881,0,4
3900,26/05/2018,6,14.2,72.0,0.6,947,9.2,0.04,0.0,0.0,Spring,No Holiday,Yes,2216958,1,5
3901,7/7/2018,0,21.5,56.0,1.8,2000,12.3,0.0,0.0,0.0,Summer,No Holiday,Yes,6105950,2,7
3902,21/10/2018,6,7.6,75.0,0.6,1181,3.4,0.0,0.0,0.0,Autumn,No Holiday,Yes,1465289,0,10
3903,14/10/2018,8,7.5,72.0,1.1,697,2.7,0.34,0.0,0.0,Autumn,No Holiday,Yes,3648575,1,10
3904,4/10/2018,6,13.2,73.0,,1900,8.4,0.0,0.0,0.0,Autumn,No Holiday,No,764100,0,10
3905,18/02/2018,18,2.8,25.0,3.0,2000,-15.3,0.22,0.0,0.0,Winter,No Holiday,Yes,2358559,1,2
3906,31/05/2018,8,16.9,65.0,1.6,896,10.2,1.21,0.0,0.0,Spring,No Holiday,Yes,11630782,2,5
3907,5/4/2018,7,7.1,94.0,2.2,572,6.1,0.0,1.5,0.0,Spring,No Holiday,Yes,466933,0,4
3908,12/6/2018,5,17.2,87.0,0.6,2000,15.0,0.0,0.0,0.0,Summer,No Holiday,Yes,2260214,1,6
3909,12/7/2018,2,26.3,84.0,0.3,1361,23.3,0.0,,0.0,Summer,No Holiday,Yes,2948441,1,7
3910,23/06/2018,23,22.5,77.0,2.7,396,18.2,0.0,0.0,0.0,Summer,No Holiday,Yes,7144702,2,6
3911,2/11/2018,15,18.6,31.0,1.4,1575,1.1,1.63,0.0,0.0,Autumn,No Holiday,Yes,7164895,2,11
3912,3/4/2018,1,17.1,72.0,1.7,1353,12.0,0.0,0.0,0.0,Spring,No Holiday,Yes,2179591,1,4
3914,25/11/2018,11,6.0,66.0,0.9,573,0.1,1.37,0.0,2.3,Autumn,No Holiday,Yes,3113489,1,11
3915,20/11/2018,1,2.9,43.0,1.0,1750,-8.4,0.0,0.0,0.0,Autumn,No Holiday,Yes,3025221,1,11
3916,12/2/2018,19,-4.9,52.0,2.0,2000,-13.2,0.0,,0.0,Winter,No Holiday,Yes,2112291,1,2
3917,25/03/2018,12,12.7,45.0,1.3,321,1.0,,0.0,0.0,Spring,No Holiday,Yes,3916349,1,3
3918,28/11/2018,22,3.2,34.0,1.3,1787,-11.1,0.0,0.0,0.0,Autumn,No Holiday,Yes,5076623,1,11
3921,7/3/2018,14,9.8,38.0,0.9,1908,-3.8,0.93,0.0,0.0,Spring,No Holiday,Yes,3159671,1,3
3922,5/11/2018,16,16.8,46.0,1.8,1041,5.0,0.72,0.0,0.0,Autumn,No Holiday,Yes,6840833,2,11
3923,15/12/2017,22,-0.1,49.0,2.0,870,-9.5,0.0,0.0,0.0,Winter,No Holiday,Yes,1865187,1,12
3924,21/10/2018,23,11.8,56.0,0.0,1655,3.2,0.0,0.0,0.0,Autumn,No Holiday,Yes,4296137,1,10
3927,13/01/2018,22,-4.3,81.0,,435,-7.0,0.0,0.0,0.0,Winter,No Holiday,Yes,1278006,0,1
3928,11/9/2018,4,17.7,52.0,,2000,7.7,0.0,0.0,0.0,Autumn,No Holiday,Yes,1997707,1,9
3929,8/12/2017,23,-3.5,43.0,0.9,2000,-14.3,0.0,0.0,0.0,Winter,No Holiday,Yes,1653026,1,12
3930,17/06/2018,4,19.4,82.0,0.9,531,16.2,0.0,0.0,0.0,Summer,No Holiday,Yes,2227321,1,6
3931,21/06/2018,22,22.8,67.0,2.1,1042,16.3,0.0,0.0,0.0,Summer,No Holiday,Yes,11667356,2,6
3932,12/12/2017,15,-5.8,30.0,2.8,2000,-20.6,0.92,0.0,0.0,Winter,No Holiday,Yes,1778299,1,12
3933,22/08/2018,18,35.4,40.0,1.0,2000,19.7,0.34,0.0,0.0,Summer,No Holiday,Yes,13289402,2,8
3934,3/12/2017,0,4.0,58.0,1.4,1296,-3.5,0.0,0.0,0.0,Winter,No Holiday,Yes,2482795,1,12
3936,30/11/2018,23,1.9,43.0,1.3,1909,-9.3,0.0,0.0,0.0,Autumn,No Holiday,Yes,3543527,1,11
3937,7/8/2018,5,27.1,69.0,0.9,2000,20.9,0.0,0.0,0.0,Summer,No Holiday,Yes,1646964,1,8
3938,14/11/2018,7,5.2,78.0,0.3,1182,1.6,0.0,0.0,0.0,Autumn,No Holiday,Yes,5454942,1,11
3939,2/4/2018,10,17.5,66.0,1.3,1059,11.0,0.55,0.0,0.0,Spring,No Holiday,Yes,3423058,1,4
3940,24/01/2018,13,,25.0,6.0,1887,-28.0,1.27,0.0,0.9,Winter,No Holiday,Yes,1350015,0,1
3941,15/06/2018,20,22.6,51.0,1.3,2000,11.9,,0.0,0.0,Summer,No Holiday,Yes,12704146,2,6
3943,7/1/2018,7,-5.6,58.0,0.9,1368,-12.5,0.0,0.0,0.0,Winter,No Holiday,Yes,1132341,0,1
3944,23/12/2017,13,7.7,68.0,1.0,249,2.1,0.58,0.0,0.0,Winter,No Holiday,Yes,2175436,1,12
3945,12/2/2018,5,-9.2,37.0,1.1,2000,-21.2,0.0,0.0,0.0,Winter,No Holiday,Yes,834791,0,2
3946,15/05/2018,20,26.3,53.0,1.0,908,15.9,0.0,0.0,0.0,Spring,No Holiday,Yes,10335777,2,5
3947,24/12/2017,13,3.7,90.0,0.7,744,2.2,0.15,0.0,0.0,Winter,Holiday,Yes,971825,0,12
3948,8/10/2018,22,14.4,49.0,1.1,2000,3.8,0.0,0.0,0.0,Autumn,No Holiday,Yes,8955295,2,10
3949,15/11/2018,2,7.1,68.0,0.6,1082,1.5,0.0,0.0,0.0,Autumn,No Holiday,Yes,2453156,1,11
3950,21/03/2018,3,1.3,40.0,2.1,2000,-10.8,0.0,0.0,0.0,Spring,No Holiday,Yes,792711,0,3
3951,20/03/2018,12,9.0,33.0,3.1,1985,-6.4,2.59,0.0,0.0,Spring,No Holiday,Yes,3170772,1,3
3952,10/10/2018,19,11.3,50.0,1.1,2000,1.2,0.0,0.0,0.0,Autumn,No Holiday,Yes,8661952,2,10
3953,3/6/2018,18,29.3,25.0,2.4,1973,7.2,1.23,,0.0,Summer,No Holiday,Yes,12729548,2,6
3954,25/07/2018,2,28.8,68.0,1.8,2000,22.2,0.0,0.0,0.0,Summer,No Holiday,Yes,2747626,1,7
3955,9/11/2018,3,10.8,82.0,2.8,1712,7.8,0.0,0.5,0.0,Autumn,No Holiday,No,775323,0,11
3957,25/12/2017,4,-3.0,51.0,3.2,2000,-11.7,0.0,0.0,0.0,Winter,Holiday,Yes,597542,0,12
3958,25/05/2018,23,17.6,55.0,0.5,1362,8.4,0.0,0.0,0.0,Spring,No Holiday,Yes,6809776,2,5
3959,14/02/2018,1,1.3,67.0,1.2,1738,-4.1,0.0,0.0,0.0,Winter,No Holiday,Yes,1501180,0,2
3960,26/10/2018,12,12.4,90.0,,297,10.7,0.19,1.0,0.0,Autumn,No Holiday,Yes,663919,0,10
3961,22/06/2018,2,19.8,80.0,1.5,370,16.2,0.0,0.0,0.0,Summer,No Holiday,Yes,3025709,1,6
3962,18/03/2018,22,8.1,76.0,0.8,492,4.1,0.0,0.0,0.0,Spring,No Holiday,Yes,1249129,0,3
3963,21/03/2018,14,1.9,89.0,1.5,102,0.2,0.41,0.0,0.0,Spring,No Holiday,Yes,1121703,0,3
3964,16/08/2018,8,28.2,68.0,1.3,2000,21.7,0.41,0.0,0.0,Summer,No Holiday,Yes,9106729,2,8
3965,13/09/2018,16,28.2,48.0,1.4,1995,16.1,1.7,0.0,0.0,Autumn,No Holiday,Yes,7762285,2,9
3966,26/04/2018,16,21.7,23.0,2.5,1404,-0.3,1.97,0.0,0.0,Spring,No Holiday,Yes,7705391,2,4
3967,14/10/2018,21,13.8,66.0,2.4,1897,7.5,0.0,0.0,0.0,Autumn,No Holiday,Yes,6413793,2,10
3968,22/07/2018,21,32.3,50.0,1.7,1784,20.5,0.0,0.0,0.0,Summer,No Holiday,Yes,8638696,2,7
3969,25/05/2018,14,26.0,23.0,2.3,1923,3.2,2.92,0.0,0.0,Spring,No Holiday,Yes,5929232,1,5
3970,23/08/2018,11,29.9,57.0,,1992,20.4,0.88,0.1,0.0,Summer,No Holiday,Yes,4151253,1,8
3971,13/05/2018,16,19.5,65.0,2.9,857,12.7,1.97,0.0,0.0,Spring,No Holiday,Yes,12577511,2,5
3972,10/5/2018,5,11.5,80.0,0.9,974,8.1,0.0,,0.0,Spring,No Holiday,No,764396,0,5
3974,19/08/2018,19,29.7,55.0,2.5,2000,19.6,,0.0,0.0,Summer,No Holiday,Yes,11710808,2,8
3975,2/9/2018,1,22.8,59.0,1.5,2000,14.3,0.0,0.0,0.0,Autumn,No Holiday,Yes,5491512,1,9
3976,5/11/2018,17,15.7,49.0,2.0,1252,5.0,0.26,0.0,0.0,Autumn,No Holiday,Yes,8592638,2,11
3977,4/11/2018,5,6.6,73.0,0.3,1219,2.0,0.0,0.0,0.0,Autumn,No Holiday,Yes,879568,0,11
3978,3/4/2018,12,19.6,63.0,2.9,1034,12.3,0.68,0.0,0.0,Spring,No Holiday,Yes,5788681,1,4
3979,28/01/2018,9,-7.8,41.0,1.8,1923,-18.7,,0.0,0.0,Winter,No Holiday,Yes,1426991,0,1
3980,10/6/2018,16,24.8,51.0,1.6,2000,13.9,1.17,0.0,0.0,Summer,No Holiday,Yes,11947336,2,6
3981,14/08/2018,8,29.3,63.0,0.9,1810,21.5,0.76,0.0,0.0,Summer,No Holiday,Yes,9217989,2,8
3982,21/07/2018,15,36.5,35.0,3.0,1355,18.5,2.71,0.0,0.0,Summer,No Holiday,Yes,4650295,1,7
3983,18/03/2018,17,11.1,42.0,2.2,765,-1.3,0.34,0.0,0.0,Spring,No Holiday,Yes,3985136,1,3
3984,23/02/2018,3,0.9,97.0,1.2,243,0.4,0.0,3.7,4.1,Winter,No Holiday,Yes,326741,0,2
3985,28/12/2017,19,-0.4,62.0,0.9,1103,-6.8,0.0,0.0,0.0,Winter,No Holiday,Yes,2554043,1,12
3986,9/8/2018,5,27.8,82.0,1.0,1599,24.4,0.0,0.0,0.0,Summer,No Holiday,Yes,2273324,1,8
3987,20/09/2018,0,20.1,58.0,0.3,2000,11.5,0.0,,0.0,Autumn,No Holiday,Yes,4996677,1,9
3988,29/11/2018,11,5.2,26.0,0.5,1471,-12.7,0.64,0.0,0.0,Autumn,No Holiday,Yes,3351394,1,11
3989,24/06/2018,3,20.6,91.0,0.8,194,19.0,0.0,0.0,0.0,Summer,No Holiday,Yes,3870510,1,6
3990,20/07/2018,20,30.9,51.0,2.2,2000,19.5,,0.0,0.0,Summer,No Holiday,Yes,11115617,2,7
3991,30/10/2018,22,7.6,50.0,1.8,2000,-2.1,0.0,0.0,0.0,Autumn,No Holiday,Yes,5418860,1,10
3992,21/12/2017,13,,42.0,1.8,1349,-8.5,1.08,0.0,1.8,Winter,No Holiday,Yes,2072239,1,12
3993,21/04/2018,2,14.7,63.0,1.8,611,7.7,0.0,0.0,0.0,Spring,No Holiday,Yes,3240579,1,4
3994,1/12/2017,6,-6.6,35.0,1.3,2000,-19.5,0.0,0.0,0.0,Winter,No Holiday,Yes,1903604,0,12
3995,24/11/2018,5,3.2,27.0,1.6,2000,-14.0,,0.0,0.0,Autumn,No Holiday,Yes,708162,0,11
3996,2/12/2017,6,-4.3,82.0,2.1,1178,-6.9,0.0,0.0,0.0,Winter,No Holiday,Yes,845422,0,12
3997,27/08/2018,3,20.3,97.0,0.4,200,19.8,0.0,1.5,0.0,Summer,No Holiday,Yes,418626,0,8
3998,12/2/2018,23,-4.4,58.0,2.4,2000,-11.4,0.0,0.0,0.0,Winter,No Holiday,Yes,828593,0,2
3999,3/12/2017,19,5.7,85.0,1.7,309,3.3,0.0,0.0,0.0,Winter,No Holiday,Yes,2464115,1,12
4000,7/9/2018,9,21.3,63.0,2.7,1969,13.9,1.15,0.0,0.0,Autumn,No Holiday,Yes,6693780,2,9
4001,25/10/2018,13,19.4,32.0,1.1,1787,2.2,2.31,0.0,0.0,Autumn,No Holiday,Yes,6627022,2,10
4002,10/2/2018,21,-5.6,28.0,4.1,2000,-21.2,0.0,0.0,0.0,Winter,No Holiday,Yes,776729,0,2
4003,9/2/2018,15,5.0,24.0,1.0,1037,-13.9,1.16,0.0,0.0,Winter,No Holiday,Yes,1791873,1,2
4004,7/8/2018,23,29.5,78.0,1.4,1469,25.2,0.0,0.0,0.0,Summer,No Holiday,Yes,6913469,2,8
4005,5/10/2018,16,17.1,97.0,1.7,382,16.6,0.15,6.0,0.0,Autumn,No Holiday,Yes,448615,0,10
4006,31/03/2018,0,11.7,77.0,1.3,588,7.7,0.0,0.0,0.0,Spring,No Holiday,Yes,3853765,1,3
4007,7/10/2018,18,17.9,29.0,2.8,2000,-0.4,0.16,0.0,0.0,Autumn,No Holiday,Yes,10623421,2,10
4008,7/2/2018,1,-12.3,47.0,1.9,1837,-21.3,0.0,0.0,0.0,Winter,No Holiday,Yes,701852,0,2
4009,27/02/2018,17,6.8,57.0,1.0,623,-1.1,0.16,0.0,0.0,Winter,No Holiday,Yes,2887456,1,2
4010,8/1/2018,0,0.9,42.0,1.1,1271,-10.5,0.0,0.0,0.0,Winter,No Holiday,Yes,1654379,0,1
4011,6/9/2018,21,24.6,70.0,2.5,2000,18.7,0.0,0.0,0.0,Autumn,No Holiday,Yes,10590954,2,9
4012,1/3/2018,4,1.6,97.0,1.1,636,1.1,0.0,0.0,0.0,Spring,Holiday,Yes,348094,0,3
4013,21/07/2018,2,26.4,72.0,0.2,1766,20.9,0.0,0.0,0.0,Summer,No Holiday,Yes,4254209,1,7
4014,18/12/2017,1,-5.3,48.0,0.4,1664,-14.6,0.0,0.0,0.0,Winter,No Holiday,Yes,752000,0,12
4015,26/01/2018,13,-13.3,28.0,2.7,1889,-27.9,,0.0,0.5,Winter,No Holiday,Yes,910218,0,1
4016,20/02/2018,23,-0.5,26.0,3.3,2000,-17.7,0.0,0.0,0.0,Winter,No Holiday,Yes,1979070,1,2
4017,17/08/2018,18,32.5,28.0,1.4,2000,11.6,1.06,0.0,0.0,Summer,No Holiday,Yes,15185658,2,8
4018,27/12/2017,2,-8.6,37.0,1.5,2000,-20.7,0.0,0.0,0.0,Winter,No Holiday,Yes,1342868,0,12
4019,2/7/2018,6,20.7,97.0,0.3,1262,20.2,0.0,1.0,0.0,Summer,No Holiday,Yes,867262,0,7
4020,27/06/2018,9,20.0,96.0,1.6,287,19.3,0.39,0.0,0.0,Summer,No Holiday,Yes,6826978,2,6
4021,29/06/2018,12,26.1,67.0,,758,19.4,2.15,0.0,0.0,Summer,No Holiday,Yes,6505704,2,6
4022,17/03/2018,16,13.7,28.0,2.1,1499,-4.5,,0.0,0.0,Spring,No Holiday,Yes,7518795,2,3
4023,31/01/2018,19,-2.2,36.0,2.2,2000,-15.2,0.0,0.0,1.6,Winter,No Holiday,Yes,1735067,1,1
4024,4/10/2018,20,,,3.0,0,25.6,,1.5,0.1,Autumn,No Holiday,Yes,649071,0,10
4025,9/1/2018,23,-4.9,80.0,0.7,690,-7.8,0.0,0.0,0.2,Winter,No Holiday,Yes,1200126,0,1
4026,23/07/2018,13,33.8,47.0,1.7,1887,20.9,1.57,0.0,0.0,Summer,No Holiday,Yes,4525481,1,7
4027,11/9/2018,2,18.9,52.0,1.1,2000,8.8,0.0,,0.0,Autumn,No Holiday,Yes,2701279,1,9
4028,5/8/2018,5,27.3,84.0,0.8,1067,24.3,,0.0,0.0,Summer,No Holiday,Yes,1649552,0,8
4029,12/5/2018,0,16.1,54.0,1.3,1052,6.7,0.0,0.0,0.0,Spring,No Holiday,Yes,5342130,1,5
4030,5/6/2018,19,25.5,43.0,3.1,1760,11.9,0.41,0.0,0.0,Summer,No Holiday,Yes,13122577,2,6
4031,11/4/2018,5,9.7,84.0,1.7,447,7.1,0.0,0.0,0.0,Spring,No Holiday,No,236761,0,4
4032,31/01/2018,20,-2.6,36.0,3.1,2000,-15.6,0.0,0.0,1.6,Winter,No Holiday,Yes,1639646,1,1
4033,15/04/2018,2,6.7,80.0,,1342,3.4,0.0,0.0,0.0,Spring,No Holiday,Yes,1357617,1,4
4035,5/6/2018,12,28.2,35.0,1.2,1411,11.2,3.23,0.0,0.0,Summer,No Holiday,Yes,5870238,2,6
4036,13/08/2018,8,28.0,78.0,1.1,865,23.7,0.74,0.0,0.0,Summer,No Holiday,Yes,9111831,2,8
4037,21/04/2018,16,24.8,13.0,3.3,1955,-5.5,2.5,0.0,0.0,Spring,No Holiday,Yes,10058378,2,4
4039,5/5/2018,14,23.6,34.0,3.3,1829,6.8,2.57,0.0,0.0,Spring,No Holiday,Yes,9248490,2,5
4041,18/10/2018,18,15.7,45.0,2.5,2000,3.7,0.06,0.0,0.0,Autumn,No Holiday,Yes,13687668,2,10
4043,4/11/2018,21,11.8,62.0,0.7,1030,4.7,0.0,0.0,0.0,Autumn,No Holiday,Yes,5345507,1,11
4044,1/1/2018,7,-4.7,56.0,1.1,2000,-12.1,0.0,0.0,0.0,Winter,Holiday,Yes,1097941,0,1
4045,4/5/2018,1,9.7,63.0,2.1,1610,2.9,0.0,0.0,0.0,Spring,No Holiday,Yes,3341617,1,5
4046,1/6/2018,19,26.8,35.0,1.9,2000,10.0,0.54,0.0,0.0,Summer,No Holiday,Yes,13641236,2,6
4047,3/8/2018,2,31.5,68.0,0.3,1001,24.8,0.0,0.0,0.0,Summer,No Holiday,Yes,3283453,1,8
4048,6/8/2018,5,28.3,83.0,1.7,969,25.1,0.0,0.0,0.0,Summer,No Holiday,Yes,1812107,1,8
4049,4/4/2018,6,11.7,95.0,0.7,2000,10.9,0.0,2.0,0.0,Spring,No Holiday,Yes,1593886,0,4
4050,10/6/2018,2,19.2,69.0,,2000,13.3,0.0,0.0,0.0,Summer,No Holiday,Yes,1094848,0,6
4051,8/11/2018,6,10.6,90.0,1.6,1065,9.0,0.0,1.5,0.0,Autumn,No Holiday,Yes,1562284,0,11
4052,7/10/2018,11,19.1,56.0,2.4,1802,10.1,2.15,0.0,0.0,Autumn,No Holiday,Yes,6283639,2,10
4053,13/02/2018,0,-5.0,60.0,1.8,1995,-11.5,0.0,,0.0,Winter,No Holiday,Yes,1336250,0,2
4055,29/09/2018,6,14.6,81.0,,2000,11.3,0.0,0.0,0.0,Autumn,No Holiday,Yes,1896672,1,9
4056,13/02/2018,23,2.4,59.0,3.2,2000,-4.8,0.0,0.0,0.0,Winter,No Holiday,Yes,1837371,1,2
4058,18/02/2018,3,-4.5,26.0,0.0,2000,-21.1,0.0,0.0,0.0,Winter,No Holiday,Yes,857521,0,2
4059,4/3/2018,5,8.8,96.0,1.2,196,8.1,0.0,0.0,0.0,Spring,No Holiday,Yes,1035303,0,3
4060,20/11/2018,15,11.9,18.0,3.3,1848,-11.7,1.32,0.0,0.0,Autumn,No Holiday,Yes,5023817,1,11
4061,29/09/2018,0,16.6,69.0,1.0,2000,10.8,0.0,0.0,0.0,Autumn,No Holiday,Yes,5192949,1,9
4062,14/04/2018,7,8.2,88.0,0.7,607,6.3,0.01,2.0,0.0,Spring,No Holiday,Yes,694727,0,4
4063,17/11/2018,16,8.3,35.0,2.1,1987,-6.2,0.37,0.0,0.0,Autumn,No Holiday,Yes,5753229,1,11
4064,11/4/2018,14,,28.0,3.4,1804,-2.1,3.16,0.0,0.0,Spring,No Holiday,No,300676,0,4
4065,21/03/2018,15,2.2,85.0,1.3,2000,0.0,0.41,0.5,0.0,Spring,No Holiday,Yes,1758415,0,3
4066,23/08/2018,3,29.7,52.0,1.4,2000,18.7,0.0,0.0,0.0,Summer,No Holiday,Yes,2201297,1,8
4067,1/8/2018,14,38.7,38.0,2.4,1943,21.8,3.12,0.0,0.0,Summer,No Holiday,Yes,2779247,1,8
4068,25/04/2018,21,15.9,35.0,1.4,1999,0.4,0.0,0.0,0.0,Spring,No Holiday,Yes,8863270,2,4
4069,13/02/2018,11,-0.3,40.0,3.4,1728,-12.2,1.73,0.0,0.0,Winter,No Holiday,Yes,1943350,1,2
4070,10/7/2018,13,,77.0,1.2,1951,20.8,1.06,0.0,0.0,Summer,No Holiday,Yes,6412587,2,7
4071,8/11/2018,8,10.6,89.0,1.5,689,8.8,0.02,0.0,0.0,Autumn,No Holiday,Yes,1627962,0,11
4072,25/07/2018,23,28.0,77.0,1.9,1346,23.5,0.0,0.0,0.0,Summer,No Holiday,Yes,7000542,2,7
4073,6/6/2018,13,27.3,52.0,3.1,613,16.5,3.21,0.0,0.0,Summer,Holiday,Yes,7950013,2,6
4074,24/06/2018,19,27.8,41.0,2.7,1990,13.3,0.45,0.0,0.0,Summer,No Holiday,Yes,11360928,2,6
4075,22/10/2018,17,18.9,35.0,1.7,720,3.0,0.41,0.0,0.0,Autumn,No Holiday,Yes,10069737,2,10
4076,1/5/2018,13,23.0,63.0,3.1,494,15.5,1.92,0.0,0.0,Spring,Holiday,Yes,8054433,2,5
4077,1/7/2018,15,21.8,97.0,0.7,324,21.2,0.14,5.5,0.0,Summer,No Holiday,Yes,996920,0,7
4078,22/03/2018,17,9.6,38.0,3.2,1606,-4.0,1.35,0.0,0.0,Spring,No Holiday,Yes,5492304,1,3
4079,4/1/2018,5,-7.6,49.0,1.3,2000,-16.4,0.0,0.0,0.0,Winter,No Holiday,Yes,1095725,0,1
4080,2/12/2017,20,4.6,51.0,1.2,1585,-4.6,0.0,0.0,0.0,Winter,No Holiday,Yes,2648571,1,12
4081,18/04/2018,5,6.7,50.0,1.6,1774,-3.0,0.0,0.0,0.0,Spring,No Holiday,Yes,1236528,0,4
4082,23/02/2018,1,0.6,96.0,2.1,118,0.0,,0.0,4.0,Winter,No Holiday,Yes,983693,0,2
4083,14/09/2018,11,24.0,64.0,1.3,2000,16.7,0.95,0.0,0.0,Autumn,No Holiday,Yes,5757044,1,9
4084,7/1/2018,12,1.1,34.0,0.9,1455,-13.0,0.6,0.0,0.0,Winter,No Holiday,Yes,2282706,1,1
4085,23/03/2018,23,5.0,42.0,1.7,717,-6.8,0.0,0.0,0.0,Spring,No Holiday,Yes,2960619,1,3
4086,26/02/2018,21,3.3,36.0,1.4,1110,-10.3,0.0,0.0,0.0,Winter,No Holiday,Yes,2768428,1,2
4087,29/10/2018,18,9.4,51.0,3.4,2000,-0.2,0.02,0.0,0.0,Autumn,No Holiday,Yes,10454949,2,10
4088,23/11/2018,11,4.3,25.0,2.0,1958,-14.0,1.56,0.0,0.0,Autumn,No Holiday,Yes,4117647,1,11
4089,5/4/2018,13,7.7,95.0,1.9,442,6.9,0.4,0.0,0.0,Spring,No Holiday,Yes,750612,0,4
4090,21/10/2018,4,8.8,71.0,0.9,1516,3.8,0.0,0.0,0.0,Autumn,No Holiday,Yes,1894298,0,10
4092,11/8/2018,4,27.4,69.0,1.0,2000,21.2,0.0,0.0,0.0,Summer,No Holiday,Yes,2058687,1,8
4093,18/11/2018,1,3.2,54.0,1.2,1968,-5.2,0.0,0.0,0.0,Autumn,No Holiday,Yes,2566082,1,11
4095,7/6/2018,5,17.8,91.0,2.2,393,16.3,,0.0,0.0,Summer,No Holiday,Yes,1761844,1,6
4096,27/04/2018,4,10.2,65.0,1.5,970,3.9,0.0,0.0,0.0,Spring,No Holiday,Yes,862132,0,4
4097,23/11/2018,23,2.1,32.0,1.5,1998,-12.9,0.0,0.0,0.0,Autumn,No Holiday,Yes,3094849,1,11
4098,23/03/2018,6,2.3,80.0,0.7,546,-0.8,0.0,,0.0,Spring,No Holiday,Yes,1379740,1,3
4099,30/12/2017,7,-0.7,79.0,0.7,259,-3.8,0.0,0.0,0.0,Winter,No Holiday,Yes,1422458,0,12
4100,5/2/2018,19,-8.3,29.0,4.1,2000,-23.2,0.0,0.0,0.0,Winter,No Holiday,Yes,1977621,1,2
4101,8/2/2018,9,-8.5,55.0,1.0,1482,-15.9,0.4,0.0,0.0,Winter,No Holiday,Yes,1530277,1,2
4102,18/06/2018,7,20.6,76.0,0.5,786,16.2,0.3,0.0,0.0,Summer,No Holiday,Yes,8548172,2,6
4103,7/12/2017,6,1.0,93.0,0.5,148,0.0,0.0,0.0,0.9,Winter,No Holiday,Yes,1490624,0,12
4104,3/10/2018,15,24.1,34.0,2.0,1996,7.2,2.14,0.0,0.0,Autumn,Holiday,Yes,11658720,2,10
4105,11/2/2018,3,-7.2,43.0,2.0,2000,-17.6,0.0,0.0,0.0,Winter,No Holiday,Yes,1232339,0,2
4106,9/12/2017,20,0.8,51.0,1.4,1848,-8.2,0.0,0.0,0.0,Winter,No Holiday,Yes,1884382,1,12
4107,28/04/2018,14,21.3,25.0,3.8,1884,0.4,3.22,0.0,0.0,Spring,No Holiday,Yes,8421665,2,4
4108,1/5/2018,1,18.3,83.0,1.1,451,15.3,0.0,0.0,0.0,Spring,Holiday,Yes,4111951,1,5
4109,10/11/2018,11,13.8,63.0,2.2,416,6.8,1.32,0.0,0.0,Autumn,No Holiday,Yes,4548140,1,11
4110,14/09/2018,22,,73.0,2.1,1541,18.8,0.0,0.0,0.0,Autumn,No Holiday,Yes,3191425,1,9
4111,31/12/2017,13,2.5,36.0,3.7,1578,-11.0,1.15,0.0,0.7,Winter,Holiday,Yes,1854950,1,12
4112,12/7/2018,20,26.9,80.0,1.5,1806,23.1,,0.0,0.0,Summer,No Holiday,Yes,12302678,2,7
4113,2/12/2017,15,7.6,41.0,2.3,1953,-4.8,0.74,0.0,0.0,Winter,No Holiday,Yes,3416205,1,12
4115,21/12/2017,8,-5.6,89.0,0.9,371,-7.1,0.0,0.0,2.2,Winter,No Holiday,Yes,2880952,1,12
4117,9/5/2018,3,10.5,59.0,1.0,2000,2.8,,0.0,0.0,Spring,No Holiday,Yes,1659143,1,5
4118,4/9/2018,9,,81.0,2.3,1669,18.1,1.2,0.0,0.0,Autumn,No Holiday,Yes,5716179,2,9
4119,13/02/2018,8,-7.1,68.0,0.6,1931,-12.0,0.03,0.0,0.0,Winter,No Holiday,Yes,3399838,1,2
4120,26/03/2018,14,17.4,39.0,2.9,520,3.2,2.7,0.0,0.0,Spring,No Holiday,Yes,3541894,1,3
4121,12/9/2018,13,26.8,45.0,1.8,1984,13.8,2.6,0.0,0.0,Autumn,No Holiday,Yes,6303732,2,9
4122,2/11/2018,6,4.5,77.0,1.0,1410,0.8,0.0,0.0,0.0,Autumn,No Holiday,Yes,2413233,1,11
4123,25/09/2018,20,19.3,45.0,,2000,7.0,0.0,0.0,0.0,Autumn,Holiday,Yes,8840504,2,9
4124,25/04/2018,23,14.0,45.0,0.6,1901,2.2,0.0,0.0,0.0,Spring,No Holiday,Yes,5381556,1,4
4125,24/07/2018,20,31.1,63.0,2.0,1542,23.2,,0.0,0.0,Summer,No Holiday,Yes,9711372,2,7
4127,3/5/2018,9,12.8,52.0,3.9,1614,3.1,1.65,0.0,0.0,Spring,No Holiday,Yes,5668161,2,5
4128,22/01/2018,0,-0.2,30.0,0.4,2000,-15.7,0.0,0.0,0.0,Winter,No Holiday,Yes,1399346,0,1
4129,8/3/2018,0,5.2,83.0,1.5,733,2.5,0.0,0.5,0.0,Spring,No Holiday,Yes,555370,0,3
4130,4/9/2018,17,27.6,47.0,3.3,2000,15.2,1.49,0.0,0.0,Autumn,No Holiday,Yes,10702464,2,9
4131,7/5/2018,4,14.4,85.0,0.8,1437,11.9,0.0,0.0,0.0,Spring,No Holiday,Yes,1171637,0,5
4132,25/03/2018,10,8.4,65.0,1.8,229,2.1,1.67,0.0,0.0,Spring,No Holiday,Yes,2749538,1,3
4133,17/05/2018,4,19.2,98.0,2.4,1965,18.8,0.0,19.0,0.0,Spring,No Holiday,Yes,475747,0,5
4134,23/10/2018,21,12.6,70.0,1.2,1425,7.2,,0.0,0.0,Autumn,No Holiday,Yes,8254995,2,10
4135,19/01/2018,5,-1.4,47.0,1.4,1301,-11.2,0.0,0.0,0.0,Winter,No Holiday,Yes,1000310,0,1
4136,16/11/2018,16,11.8,66.0,3.0,687,5.6,,0.0,0.0,Autumn,No Holiday,Yes,5951486,2,11
4137,15/02/2018,19,0.1,21.0,2.9,2000,-19.7,0.0,0.0,0.0,Winter,Holiday,Yes,1593362,0,2
4138,1/1/2018,3,-4.0,44.0,1.0,2000,-14.4,0.0,0.0,0.0,Winter,Holiday,Yes,1260966,0,1
4139,19/06/2018,12,25.8,48.0,1.5,1487,13.9,2.31,0.0,0.0,Summer,No Holiday,Yes,6820921,2,6
4140,22/02/2018,20,3.0,62.0,2.4,975,-3.5,0.0,0.0,0.0,Winter,No Holiday,Yes,1771284,1,2
4141,30/12/2017,12,,64.0,0.8,258,-2.9,0.47,0.0,0.0,Winter,No Holiday,Yes,2202715,1,12
4142,8/5/2018,6,14.8,64.0,1.5,2000,8.0,0.02,,0.0,Spring,No Holiday,Yes,3522454,1,5
4144,19/08/2018,18,,41.0,1.9,2000,17.3,0.62,0.0,0.0,Summer,No Holiday,Yes,10066126,2,8
4145,6/5/2018,7,15.1,97.0,0.5,311,14.6,0.03,2.5,0.0,Spring,No Holiday,Yes,257196,0,5
4146,18/11/2018,21,7.1,52.0,0.8,1516,-2.1,0.0,0.0,0.0,Autumn,No Holiday,Yes,3676224,1,11
4147,29/10/2018,11,11.0,46.0,2.6,1946,-0.1,1.97,0.0,0.0,Autumn,No Holiday,Yes,4269435,1,10
4148,25/11/2018,4,2.4,89.0,0.7,321,0.7,0.0,0.0,2.6,Autumn,No Holiday,Yes,1105004,0,11
4149,4/1/2018,10,-6.4,43.0,1.0,1872,-16.9,0.43,0.0,0.0,Winter,No Holiday,Yes,1229127,1,1
4150,4/12/2017,3,3.6,85.0,2.3,206,1.3,0.0,0.0,0.0,Winter,No Holiday,Yes,851084,0,12
4151,5/1/2018,14,1.4,41.0,2.0,1003,-10.4,0.99,0.0,0.0,Winter,No Holiday,Yes,2150613,1,1
4152,14/07/2018,10,27.8,68.0,2.1,1490,21.3,1.29,0.0,0.0,Summer,No Holiday,Yes,5250303,1,7
4153,19/05/2018,13,21.9,39.0,2.0,2000,7.3,3.52,0.0,0.0,Spring,No Holiday,Yes,10329012,2,5
4155,16/10/2018,5,10.2,70.0,1.5,1519,4.9,0.0,0.0,0.0,Autumn,No Holiday,Yes,1141438,1,10
4156,6/5/2018,21,16.8,79.0,0.6,2000,13.1,0.0,0.0,0.0,Spring,No Holiday,Yes,8329320,2,5
4157,21/04/2018,7,12.5,68.0,1.1,457,6.7,0.22,0.0,0.0,Spring,No Holiday,Yes,2217626,1,4
4158,20/08/2018,17,32.1,44.0,2.6,1731,18.3,0.6,0.0,0.0,Summer,No Holiday,Yes,9484170,2,8
4159,22/11/2018,5,,39.0,0.8,2000,-12.6,0.0,,0.0,Autumn,No Holiday,Yes,1523912,0,11
4160,22/02/2018,9,-1.9,51.0,0.9,1654,-10.7,0.58,0.0,0.0,Winter,No Holiday,Yes,2691473,1,2
4161,17/06/2018,23,21.7,74.0,1.4,920,16.8,0.0,,0.0,Summer,No Holiday,Yes,7385445,2,6
4163,9/12/2017,18,2.5,41.0,1.0,1974,-9.4,0.0,0.0,0.0,Winter,No Holiday,Yes,2040398,1,12
4164,18/12/2017,9,-4.3,89.0,1.0,59,-5.8,,1.6,4.0,Winter,No Holiday,Yes,953532,0,12
4165,18/08/2018,20,27.6,46.0,1.2,2000,14.9,,0.0,0.0,Summer,No Holiday,Yes,10763632,2,8
4166,4/12/2017,17,-1.3,26.0,5.3,2000,-18.3,0.18,0.0,0.0,Winter,No Holiday,Yes,2825237,1,12
4167,5/10/2018,17,16.9,97.0,,728,16.4,0.08,5.5,0.0,Autumn,No Holiday,Yes,1249290,0,10
4168,22/03/2018,17,9.6,38.0,3.2,1606,-4.0,1.35,0.0,0.0,Spring,No Holiday,Yes,5492304,1,3
4169,17/08/2018,8,23.5,44.0,1.7,1944,10.5,0.98,0.0,0.0,Summer,No Holiday,Yes,10382490,2,8
4170,20/02/2018,8,-2.1,71.0,1.7,610,-6.6,0.06,0.0,0.0,Winter,No Holiday,Yes,4123631,1,2
4171,30/07/2018,16,36.4,40.0,1.1,2000,20.6,1.79,0.0,0.0,Summer,No Holiday,Yes,4852113,1,7
4172,23/11/2018,22,2.0,30.0,1.3,1995,-13.8,0.0,0.0,0.0,Autumn,No Holiday,Yes,4123512,1,11
4173,15/01/2018,4,,,4.3,1930,-9.1,,0.2,0.3,Winter,No Holiday,Yes,5837640,2,1
4176,21/05/2018,20,18.4,59.0,2.6,1476,10.2,,0.0,0.0,Spring,No Holiday,Yes,11232925,2,5
4177,27/06/2018,17,25.1,70.0,2.2,796,19.2,0.48,0.0,0.0,Summer,No Holiday,Yes,11212967,2,6
4178,3/3/2018,17,15.0,22.0,2.5,1946,-6.5,0.96,0.0,0.0,Spring,No Holiday,Yes,6067968,2,3
4179,14/10/2018,16,19.1,31.0,2.1,1960,1.5,1.27,0.0,0.0,Autumn,No Holiday,Yes,11075207,2,10
4180,7/8/2018,11,31.4,59.0,0.8,2000,22.4,,0.0,0.0,Summer,No Holiday,Yes,3826257,1,8
4181,7/9/2018,11,,51.0,3.5,1970,13.0,2.62,0.0,0.0,Autumn,No Holiday,Yes,5139178,1,9
4182,9/9/2018,14,28.2,29.0,2.0,2000,8.4,3.09,,0.0,Autumn,No Holiday,Yes,8862481,2,9
4184,8/9/2018,16,27.7,32.0,1.4,2000,9.4,2.05,0.0,0.0,Autumn,No Holiday,Yes,10161967,2,9
4186,24/06/2018,5,20.3,87.0,1.0,251,18.0,,0.0,0.0,Summer,No Holiday,Yes,1743789,1,6
4187,17/02/2018,13,-0.4,15.0,2.4,1938,-23.9,2.46,0.0,0.0,Winter,Holiday,Yes,1121681,0,2
4188,9/9/2018,16,27.1,35.0,0.9,2000,10.3,1.27,0.0,0.0,Autumn,No Holiday,Yes,12192334,2,9
4189,9/8/2018,10,30.4,63.0,1.8,1883,22.5,1.32,0.0,0.0,Summer,No Holiday,Yes,3505031,1,8
4190,17/03/2018,12,10.0,38.0,1.5,1677,-3.6,2.51,0.0,0.0,Spring,No Holiday,Yes,5307915,1,3
4191,25/06/2018,13,31.2,36.0,2.0,1022,14.3,2.91,0.0,0.0,Summer,No Holiday,Yes,6142987,1,6
4192,14/10/2018,14,18.9,31.0,2.6,1936,1.3,2.37,0.0,0.0,Autumn,No Holiday,Yes,10263652,2,10
4193,15/07/2018,10,28.5,66.0,1.7,1319,21.5,1.83,0.0,0.0,Summer,No Holiday,Yes,3773516,1,7
4194,24/10/2018,13,17.2,43.0,2.3,1835,4.4,1.68,0.0,0.0,Autumn,No Holiday,Yes,6259860,2,10
4195,17/06/2018,10,23.0,66.0,1.1,516,16.2,0.83,0.0,0.0,Summer,No Holiday,Yes,4865724,1,6
4196,26/01/2018,15,-11.4,27.0,3.3,1805,-26.7,0.0,0.0,0.4,Winter,No Holiday,Yes,1415919,0,1
4197,27/06/2018,15,25.5,68.0,2.4,638,19.1,1.61,0.0,0.0,Summer,No Holiday,Yes,6956872,2,6
4198,17/12/2017,21,-6.5,45.0,0.7,2000,-16.4,0.0,0.0,0.0,Winter,No Holiday,Yes,1014891,0,12
4199,9/3/2018,22,2.9,69.0,1.2,1179,-2.2,0.0,0.0,0.0,Spring,No Holiday,Yes,3436784,1,3
4200,24/05/2018,4,11.7,64.0,1.6,1578,5.1,0.0,0.0,0.0,Spring,No Holiday,Yes,1071507,0,5
4202,12/2/2018,16,-2.4,33.0,4.5,1815,-16.5,1.55,0.0,0.0,Winter,No Holiday,Yes,1743102,1,2
4203,27/08/2018,13,22.9,92.0,1.2,459,21.5,1.09,0.5,0.0,Summer,No Holiday,Yes,1077896,0,8
4204,12/11/2018,10,8.3,50.0,1.1,1364,-1.5,1.23,0.0,0.0,Autumn,No Holiday,Yes,4241380,1,11
4205,29/09/2018,15,26.5,33.0,1.4,2000,8.9,2.25,0.0,0.0,Autumn,No Holiday,Yes,11294451,2,9
4206,21/03/2018,16,2.4,79.0,1.9,1995,-0.8,0.37,0.0,0.0,Spring,No Holiday,Yes,1570269,1,3
4207,30/09/2018,1,17.5,66.0,0.5,2000,11.0,0.0,0.0,0.0,Autumn,No Holiday,No,994171,0,9
4208,30/09/2018,19,17.1,35.0,2.9,2000,1.4,,0.0,0.0,Autumn,No Holiday,No,591662,0,9
4209,22/07/2018,1,27.3,60.0,,2000,18.8,0.0,0.0,0.0,Summer,No Holiday,Yes,4796144,1,7
4210,29/06/2018,0,21.9,95.0,1.9,357,21.0,0.0,0.0,0.0,Summer,No Holiday,Yes,3201995,1,6
4212,16/06/2018,14,27.1,40.0,1.8,1779,12.3,3.26,0.0,0.0,Summer,No Holiday,Yes,10123868,2,6
4213,30/12/2017,4,-1.1,83.0,0.7,242,-3.6,0.0,0.0,0.0,Winter,No Holiday,Yes,521676,0,12
4214,22/03/2018,20,5.1,56.0,2.0,899,-2.9,0.0,0.0,0.0,Spring,No Holiday,Yes,4390965,1,3
4215,28/02/2018,10,6.5,53.0,2.0,518,-2.4,0.21,0.0,0.0,Winter,No Holiday,Yes,1903488,1,2
4216,18/06/2018,6,20.0,78.0,0.4,752,16.0,0.05,0.0,0.0,Summer,No Holiday,Yes,4819563,1,6
4217,26/05/2018,21,21.7,58.0,1.3,1173,13.0,0.0,0.0,0.0,Spring,No Holiday,Yes,9841777,2,5
4218,26/09/2018,20,20.0,46.0,2.0,2000,8.0,0.0,0.0,0.0,Autumn,No Holiday,Yes,9428479,2,9
4219,15/08/2018,15,37.4,38.0,1.4,2000,20.6,1.72,0.0,0.0,Summer,Holiday,Yes,4105443,1,8
4221,1/6/2018,21,23.5,44.0,1.6,2000,10.5,0.0,0.0,0.0,Summer,No Holiday,Yes,11184782,2,6
4222,25/02/2018,15,7.5,21.0,2.7,1900,-13.4,2.22,0.0,0.0,Winter,No Holiday,Yes,4018466,1,2
4223,1/8/2018,21,33.3,64.0,3.0,1680,25.5,0.0,0.0,0.0,Summer,No Holiday,Yes,7837907,2,8
4224,26/01/2018,20,-13.7,35.0,1.7,1878,-25.9,0.0,0.0,0.3,Winter,No Holiday,Yes,1198405,0,1
4225,6/6/2018,12,27.3,51.0,2.8,703,16.2,3.16,,0.0,Summer,Holiday,Yes,6909686,2,6
4227,27/05/2018,18,23.0,36.0,2.8,1904,7.1,0.85,0.0,0.0,Spring,No Holiday,Yes,12854144,2,5
4228,24/12/2017,19,1.1,68.0,4.4,695,-4.1,0.0,0.0,0.0,Winter,Holiday,Yes,1122793,0,12
4229,29/08/2018,17,24.6,93.0,0.9,1451,23.3,0.0,1.5,0.0,Summer,No Holiday,Yes,1531029,0,8
4230,25/02/2018,7,-1.0,47.0,0.9,1552,-10.9,0.0,0.0,0.0,Winter,No Holiday,Yes,1107926,0,2
4231,25/03/2018,19,12.6,59.0,2.5,384,4.7,0.08,0.0,0.0,Spring,No Holiday,Yes,3679210,1,3
4232,1/3/2018,14,1.2,36.0,6.0,1430,-12.2,,0.0,0.0,Spring,Holiday,Yes,2846818,1,3
4233,3/5/2018,11,14.7,45.0,3.0,1799,2.8,1.68,0.0,0.0,Spring,No Holiday,Yes,4930755,1,5
4234,5/10/2018,0,19.0,64.0,1.9,2000,12.0,,0.0,0.0,Autumn,No Holiday,Yes,5207198,1,10
4235,26/05/2018,11,24.8,34.0,0.9,1439,7.8,2.92,0.0,0.0,Spring,No Holiday,Yes,5942975,2,5
4236,11/1/2018,4,-11.5,57.0,2.3,1899,-18.3,0.0,0.0,0.0,Winter,No Holiday,Yes,333140,0,1
4237,29/07/2018,0,28.4,70.0,,1945,22.3,0.0,0.0,0.0,Summer,No Holiday,Yes,5510205,1,7
4238,30/08/2018,22,24.6,71.0,1.5,1319,18.9,0.0,0.0,0.0,Summer,No Holiday,Yes,8149432,2,8
4239,20/03/2018,9,5.7,38.0,3.9,1985,-7.5,0.98,0.0,0.0,Spring,No Holiday,Yes,3689349,1,3
4240,24/09/2018,19,18.6,54.0,2.7,2000,9.0,,0.0,0.0,Autumn,Holiday,Yes,6866122,2,9
4241,18/06/2018,13,29.4,42.0,1.7,689,15.1,3.1,0.0,0.0,Summer,No Holiday,Yes,4826997,1,6
4242,30/03/2018,22,12.7,76.0,1.5,521,8.5,,0.0,0.0,Spring,No Holiday,Yes,5671433,1,3
4243,15/05/2018,17,28.5,43.0,1.7,1404,14.6,1.06,0.0,0.0,Spring,No Holiday,Yes,11095544,2,5
4244,21/02/2018,6,-4.0,34.0,3.4,2000,-17.5,0.0,0.0,0.0,Winter,No Holiday,Yes,972676,0,2
4245,29/07/2018,4,27.0,74.0,0.8,1816,21.9,0.0,0.0,0.0,Summer,No Holiday,Yes,1730470,1,7
4247,17/11/2018,6,1.0,77.0,,1259,-2.5,0.0,0.0,0.0,Autumn,No Holiday,Yes,1465194,0,11
4248,11/8/2018,3,27.9,69.0,0.8,2000,21.6,0.0,0.0,0.0,Summer,No Holiday,Yes,3107521,1,8
4249,26/05/2018,21,21.7,58.0,1.3,1173,13.0,0.0,0.0,0.0,Spring,No Holiday,Yes,9841777,2,5
4251,28/01/2018,0,-7.5,36.0,2.3,1972,-20.0,0.0,0.0,0.0,Winter,No Holiday,Yes,789512,0,1
4252,30/08/2018,8,,96.0,1.0,883,23.9,0.19,0.0,0.0,Summer,No Holiday,Yes,7433506,2,8
4253,24/10/2018,20,13.1,63.0,0.4,2000,6.2,,0.0,0.0,Autumn,No Holiday,Yes,8982770,2,10
4255,15/03/2018,19,10.4,98.0,2.0,391,10.0,0.0,0.0,0.0,Spring,No Holiday,Yes,3399484,1,3
4256,15/10/2018,7,11.5,81.0,0.8,960,8.3,0.0,0.0,0.0,Autumn,No Holiday,Yes,7454645,2,10
4257,21/08/2018,15,29.5,57.0,2.0,2000,20.0,,0.0,0.0,Summer,No Holiday,Yes,5881613,1,8
4258,15/08/2018,7,28.6,71.0,0.6,1797,22.8,,0.0,0.0,Summer,Holiday,Yes,2407972,1,8
4259,3/5/2018,7,8.4,83.0,1.4,1400,5.6,0.31,0.0,0.0,Spring,No Holiday,Yes,6377972,2,5
4261,13/06/2018,16,25.8,50.0,1.7,1152,14.5,,0.0,0.0,Summer,No Holiday,Yes,13247693,2,6
4262,13/10/2018,20,13.8,52.0,1.6,1088,4.0,0.0,0.0,0.0,Autumn,No Holiday,Yes,7533416,2,10
4263,27/12/2017,18,-5.2,32.0,2.2,2000,-19.3,0.0,0.0,0.0,Winter,No Holiday,Yes,3191131,1,12
4264,6/8/2018,0,28.7,79.0,2.2,1473,24.6,0.0,0.0,0.0,Summer,No Holiday,Yes,4130101,1,8
4265,10/6/2018,11,,56.0,1.5,1989,12.1,1.18,0.0,0.0,Summer,No Holiday,Yes,6234841,2,6
4266,12/10/2018,17,16.3,39.0,1.7,1969,2.3,0.8,0.0,0.0,Autumn,No Holiday,Yes,10442407,2,10
4268,12/1/2018,18,-7.5,28.0,2.0,2000,-22.9,0.02,0.0,0.0,Winter,No Holiday,Yes,2602292,1,1
4269,30/05/2018,8,19.3,83.0,0.6,394,16.3,0.23,0.0,0.0,Spring,No Holiday,Yes,10522256,2,5
4270,24/03/2018,17,11.1,66.0,4.2,367,4.9,,0.0,0.0,Spring,No Holiday,Yes,5587564,1,3
4271,19/11/2018,12,10.3,38.0,1.2,1130,-3.4,1.08,0.0,0.0,Autumn,No Holiday,Yes,5011271,1,11
4272,26/11/2018,7,1.7,89.0,1.3,295,0.0,0.0,0.0,0.3,Autumn,No Holiday,Yes,4365673,1,11
4273,28/03/2018,8,10.3,77.0,0.7,341,6.4,0.37,0.0,0.0,Spring,No Holiday,Yes,7234566,2,3
4274,31/08/2018,8,23.1,80.0,0.2,1066,19.4,0.27,0.1,0.0,Summer,No Holiday,Yes,9345894,2,8
4275,19/08/2018,15,33.8,31.0,1.6,2000,14.3,2.45,0.0,0.0,Summer,No Holiday,Yes,6667528,2,8
4276,2/6/2018,11,27.3,35.0,2.3,1537,10.4,2.98,0.0,0.0,Summer,No Holiday,Yes,6437154,2,6
4277,2/10/2018,11,18.3,44.0,3.0,1878,5.8,2.35,0.0,0.0,Autumn,No Holiday,No,455750,0,10
4279,17/05/2018,7,19.1,98.0,0.3,125,18.7,0.0,0.0,0.0,Spring,No Holiday,Yes,592262,0,5
4281,22/02/2018,0,-2.7,58.0,1.7,2000,-9.8,,0.0,0.0,Winter,No Holiday,Yes,1591366,0,2
4282,8/6/2018,9,21.2,62.0,1.7,1384,13.6,1.45,0.0,0.0,Summer,No Holiday,Yes,6823874,2,6
4283,12/9/2018,21,23.2,57.0,1.1,2000,14.2,0.0,0.0,0.0,Autumn,No Holiday,Yes,10673562,2,9
4284,12/5/2018,18,15.4,97.0,,340,14.9,0.03,2.0,0.0,Spring,No Holiday,Yes,748322,0,5
4285,14/02/2018,11,6.3,67.0,3.5,1179,0.6,0.52,0.0,0.0,Winter,No Holiday,Yes,2164544,1,2
4286,4/1/2018,16,-1.4,34.0,1.8,1719,-15.2,0.3,0.0,0.0,Winter,No Holiday,Yes,1795865,1,1
4287,6/7/2018,6,22.4,65.0,1.6,2000,15.4,0.01,0.0,0.0,Summer,No Holiday,Yes,4079777,1,7
4288,24/04/2018,18,14.1,43.0,1.6,2000,1.6,0.36,0.0,0.0,Spring,No Holiday,Yes,12006821,2,4
4289,11/1/2018,21,-12.4,51.0,,1992,-20.4,0.0,0.0,0.0,Winter,No Holiday,Yes,1187004,0,1
4290,8/4/2018,14,7.9,27.0,1.0,1985,-9.9,0.75,0.0,0.0,Spring,No Holiday,Yes,4624071,1,4
4291,23/04/2018,13,9.3,95.0,2.3,419,8.5,0.4,2.5,0.0,Spring,No Holiday,Yes,491643,0,4
4292,28/07/2018,1,29.1,79.0,1.3,975,25.0,0.0,0.0,0.0,Summer,No Holiday,Yes,4994152,1,7
4294,8/3/2018,23,2.8,73.0,1.8,468,-1.5,0.0,0.0,0.0,Spring,No Holiday,Yes,2047384,1,3
4295,14/06/2018,10,19.7,94.0,1.1,497,18.7,0.61,1.0,0.0,Summer,No Holiday,Yes,3135232,1,6
4296,4/7/2018,18,30.0,60.0,2.5,1933,21.3,0.99,0.0,0.0,Summer,No Holiday,Yes,16085474,2,7
4297,26/08/2018,2,22.1,84.0,0.6,2000,19.2,0.0,0.0,0.0,Summer,No Holiday,Yes,3436601,1,8
4298,21/04/2018,23,16.0,33.0,0.5,1996,-0.2,0.0,0.0,0.0,Spring,No Holiday,Yes,5356303,1,4
4299,10/11/2018,9,10.1,77.0,0.0,350,6.2,0.45,,0.0,Autumn,No Holiday,Yes,4101708,1,11
4300,10/6/2018,14,24.1,51.0,1.1,2000,13.3,,0.0,0.0,Summer,No Holiday,Yes,10694270,2,6
4302,23/05/2018,22,14.8,59.0,1.0,1740,6.8,0.0,0.0,0.0,Spring,No Holiday,Yes,8870489,2,5
4303,20/03/2018,14,7.3,38.0,3.4,1997,-6.1,1.6,0.0,0.0,Spring,No Holiday,Yes,3434547,1,3
4304,9/8/2018,23,27.3,81.0,0.0,1287,23.7,0.0,0.0,0.0,Summer,No Holiday,Yes,6515944,2,8
4306,5/1/2018,9,-4.7,49.0,1.2,1550,-13.8,0.12,0.0,0.0,Winter,No Holiday,Yes,2694828,1,1
4307,19/01/2018,12,4.3,28.0,1.5,1858,-12.6,0.98,0.0,0.0,Winter,No Holiday,Yes,2493745,1,1
4308,7/3/2018,5,2.5,63.0,1.3,1987,-3.8,0.0,0.0,0.0,Spring,No Holiday,Yes,649071,0,3
4309,15/11/2018,15,16.1,30.0,1.0,1125,-1.5,1.06,0.0,0.0,Autumn,No Holiday,Yes,5306011,1,11
4311,24/09/2018,15,21.8,32.0,3.3,2000,4.3,2.42,0.0,0.0,Autumn,Holiday,Yes,7307883,2,9
4312,15/02/2018,11,0.1,22.0,2.0,2000,-19.1,1.84,0.0,0.0,Winter,Holiday,Yes,1377058,0,2
4313,25/11/2018,19,6.3,73.0,1.1,524,1.8,0.0,0.0,0.4,Autumn,No Holiday,Yes,3515309,1,11
4314,14/08/2018,1,28.9,71.0,1.2,1982,23.1,0.0,0.0,0.0,Summer,No Holiday,Yes,4058127,1,8
4315,1/4/2018,3,11.9,71.0,0.7,853,6.7,0.0,0.0,0.0,Spring,No Holiday,Yes,1639948,1,4
4316,19/05/2018,5,10.4,71.0,,2000,5.3,0.0,0.0,0.0,Spring,No Holiday,Yes,1611154,0,5
4317,16/08/2018,16,34.5,37.0,,2000,17.6,2.36,0.0,0.0,Summer,No Holiday,Yes,5410996,1,8
4318,3/10/2018,21,17.6,59.0,1.6,2000,9.4,0.0,0.0,0.0,Autumn,Holiday,Yes,8585108,2,10
4319,3/8/2018,16,36.7,44.0,3.5,1666,22.4,2.16,0.0,0.0,Summer,No Holiday,Yes,4419087,1,8
4321,11/8/2018,6,26.5,69.0,0.8,2000,20.3,0.0,0.0,0.0,Summer,No Holiday,Yes,2137791,1,8
4322,25/11/2018,2,2.8,86.0,0.8,402,0.6,,,2.9,Autumn,No Holiday,Yes,1706942,1,11
4323,7/8/2018,14,34.0,50.0,1.2,1744,22.1,1.68,0.0,0.0,Summer,No Holiday,Yes,3726792,1,8
4324,25/01/2018,7,-16.2,33.0,2.2,2000,-28.7,0.0,0.0,0.7,Winter,No Holiday,Yes,1049493,0,1
4325,10/1/2018,1,-5.6,75.0,1.7,1982,-9.3,0.0,0.0,0.8,Winter,No Holiday,Yes,574033,0,1
4326,22/10/2018,1,10.7,57.0,0.9,1828,2.5,0.0,0.0,0.0,Autumn,No Holiday,Yes,2742912,1,10
4327,14/08/2018,2,28.6,70.0,1.5,2000,22.5,0.0,0.0,0.0,Summer,No Holiday,Yes,3279952,1,8
4328,12/4/2018,13,18.1,18.0,5.1,1939,-6.6,3.2,0.0,0.0,Spring,No Holiday,Yes,6016395,2,4
4329,13/01/2018,5,-6.3,51.0,0.8,2000,-14.8,0.0,0.0,0.0,Winter,No Holiday,Yes,618834,0,1
4330,21/07/2018,23,28.8,56.0,1.6,2000,19.1,0.0,0.0,0.0,Summer,No Holiday,Yes,6459321,2,7
4331,28/03/2018,2,11.5,75.0,1.9,399,7.2,0.0,0.0,0.0,Spring,No Holiday,Yes,1304660,1,3
4332,13/06/2018,23,21.5,62.0,0.1,1827,13.9,0.0,0.0,0.0,Summer,No Holiday,Yes,7447458,2,6
4333,26/07/2018,7,27.7,75.0,1.2,1103,22.8,0.1,0.0,0.0,Summer,No Holiday,Yes,6271561,2,7
4334,23/02/2018,14,7.8,57.0,2.1,277,-0.2,1.39,0.0,0.0,Winter,No Holiday,Yes,2458246,1,2
4335,6/4/2018,2,7.3,96.0,1.0,337,6.6,0.0,1.5,0.0,Spring,No Holiday,Yes,595431,0,4
4336,4/8/2018,17,34.3,48.0,3.4,2000,21.7,1.82,0.0,0.0,Summer,No Holiday,Yes,5539540,1,8
4337,8/11/2018,23,11.5,96.0,3.0,691,10.8,0.0,0.0,0.0,Autumn,No Holiday,Yes,720126,0,11
4339,6/12/2017,8,-4.2,78.0,0.0,1518,-7.4,,,0.2,Winter,No Holiday,Yes,4600383,1,12
4340,28/06/2018,7,22.7,81.0,0.4,866,19.2,0.4,0.0,0.0,Summer,No Holiday,Yes,7345984,2,6
4341,9/7/2018,14,20.2,89.0,1.0,1854,18.3,0.27,0.5,0.0,Summer,No Holiday,Yes,1425159,0,7
4342,17/12/2017,0,-8.1,41.0,2.0,2000,-19.0,0.0,0.0,0.0,Winter,No Holiday,Yes,1113733,0,12
4343,25/12/2017,19,-1.8,41.0,2.1,2000,-13.3,0.0,0.0,0.0,Winter,Holiday,Yes,1722324,0,12
4344,13/02/2018,23,2.4,59.0,3.2,2000,-4.8,0.0,0.0,0.0,Winter,No Holiday,Yes,1837371,1,2
4345,25/09/2018,23,17.4,49.0,1.2,2000,6.5,0.0,0.0,0.0,Autumn,Holiday,Yes,6027693,1,9
4346,24/11/2018,23,2.8,86.0,1.2,476,0.6,0.0,0.0,3.0,Autumn,No Holiday,Yes,2312145,1,11
4347,12/4/2018,11,16.2,30.0,2.4,1700,-1.4,2.68,0.0,0.0,Spring,No Holiday,Yes,4831859,1,4
4348,27/08/2018,15,24.4,87.0,1.5,1153,22.0,1.44,0.0,0.0,Summer,No Holiday,Yes,2949999,1,8
4349,26/02/2018,17,8.7,30.0,3.1,1117,-7.9,0.96,0.0,0.0,Winter,No Holiday,Yes,3764231,1,2
4350,14/12/2017,19,-4.2,40.0,0.9,1216,-15.8,0.0,,0.0,Winter,No Holiday,Yes,2401740,1,12
4351,23/09/2018,6,16.5,73.0,1.2,2000,11.6,0.0,0.0,0.0,Autumn,Holiday,Yes,964039,0,9
4353,15/02/2018,2,-1.2,35.0,2.2,2000,-14.7,0.0,0.0,0.0,Winter,Holiday,Yes,734824,0,2
4354,5/2/2018,4,-11.7,51.0,1.2,2000,-19.8,0.0,0.0,0.0,Winter,No Holiday,Yes,272503,0,2
4355,4/9/2018,12,25.8,57.0,2.8,2000,16.6,3.02,0.0,0.0,Autumn,No Holiday,Yes,5489653,1,9
4356,11/11/2018,3,,85.0,0.7,329,4.7,0.0,0.0,0.0,Autumn,No Holiday,Yes,1895322,1,11
4357,31/01/2018,8,-3.6,83.0,1.7,915,-6.0,0.0,0.0,3.5,Winter,No Holiday,Yes,1684437,1,1
4358,14/07/2018,20,29.2,63.0,1.7,1988,21.4,,0.0,0.0,Summer,No Holiday,Yes,10207567,2,7
4359,31/07/2018,20,33.5,50.0,2.1,2000,21.6,,0.0,0.0,Summer,No Holiday,Yes,9676330,2,7
4360,13/05/2018,4,13.8,98.0,2.9,27,13.4,0.0,0.0,0.0,Spring,No Holiday,Yes,710066,0,5
4361,18/08/2018,11,28.4,35.0,1.6,2000,11.4,2.82,0.0,0.0,Summer,No Holiday,Yes,4950259,1,8
4362,30/11/2018,12,6.6,35.0,,1409,-7.8,1.7,0.0,0.0,Autumn,No Holiday,Yes,4129995,1,11
4363,12/12/2017,3,-11.6,50.0,2.2,1995,-19.9,0.0,,0.0,Winter,No Holiday,Yes,939508,0,12
4365,18/07/2018,10,28.9,61.0,1.5,941,20.6,2.04,0.0,0.0,Summer,No Holiday,Yes,4516658,1,7
4366,20/07/2018,10,29.8,59.0,1.2,973,20.9,2.32,0.0,0.0,Summer,No Holiday,Yes,4171946,1,7
4367,2/9/2018,15,29.3,43.0,1.5,1958,15.4,2.4,0.0,0.0,Autumn,No Holiday,Yes,8451438,2,9
4368,26/07/2018,4,27.7,75.0,1.0,1360,22.8,0.0,0.0,0.0,Summer,No Holiday,Yes,1679399,1,7
4369,21/05/2018,22,16.9,65.0,0.3,1281,10.2,0.0,0.0,0.0,Spring,No Holiday,Yes,9834437,2,5
4370,27/12/2017,12,-5.5,21.0,2.1,1941,-24.4,1.08,0.0,0.0,Winter,No Holiday,Yes,1729202,1,12
4371,20/06/2018,23,20.1,82.0,3.6,494,16.9,0.0,0.0,0.0,Summer,No Holiday,Yes,7425031,2,6
4372,10/5/2018,21,12.6,85.0,2.4,460,10.1,0.0,0.0,0.0,Spring,No Holiday,No,759405,0,5
4373,6/12/2017,20,1.2,94.0,0.6,228,0.3,0.0,0.0,1.0,Winter,No Holiday,Yes,1324160,0,12
4374,12/6/2018,12,24.0,51.0,1.8,2000,13.2,2.29,0.0,0.0,Summer,No Holiday,Yes,6741889,2,6
4375,28/07/2018,5,28.1,84.0,0.5,754,25.1,0.0,0.0,0.0,Summer,No Holiday,Yes,1611822,1,7
4376,20/07/2018,0,26.7,80.0,1.4,1465,22.9,,0.0,0.0,Summer,No Holiday,Yes,5789788,1,7
4377,27/03/2018,9,11.6,51.0,0.8,498,1.7,0.84,0.0,0.0,Spring,No Holiday,Yes,3705131,1,3
4378,7/5/2018,18,25.1,32.0,2.4,1899,7.2,1.1,0.0,0.0,Spring,No Holiday,Yes,12244250,2,5
4379,12/6/2018,11,22.9,54.0,2.6,1959,13.0,2.56,0.0,0.0,Summer,No Holiday,Yes,6184455,2,6
4380,29/12/2017,11,3.1,62.0,1.1,517,-3.4,0.29,0.0,0.0,Winter,No Holiday,Yes,1904513,1,12
4381,23/05/2018,8,14.6,70.0,3.1,2000,9.1,1.28,0.0,0.0,Spring,No Holiday,Yes,10727867,2,5
4382,15/11/2018,0,7.7,67.0,0.4,1102,1.9,0.0,0.0,0.0,Autumn,No Holiday,Yes,3914602,1,11
4384,14/01/2018,11,-0.5,64.0,0.7,537,-6.4,0.49,0.0,0.0,Winter,No Holiday,Yes,1394544,1,1
4385,1/10/2018,5,13.7,57.0,1.8,1999,5.3,0.0,0.0,0.0,Autumn,No Holiday,Yes,1574923,1,10
4387,17/07/2018,19,30.6,57.0,1.4,1529,21.1,0.58,,0.0,Summer,No Holiday,Yes,11655967,2,7
4388,28/01/2018,21,-7.3,34.0,3.5,2000,-20.5,,0.0,0.0,Winter,No Holiday,Yes,1149877,0,1
4389,15/09/2018,2,21.7,78.0,1.0,2000,17.6,0.0,,0.0,Autumn,No Holiday,Yes,3099325,1,9
4390,1/8/2018,4,28.5,69.0,0.3,2000,22.2,,0.0,0.0,Summer,No Holiday,Yes,1985316,1,8
4391,8/10/2018,20,15.5,45.0,2.2,2000,3.6,0.0,0.0,0.0,Autumn,No Holiday,Yes,9352724,2,10
4392,6/8/2018,19,32.2,65.0,0.8,1894,24.7,0.1,0.0,0.0,Summer,No Holiday,Yes,8776003,2,8
4393,21/01/2018,19,1.3,25.0,1.3,2000,-16.6,0.0,0.0,0.0,Winter,No Holiday,Yes,1851059,1,1
4394,1/7/2018,14,21.5,97.0,0.7,1522,20.9,0.29,1.0,0.0,Summer,No Holiday,Yes,629805,0,7
4395,18/10/2018,8,8.5,77.0,0.5,1995,4.6,,0.0,0.0,Autumn,No Holiday,Yes,11767513,2,10
4396,5/9/2018,23,23.0,83.0,1.8,1469,19.9,0.0,0.0,0.0,Autumn,No Holiday,Yes,7009769,2,9
4397,25/01/2018,4,-15.9,37.0,2.4,1985,-27.2,,0.0,0.7,Winter,No Holiday,Yes,924873,0,1
4398,17/07/2018,16,32.0,51.0,2.4,1402,20.5,2.55,0.0,0.0,Summer,No Holiday,Yes,5057098,1,7
4399,8/11/2018,18,12.9,97.0,0.0,406,12.4,0.0,9.0,0.0,Autumn,No Holiday,Yes,448515,0,11
4400,5/11/2018,9,8.9,67.0,1.1,578,3.0,,0.0,0.0,Autumn,No Holiday,Yes,5851251,1,11
4401,4/1/2018,21,-3.1,41.0,2.0,1742,-14.5,0.0,0.0,0.0,Winter,No Holiday,Yes,2535303,1,1
4402,26/02/2018,23,2.8,39.0,0.7,1065,-9.8,0.0,0.0,0.0,Winter,No Holiday,Yes,2423571,1,2
4403,1/12/2017,1,,38.0,0.8,2000,-17.6,0.0,0.0,0.0,Winter,No Holiday,Yes,1522460,1,12
4404,25/08/2018,20,24.6,65.0,2.9,2000,17.5,0.0,0.0,0.0,Summer,No Holiday,Yes,10766042,2,8
4405,17/04/2018,0,9.6,31.0,0.8,2000,-6.7,0.0,0.0,0.0,Spring,No Holiday,Yes,3416327,1,4
4406,11/8/2018,11,31.5,54.0,2.5,1918,21.0,,0.0,0.0,Summer,No Holiday,Yes,4416106,1,8
4407,20/04/2018,10,18.2,36.0,1.0,620,2.8,1.99,,0.0,Spring,No Holiday,Yes,3779341,1,4
4408,22/08/2018,9,28.0,56.0,1.5,1982,18.3,1.57,0.0,0.0,Summer,No Holiday,Yes,6036949,1,8
4409,4/5/2018,3,9.6,66.0,0.9,1685,3.5,0.0,0.0,0.0,Spring,No Holiday,Yes,1955149,1,5
4410,20/08/2018,8,26.6,54.0,1.1,1739,16.5,0.75,0.0,0.0,Summer,No Holiday,Yes,9900758,2,8
4411,4/10/2018,7,13.2,75.0,0.8,1780,8.8,,0.0,0.0,Autumn,No Holiday,No,327377,0,10
4412,25/08/2018,1,23.0,82.0,2.1,1922,19.7,0.0,0.0,0.0,Summer,No Holiday,Yes,5263274,1,8
4413,30/06/2018,2,22.2,88.0,1.0,295,20.1,0.0,0.0,0.0,Summer,No Holiday,Yes,5140454,1,6
4415,4/9/2018,10,23.1,73.0,3.1,2000,17.9,2.24,0.0,0.0,Autumn,No Holiday,Yes,4807550,1,9
4416,3/11/2018,12,16.5,37.0,1.8,1060,1.7,2.14,0.0,0.0,Autumn,No Holiday,No,878633,0,11
4417,13/07/2018,2,24.9,86.0,1.3,1469,22.3,,0.0,0.0,Summer,No Holiday,Yes,3902082,1,7
4418,22/04/2018,15,19.6,44.0,2.4,1885,7.0,0.47,0.2,0.0,Spring,No Holiday,Yes,1708222,1,4
4419,21/10/2018,10,13.4,46.0,0.8,1718,1.9,1.61,0.0,0.0,Autumn,No Holiday,Yes,5490272,1,10
4420,14/12/2017,7,-10.9,57.0,1.1,1387,-17.7,0.0,0.0,0.0,Winter,No Holiday,Yes,1524528,1,12
4421,4/2/2018,10,-11.2,43.0,3.5,1359,-21.3,1.04,0.0,0.0,Winter,No Holiday,Yes,1456963,0,2
4422,14/12/2017,9,-9.4,44.0,0.5,1680,-19.4,0.13,,0.0,Winter,No Holiday,Yes,1819266,1,12
4423,4/11/2018,7,5.8,79.0,1.0,862,2.4,0.0,0.0,0.0,Autumn,No Holiday,Yes,1677972,1,11
4424,8/5/2018,3,15.6,63.0,1.7,2000,8.5,0.0,0.0,0.0,Spring,No Holiday,Yes,1186578,0,5
4425,1/8/2018,6,27.8,73.0,0.9,1971,22.5,0.01,0.0,0.0,Summer,No Holiday,Yes,3579603,1,8
4426,3/4/2018,17,19.7,57.0,2.6,1302,10.9,0.54,0.0,0.0,Spring,No Holiday,Yes,8304028,2,4
4427,2/5/2018,12,17.3,95.0,0.7,155,16.4,0.16,3.5,0.0,Spring,No Holiday,Yes,643520,0,5
4428,6/10/2018,20,19.4,67.0,0.8,2000,13.1,0.0,0.0,0.0,Autumn,No Holiday,Yes,7981830,2,10
4429,17/06/2018,16,26.6,51.0,2.2,809,15.6,1.27,0.0,0.0,Summer,No Holiday,Yes,11642357,2,6
4430,29/11/2018,2,2.1,28.0,0.4,1981,-14.5,0.0,0.0,0.0,Autumn,No Holiday,Yes,2039178,1,11
4431,27/03/2018,12,16.7,47.0,2.4,620,5.3,1.76,0.0,0.0,Spring,No Holiday,Yes,3863132,1,3
4432,20/02/2018,15,5.4,18.0,3.7,1940,-17.0,1.82,0.0,0.0,Winter,No Holiday,Yes,2527340,1,2
4434,19/08/2018,2,24.5,59.0,0.3,2000,15.9,0.0,0.0,0.0,Summer,No Holiday,Yes,3259854,1,8
4435,27/03/2018,19,15.0,67.0,2.6,452,8.9,0.07,0.0,0.0,Spring,No Holiday,Yes,5526997,1,3
4436,10/12/2017,17,3.6,65.0,4.3,1061,-2.3,0.03,0.0,0.4,Winter,No Holiday,Yes,1635432,1,12
4437,13/11/2018,4,4.9,63.0,0.0,1397,-1.5,0.0,0.0,0.0,Autumn,No Holiday,Yes,1388076,0,11
4438,6/7/2018,19,25.0,52.0,2.2,2000,14.4,0.37,0.0,0.0,Summer,No Holiday,Yes,13953406,2,7
4439,18/11/2018,0,3.6,49.0,0.8,1990,-6.1,0.0,,0.0,Autumn,No Holiday,Yes,3802567,1,11
4440,22/12/2017,16,6.0,58.0,0.7,732,-1.6,0.19,0.0,0.0,Winter,Holiday,Yes,2800929,1,12
4441,19/12/2017,23,-5.8,57.0,1.7,2000,-12.9,0.0,0.0,2.0,Winter,No Holiday,Yes,1356951,0,12
4442,25/07/2018,0,28.9,66.0,2.2,2000,21.9,0.0,0.0,0.0,Summer,No Holiday,Yes,5517806,1,7
4443,19/09/2018,1,20.5,64.0,0.4,2000,13.4,0.0,0.0,0.0,Autumn,No Holiday,No,425998,0,9
4444,15/07/2018,23,27.0,78.0,1.6,1609,22.8,0.0,0.0,0.0,Summer,No Holiday,Yes,6255407,2,7
4445,7/7/2018,23,21.7,51.0,1.7,2000,11.1,0.0,0.0,0.0,Summer,No Holiday,Yes,7534497,2,7
4446,20/08/2018,21,29.3,63.0,3.1,1677,21.5,,0.0,0.0,Summer,No Holiday,Yes,10352312,2,8
4447,1/1/2018,19,-0.1,39.0,1.3,1911,-12.4,0.0,,0.0,Winter,Holiday,Yes,1374564,0,1
4449,27/11/2018,17,11.1,72.0,2.3,277,6.2,0.12,0.0,0.0,Autumn,No Holiday,Yes,5535153,1,11
4450,28/11/2018,6,2.6,33.0,1.5,1185,-12.0,0.0,0.0,0.0,Autumn,No Holiday,Yes,1989682,1,11
4451,9/3/2018,6,2.5,71.0,1.1,1055,-2.2,0.0,0.0,0.0,Spring,No Holiday,Yes,1713770,1,3
4452,25/06/2018,16,32.2,39.0,2.8,928,16.4,1.74,0.0,0.0,Summer,No Holiday,Yes,7716759,2,6
4453,3/9/2018,16,25.5,91.0,1.3,403,23.9,,3.5,0.0,Autumn,No Holiday,Yes,873490,0,9
4454,25/06/2018,17,31.5,42.0,2.3,990,17.0,1.36,0.0,0.0,Summer,No Holiday,Yes,10743343,2,6
4455,14/03/2018,22,,71.0,2.0,1780,10.9,0.0,0.0,0.0,Spring,No Holiday,Yes,5862469,1,3
4456,12/3/2018,19,10.6,47.0,2.0,425,-0.2,0.03,0.0,0.0,Spring,No Holiday,Yes,4846615,1,3
4457,8/6/2018,8,19.7,69.0,,1448,13.8,0.54,0.0,0.0,Summer,No Holiday,Yes,12429999,2,6
4458,17/06/2018,16,26.6,51.0,2.2,809,15.6,1.27,0.0,0.0,Summer,No Holiday,Yes,11642357,2,6
4459,22/12/2017,20,5.9,67.0,1.3,779,0.2,,0.0,0.0,Winter,Holiday,Yes,2131081,1,12
4460,16/01/2018,10,2.7,60.0,0.5,392,-4.3,0.18,0.0,0.0,Winter,No Holiday,Yes,1698622,1,1
4461,28/06/2018,5,22.1,93.0,0.4,333,20.9,0.0,0.0,0.0,Summer,No Holiday,Yes,1870171,1,6
4462,19/08/2018,7,23.3,64.0,1.0,2000,16.0,0.1,0.0,0.0,Summer,No Holiday,Yes,2035987,1,8
4463,2/3/2018,20,1.2,35.0,2.5,1977,-12.6,0.0,0.0,0.0,Spring,No Holiday,Yes,2428118,1,3
4464,1/1/2018,0,-3.2,40.0,0.5,1358,-14.9,0.0,0.0,0.0,Winter,Holiday,Yes,1946344,1,1
4465,22/09/2018,9,,78.0,1.3,740,15.7,,0.0,0.0,Autumn,No Holiday,Yes,4870041,1,9
4466,22/08/2018,18,35.4,40.0,1.0,2000,19.7,0.34,0.0,0.0,Summer,No Holiday,Yes,13289402,2,8
4468,16/08/2018,2,28.1,68.0,0.8,2000,21.6,0.0,0.0,0.0,Summer,No Holiday,Yes,2111205,1,8
4469,21/11/2018,20,5.1,43.0,0.7,1928,-6.4,0.0,0.0,0.0,Autumn,No Holiday,Yes,5553996,1,11
4470,29/08/2018,23,24.2,94.0,0.9,1808,23.1,0.0,1.0,0.0,Summer,No Holiday,Yes,1049420,0,8
4471,18/02/2018,10,-1.8,23.0,0.6,2000,-20.2,0.8,0.0,0.0,Winter,No Holiday,Yes,1075956,0,2
4472,24/06/2018,10,,60.0,1.5,570,16.6,2.33,0.0,0.0,Summer,No Holiday,Yes,4266669,1,6
4473,1/5/2018,2,18.2,85.0,0.8,355,15.6,,0.0,0.0,Spring,Holiday,Yes,3279542,1,5
4475,30/11/2018,3,,69.0,0.9,1338,-5.1,0.0,0.0,0.0,Autumn,No Holiday,Yes,1614826,1,11
4476,16/06/2018,20,25.0,60.0,2.4,1773,16.6,,0.0,0.0,Summer,No Holiday,Yes,13184355,2,6
4477,6/12/2017,4,-3.4,75.0,0.0,1982,-7.2,0.0,0.0,0.4,Winter,No Holiday,Yes,713365,0,12
4478,23/10/2018,19,14.0,70.0,1.6,1265,8.6,0.0,0.0,0.0,Autumn,No Holiday,Yes,8887368,2,10
4479,7/5/2018,5,14.2,85.0,0.5,1412,11.7,0.0,0.0,0.0,Spring,No Holiday,Yes,1645341,1,5
4480,6/1/2018,11,-1.6,35.0,2.1,1812,-15.1,0.87,,0.0,Winter,No Holiday,Yes,1449653,1,1
4481,23/08/2018,6,28.3,55.0,1.5,2000,18.3,0.0,0.0,0.0,Summer,No Holiday,Yes,3598597,1,8
4482,21/01/2018,22,-0.3,32.0,0.7,2000,-15.0,0.0,0.0,0.0,Winter,No Holiday,Yes,1845080,1,1
4483,20/09/2018,22,18.4,85.0,2.1,1772,15.8,,0.0,0.0,Autumn,No Holiday,Yes,5520649,1,9
4484,15/09/2018,4,21.2,83.0,0.6,2000,18.1,0.0,0.1,0.0,Autumn,No Holiday,Yes,1467571,1,9
4485,6/9/2018,4,21.6,87.0,0.4,951,19.3,0.0,0.0,0.0,Autumn,No Holiday,Yes,1780860,1,9
4486,4/9/2018,23,21.7,60.0,0.5,2000,13.5,,0.0,0.0,Autumn,No Holiday,Yes,7074604,2,9
4488,6/1/2018,5,-6.1,64.0,1.0,1231,-11.8,0.0,0.0,0.0,Winter,No Holiday,Yes,1012803,0,1
4491,3/1/2018,0,-4.3,38.0,1.4,2000,-16.5,0.0,0.0,0.0,Winter,No Holiday,Yes,1472077,0,1
4492,8/12/2017,20,-3.3,34.0,1.5,2000,-16.9,0.0,0.0,0.0,Winter,No Holiday,Yes,2356348,1,12
4494,10/6/2018,5,18.4,70.0,,2000,12.8,0.0,0.0,0.0,Summer,No Holiday,Yes,1122779,0,6
4495,19/09/2018,10,22.9,59.0,1.1,1819,14.4,1.49,0.0,0.0,Autumn,No Holiday,No,272390,0,9
4496,4/6/2018,9,23.3,37.0,0.4,1336,7.7,,0.0,0.0,Summer,No Holiday,Yes,7143173,2,6
4497,6/9/2018,9,23.5,72.0,0.5,1485,18.1,0.95,0.0,0.0,Autumn,No Holiday,Yes,6365684,2,9
4498,18/03/2018,13,10.6,43.0,1.3,705,-1.4,1.07,0.0,0.0,Spring,No Holiday,Yes,5097234,1,3
4499,17/05/2018,12,21.7,96.0,0.8,1773,21.0,0.81,1.5,0.0,Spring,No Holiday,Yes,2931724,1,5
4500,9/1/2018,9,-6.0,61.0,2.5,1547,-12.3,0.13,0.0,0.6,Winter,No Holiday,Yes,2041056,1,1
4501,4/6/2018,0,21.4,45.0,1.4,1964,8.9,0.0,0.0,0.0,Summer,No Holiday,Yes,4803514,1,6
4502,20/03/2018,21,2.3,40.0,3.3,2000,-9.9,0.0,0.0,0.0,Spring,No Holiday,Yes,3159740,1,3
4503,21/04/2018,19,20.7,15.0,2.0,2000,-6.9,0.34,0.0,0.0,Spring,No Holiday,Yes,9804741,2,4
4505,20/12/2017,20,-1.9,86.0,0.9,700,-3.9,0.0,0.0,2.4,Winter,No Holiday,Yes,1395546,0,12
4506,20/04/2018,23,17.3,57.0,0.6,807,8.6,0.0,,0.0,Spring,No Holiday,Yes,4852969,1,4
4507,30/01/2018,10,-7.5,42.0,0.9,1705,-18.2,0.55,0.0,0.0,Winter,No Holiday,Yes,1329705,0,1
4509,11/1/2018,1,,55.0,2.9,1987,-17.9,0.0,,0.0,Winter,No Holiday,Yes,1205672,0,1
4510,16/01/2018,7,1.1,69.0,,418,-3.9,0.0,0.0,0.0,Winter,No Holiday,Yes,2600867,1,1
4511,12/6/2018,17,26.4,47.0,3.0,1976,14.1,1.76,0.0,0.0,Summer,No Holiday,Yes,12041748,2,6
4512,7/1/2018,19,1.6,35.0,1.0,1419,-12.2,0.0,0.0,0.0,Winter,No Holiday,Yes,2009424,1,1
4513,26/05/2018,12,,31.0,1.2,1161,7.7,3.18,,0.0,Spring,No Holiday,Yes,6739883,2,5
4514,12/2/2018,2,-8.3,49.0,2.7,2000,-17.1,0.0,0.0,0.0,Winter,No Holiday,Yes,584849,0,2
4515,14/03/2018,19,17.9,54.0,2.9,2000,8.4,0.04,0.0,0.0,Spring,No Holiday,Yes,8616962,2,3
4516,23/09/2018,5,16.3,67.0,0.8,2000,10.1,0.0,0.0,0.0,Autumn,Holiday,Yes,904414,0,9
4518,28/05/2018,6,16.2,,0.5,1588,9.3,,0.0,0.0,Spring,No Holiday,Yes,3745566,1,5
4519,26/10/2018,23,10.2,64.0,3.9,2000,3.6,0.0,0.0,0.0,Autumn,No Holiday,Yes,3877477,1,10
4520,9/12/2017,9,-4.7,48.0,1.0,1784,-14.0,0.23,0.0,0.0,Winter,No Holiday,Yes,2285562,1,12
4521,20/03/2018,3,4.7,44.0,,2000,-6.5,0.0,0.0,0.0,Spring,No Holiday,Yes,1451772,0,3
4522,23/12/2017,0,5.8,75.0,1.9,788,1.7,0.0,0.0,0.0,Winter,No Holiday,Yes,1839494,1,12
4523,12/11/2018,0,5.4,64.0,0.8,2000,-0.8,0.0,,0.0,Autumn,No Holiday,Yes,2577974,1,11
4525,9/4/2018,3,1.6,94.0,0.3,426,0.7,0.0,0.0,0.0,Spring,No Holiday,Yes,762019,0,4
4526,16/03/2018,18,10.0,33.0,1.2,2000,-5.5,0.68,0.0,0.0,Spring,No Holiday,Yes,9114265,2,3
4527,4/11/2018,17,16.9,33.0,2.2,1972,0.5,,0.0,0.0,Autumn,No Holiday,Yes,8762347,2,11
4528,9/11/2018,19,11.9,71.0,2.7,589,6.7,0.0,0.0,0.0,Autumn,No Holiday,No,172865,0,11
4529,7/1/2018,2,-4.4,53.0,0.3,1594,-12.5,,0.0,0.0,Winter,No Holiday,Yes,759767,0,1
4530,29/07/2018,21,31.1,47.0,1.3,2000,18.4,0.0,0.0,0.0,Summer,No Holiday,Yes,8898922,2,7
4531,4/9/2018,4,20.4,97.0,2.7,704,19.9,0.0,0.0,0.0,Autumn,No Holiday,Yes,1772429,1,9
4532,29/08/2018,11,26.9,74.0,3.2,2000,21.8,0.45,0.0,0.0,Summer,No Holiday,Yes,3562225,1,8
4533,5/6/2018,14,28.9,34.0,2.7,1328,11.4,,,0.0,Summer,No Holiday,Yes,5818672,2,6
4534,24/07/2018,19,33.1,57.0,2.2,1670,23.4,0.44,0.0,0.0,Summer,No Holiday,Yes,10407318,2,7
4535,8/9/2018,7,16.0,70.0,1.1,2000,10.5,,0.0,0.0,Autumn,No Holiday,Yes,2889305,1,9
4536,14/09/2018,4,,76.0,1.0,2000,16.3,0.0,0.0,0.0,Autumn,No Holiday,Yes,1501426,1,9
4537,17/07/2018,20,28.9,64.0,1.7,1567,21.3,,0.0,0.0,Summer,No Holiday,Yes,11843161,2,7
4538,3/12/2017,20,5.2,87.0,1.4,253,3.2,0.0,0.0,0.0,Winter,No Holiday,Yes,2196805,1,12
4539,19/06/2018,22,20.8,71.0,2.1,800,15.3,,0.0,0.0,Summer,No Holiday,Yes,11399421,2,6
4540,16/10/2018,8,10.4,63.0,0.6,1367,3.6,0.19,0.0,0.0,Autumn,No Holiday,Yes,11103192,2,10
4541,10/8/2018,8,27.2,69.0,1.8,1999,21.0,0.7,0.0,0.0,Summer,No Holiday,Yes,9558810,2,8
4542,4/8/2018,16,34.5,49.0,4.0,1925,22.2,2.35,0.0,0.0,Summer,No Holiday,Yes,4579719,1,8
4543,26/01/2018,9,,37.0,3.8,1941,-28.7,0.21,0.0,0.5,Winter,No Holiday,Yes,1019623,0,1
4544,2/8/2018,8,31.6,50.0,1.1,1943,19.9,0.76,0.0,0.0,Summer,No Holiday,Yes,8545554,2,8
4545,6/4/2018,15,6.8,50.0,4.1,660,-2.9,0.56,,0.0,Spring,No Holiday,Yes,3298223,1,4
4546,21/07/2018,12,34.2,35.0,1.8,1528,16.5,3.14,0.0,0.0,Summer,No Holiday,Yes,4403161,1,7
4547,8/4/2018,15,7.3,38.0,0.8,2000,-6.1,,0.0,0.0,Spring,No Holiday,Yes,2812850,1,4
4548,16/11/2018,7,6.6,64.0,0.5,701,0.2,0.0,0.0,0.0,Autumn,No Holiday,Yes,5589118,1,11
4549,29/03/2018,10,15.0,69.0,1.5,552,9.3,1.02,0.0,0.0,Spring,No Holiday,Yes,2953700,1,3
4550,1/2/2018,5,-7.8,65.0,2.3,1737,-13.2,0.0,0.0,1.6,Winter,No Holiday,Yes,730888,0,2
4551,12/11/2018,3,4.6,65.0,0.1,2000,-1.4,0.0,0.0,0.0,Autumn,No Holiday,Yes,808907,0,11
4552,1/5/2018,7,18.0,82.0,0.7,264,14.8,0.11,,0.0,Spring,Holiday,Yes,3748702,1,5
4553,29/07/2018,4,27.0,74.0,0.8,1816,21.9,0.0,0.0,0.0,Summer,No Holiday,Yes,1730470,1,7
4554,18/06/2018,8,22.7,65.0,0.7,759,15.7,1.05,0.0,0.0,Summer,No Holiday,Yes,12548432,2,6
4555,25/10/2018,12,18.2,37.0,1.4,1861,3.2,2.25,0.0,0.0,Autumn,No Holiday,Yes,6099389,2,10
4556,14/08/2018,13,35.7,38.0,2.4,1863,19.1,2.5,0.0,0.0,Summer,No Holiday,Yes,4701670,1,8
4557,9/7/2018,16,20.2,91.0,1.2,1637,18.6,0.42,1.0,0.0,Summer,No Holiday,Yes,683530,0,7
4558,4/2/2018,2,-10.5,49.0,2.0,2000,-19.1,0.0,0.0,0.0,Winter,No Holiday,Yes,863063,0,2
4560,20/06/2018,4,19.1,82.0,1.5,471,15.9,0.0,0.0,0.0,Summer,No Holiday,Yes,1979459,1,6
4561,29/05/2018,14,25.5,53.0,2.0,981,15.2,2.5,0.0,0.0,Spring,No Holiday,Yes,6632385,2,5
4563,9/7/2018,7,20.9,66.0,1.4,2000,14.3,,,0.0,Summer,No Holiday,Yes,2941451,1,7
4564,2/5/2018,23,9.5,90.0,3.6,1017,7.9,0.0,1.0,0.0,Spring,No Holiday,Yes,2114860,1,5
4565,5/7/2018,22,24.4,67.0,1.6,2000,17.8,0.0,,0.0,Summer,No Holiday,Yes,10026031,2,7
4566,26/01/2018,12,-14.4,30.0,2.7,1906,-28.2,1.17,0.0,0.5,Winter,No Holiday,Yes,1414785,0,1
4567,4/7/2018,16,31.6,57.0,2.7,1882,22.0,2.19,0.0,0.0,Summer,No Holiday,Yes,6620325,2,7
4569,15/02/2018,15,3.8,17.0,3.2,2000,-19.0,1.97,0.0,0.0,Winter,Holiday,Yes,2273230,1,2
4570,26/11/2018,9,3.1,77.0,0.9,457,-0.5,0.4,0.0,0.2,Autumn,No Holiday,Yes,4400225,1,11
4571,12/1/2018,13,-8.2,29.0,2.0,1920,-23.1,1.19,0.0,0.0,Winter,No Holiday,Yes,1387237,0,1
4572,30/09/2018,17,20.4,31.0,3.2,2000,2.6,1.06,0.0,0.0,Autumn,No Holiday,No,470009,0,9
4573,27/11/2018,5,3.6,84.0,0.6,315,1.1,0.0,0.0,0.0,Autumn,No Holiday,Yes,1362840,0,11
4574,10/9/2018,9,22.3,52.0,1.9,2000,11.9,1.43,0.0,0.0,Autumn,No Holiday,Yes,6088167,2,9
4575,13/04/2018,2,9.7,23.0,1.4,2000,-10.4,0.0,0.0,0.0,Spring,No Holiday,Yes,2131837,1,4
4578,24/05/2018,23,18.1,56.0,1.6,1095,9.1,0.0,0.0,0.0,Spring,No Holiday,Yes,6212439,2,5
4579,29/03/2018,11,16.1,63.0,,555,9.0,1.08,0.0,0.0,Spring,No Holiday,Yes,3304739,1,3
4580,24/09/2018,7,14.7,61.0,2.1,2000,7.2,0.02,0.0,0.0,Autumn,Holiday,Yes,1286937,1,9
4581,22/07/2018,20,,50.0,2.3,1706,21.4,,0.0,0.0,Summer,No Holiday,Yes,9385156,2,7
4582,18/06/2018,11,27.3,45.0,2.4,846,14.3,2.84,0.0,0.0,Summer,No Holiday,Yes,4737730,1,6
4583,12/6/2018,7,17.1,77.0,1.5,1748,13.0,0.49,0.0,0.0,Summer,No Holiday,Yes,8188865,2,6
4585,6/5/2018,13,16.4,94.0,,1947,15.4,,0.0,0.0,Spring,No Holiday,Yes,1349075,1,5
4586,9/10/2018,20,17.0,49.0,1.4,2000,6.1,0.0,0.0,0.0,Autumn,Holiday,No,295994,0,10
4587,4/3/2018,15,11.7,81.0,1.2,616,8.5,0.53,0.0,0.0,Spring,No Holiday,Yes,2878642,1,3
4588,25/05/2018,8,17.1,57.0,1.7,792,8.5,,0.0,0.0,Spring,No Holiday,Yes,10728363,2,5
4589,3/1/2018,21,-4.3,47.0,2.8,1997,-13.9,0.0,0.0,0.0,Winter,No Holiday,Yes,2119563,1,1
4590,24/11/2018,22,2.7,85.0,1.1,580,0.4,0.0,0.0,3.2,Autumn,No Holiday,Yes,2684144,1,11
4591,15/07/2018,13,31.4,53.0,3.2,1695,20.6,3.28,0.0,0.0,Summer,No Holiday,Yes,5035054,1,7
4593,13/06/2018,14,26.6,50.0,2.4,1119,15.3,2.95,0.0,0.0,Summer,No Holiday,Yes,11087044,2,6
4595,1/6/2018,0,20.1,63.0,1.1,1698,12.8,,0.0,0.0,Summer,No Holiday,Yes,5337668,1,6
4596,21/11/2018,7,6.5,85.0,0.8,536,4.1,0.0,0.0,0.0,Autumn,No Holiday,Yes,4845225,1,11
4597,9/10/2018,11,16.4,45.0,0.7,2000,4.4,1.22,,0.0,Autumn,Holiday,No,267264,0,10
4598,8/11/2018,16,11.7,96.0,1.4,587,11.0,0.02,0.0,0.0,Autumn,No Holiday,Yes,376127,0,11
4599,17/04/2018,5,7.4,56.0,0.6,1746,-0.8,0.0,,0.0,Spring,No Holiday,Yes,979144,0,4
4600,11/10/2018,11,11.7,36.0,,2000,-2.9,2.28,,0.0,Autumn,No Holiday,Yes,4902465,1,10
4601,9/2/2018,10,-1.3,34.0,0.5,1192,-15.1,0.32,0.0,0.0,Winter,No Holiday,Yes,1355640,0,2
4602,26/09/2018,15,24.7,35.0,1.2,2000,8.1,2.28,,0.0,Autumn,No Holiday,Yes,11535408,2,9
4603,11/2/2018,4,-7.5,42.0,2.4,1998,-18.2,0.0,0.0,0.0,Winter,No Holiday,Yes,679131,0,2
4604,20/06/2018,11,23.7,56.0,2.4,1070,14.3,2.33,,0.0,Summer,No Holiday,Yes,6272458,2,6
4605,19/07/2018,0,25.9,76.0,1.3,984,21.3,0.0,0.0,0.0,Summer,No Holiday,Yes,6177910,2,7
4606,12/1/2018,2,-13.8,43.0,2.6,2000,-23.7,0.0,0.0,0.0,Winter,No Holiday,Yes,813492,0,1
4607,4/12/2017,2,4.4,87.0,1.8,207,2.4,0.0,0.0,0.0,Winter,No Holiday,Yes,839294,0,12
4609,19/08/2018,16,33.3,32.0,2.4,2000,14.3,1.98,0.0,0.0,Summer,No Holiday,Yes,7630126,2,8
4610,9/4/2018,5,,96.0,1.0,206,0.1,0.0,0.0,0.0,Spring,No Holiday,Yes,1152066,0,4
4611,26/09/2018,11,20.5,42.0,2.1,1981,7.1,1.59,0.0,0.0,Autumn,No Holiday,Yes,6642397,2,9
4612,23/10/2018,3,10.1,70.0,1.1,606,4.8,0.0,0.0,0.0,Autumn,No Holiday,Yes,2111445,1,10
4613,28/01/2018,2,-7.8,51.0,1.9,1627,-16.1,0.0,0.0,0.0,Winter,No Holiday,Yes,1137425,0,1
4614,5/5/2018,1,12.1,54.0,1.3,1820,3.0,0.0,0.0,0.0,Spring,No Holiday,Yes,4123824,1,5
4615,4/12/2017,21,-4.6,43.0,4.5,2000,-15.3,0.0,0.0,0.0,Winter,No Holiday,Yes,1956288,1,12
4616,26/01/2018,10,-16.5,33.0,3.4,1703,-29.0,0.62,0.0,0.5,Winter,No Holiday,Yes,1145183,0,1
4617,14/12/2017,1,-9.8,48.0,0.8,2000,-18.7,0.0,0.0,0.0,Winter,No Holiday,Yes,1755390,0,12
4618,26/05/2018,13,27.8,31.0,2.0,1326,9.1,3.29,0.0,0.0,Spring,No Holiday,Yes,7826646,2,5
4619,4/8/2018,10,32.3,56.0,1.7,1625,22.3,1.61,0.0,0.0,Summer,No Holiday,Yes,3646511,1,8
4620,9/4/2018,0,3.2,84.0,0.6,785,0.7,,0.0,0.0,Spring,No Holiday,Yes,1633817,1,4
4621,25/07/2018,11,30.7,63.0,3.4,1323,22.8,,0.0,0.0,Summer,No Holiday,Yes,4757574,1,7
4622,5/6/2018,0,20.5,71.0,2.8,1204,15.0,0.0,0.0,0.0,Summer,No Holiday,Yes,5785293,1,6
4623,12/1/2018,5,-14.6,45.0,1.1,2000,-23.9,0.0,0.0,0.0,Winter,No Holiday,Yes,452044,0,1
4624,27/02/2018,18,6.6,62.0,0.8,522,-0.1,0.05,0.0,0.0,Winter,No Holiday,Yes,4717802,1,2
4625,2/1/2018,9,-3.1,66.0,,1168,-8.5,,0.0,0.0,Winter,No Holiday,Yes,2317162,1,1
4626,28/01/2018,13,-2.4,22.0,2.5,1866,-21.2,1.16,0.0,0.0,Winter,No Holiday,Yes,1970645,1,1
4628,29/04/2018,16,22.2,23.0,3.7,1183,0.0,2.28,0.0,0.0,Spring,No Holiday,Yes,11074917,2,4
4629,12/4/2018,3,7.8,49.0,1.4,1972,-2.2,0.0,0.0,0.0,Spring,No Holiday,Yes,1435063,1,4
4630,30/08/2018,9,25.0,92.0,1.1,782,23.6,0.39,0.0,0.0,Summer,No Holiday,Yes,4556428,1,8
4631,31/10/2018,6,3.6,75.0,0.8,2000,-0.4,0.0,0.0,0.0,Autumn,No Holiday,Yes,2283972,1,10
4632,29/10/2018,10,9.6,43.0,,1930,-2.3,,0.0,0.0,Autumn,No Holiday,Yes,4768791,1,10
4633,29/07/2018,6,26.4,76.0,0.4,1813,21.8,0.01,0.0,0.0,Summer,No Holiday,Yes,2364652,1,7
4634,11/11/2018,9,7.8,72.0,1.2,360,3.0,0.54,0.0,0.0,Autumn,No Holiday,Yes,3337245,1,11
4635,6/8/2018,16,34.6,55.0,2.5,1650,24.2,2.01,0.0,0.0,Summer,No Holiday,Yes,4935990,1,8
4636,17/02/2018,19,-1.5,32.0,2.5,2000,-16.0,0.0,0.0,0.0,Winter,Holiday,Yes,1349876,0,2
4637,27/03/2018,17,18.4,54.0,3.2,605,8.9,1.05,0.0,0.0,Spring,No Holiday,Yes,5378050,1,3
4638,20/10/2018,8,7.8,70.0,1.4,1034,2.6,0.29,0.0,0.0,Autumn,No Holiday,Yes,4628409,1,10
4639,6/2/2018,5,-12.3,37.0,2.9,2000,-24.0,0.0,0.0,0.0,Winter,No Holiday,Yes,651536,0,2
4640,27/09/2018,10,19.9,47.0,1.8,1989,8.2,1.93,0.0,0.0,Autumn,No Holiday,Yes,5303848,1,9
4641,17/02/2018,22,-2.7,42.0,2.2,2000,-13.8,0.0,0.0,0.0,Winter,Holiday,Yes,1362181,0,2
4642,22/02/2018,15,5.0,49.0,4.4,1138,-4.8,0.96,0.0,0.0,Winter,No Holiday,Yes,2552151,1,2
4643,24/04/2018,2,10.1,83.0,1.4,2000,7.3,0.0,0.1,0.0,Spring,No Holiday,Yes,455383,0,4
4644,17/09/2018,10,21.7,60.0,1.7,1540,13.5,1.44,0.0,0.0,Autumn,No Holiday,Yes,4958784,1,9
4646,9/3/2018,19,5.4,60.0,3.9,990,-1.7,0.02,0.0,0.0,Spring,No Holiday,Yes,4048158,1,3
4647,12/4/2018,0,9.5,40.0,2.4,1987,-3.4,0.0,0.0,0.0,Spring,No Holiday,Yes,3071876,1,4
4648,18/06/2018,15,30.5,34.0,2.8,1590,12.8,2.87,0.0,0.0,Summer,No Holiday,Yes,6362411,2,6
4649,26/07/2018,6,27.4,77.0,0.7,1113,23.0,0.0,0.0,0.0,Summer,No Holiday,Yes,3151813,1,7
4650,29/11/2018,3,,33.0,0.9,1994,-12.7,0.0,0.0,0.0,Autumn,No Holiday,Yes,1394739,1,11
4651,7/5/2018,0,15.5,85.0,0.9,2000,12.9,0.0,0.0,0.0,Spring,No Holiday,Yes,4556266,1,5
4652,23/09/2018,16,24.6,29.0,4.0,1988,5.3,1.73,0.0,0.0,Autumn,Holiday,Yes,8593451,2,9
4653,2/6/2018,12,28.3,30.0,3.0,1675,9.0,3.29,0.0,0.0,Summer,No Holiday,Yes,6754821,2,6
4654,24/02/2018,7,0.6,86.0,,211,-1.4,0.0,0.0,0.0,Winter,No Holiday,Yes,1496210,0,2
4655,19/09/2018,23,20.4,57.0,0.9,2000,11.5,0.0,0.0,0.0,Autumn,No Holiday,No,833219,0,9
4656,27/02/2018,16,6.9,54.0,1.1,692,-1.7,0.32,0.0,0.0,Winter,No Holiday,Yes,2898142,1,2
4657,12/3/2018,1,2.9,51.0,0.8,1119,-6.2,0.0,0.0,0.0,Spring,No Holiday,Yes,1122372,0,3
4658,2/12/2017,5,-4.0,79.0,1.5,1202,-7.1,0.0,,0.0,Winter,No Holiday,Yes,693395,0,12
4659,8/11/2018,20,13.9,97.0,2.5,594,13.4,0.0,0.0,0.0,Autumn,No Holiday,Yes,156716,0,11
4660,27/08/2018,16,24.7,85.0,1.2,1143,22.0,0.99,0.0,0.0,Summer,No Holiday,Yes,5227134,1,8
4661,31/08/2018,18,28.4,57.0,2.4,2000,19.0,0.84,0.0,0.0,Summer,No Holiday,Yes,15623559,2,8
4663,8/12/2017,13,-1.7,28.0,1.8,1963,-17.8,1.22,0.0,0.0,Winter,No Holiday,Yes,1865701,1,12
4664,22/09/2018,6,18.4,95.0,0.1,752,17.5,0.0,0.0,0.0,Autumn,No Holiday,Yes,1692763,1,9
4666,22/12/2017,19,5.2,64.0,0.7,691,-1.0,0.0,0.0,0.0,Winter,Holiday,Yes,2521063,1,12
4667,23/05/2018,3,14.9,96.0,2.2,636,14.2,0.0,0.5,0.0,Spring,No Holiday,Yes,472243,0,5
4668,25/05/2018,7,14.4,66.0,1.1,704,8.1,0.42,0.0,0.0,Spring,No Holiday,Yes,7006611,2,5
4669,9/5/2018,2,10.9,59.0,1.1,2000,3.1,0.0,0.0,0.0,Spring,No Holiday,Yes,1856226,1,5
4670,15/06/2018,22,20.4,54.0,1.4,2000,10.7,0.0,0.0,0.0,Summer,No Holiday,Yes,11538079,2,6
4671,22/08/2018,15,36.8,36.0,1.0,2000,19.2,2.46,0.0,0.0,Summer,No Holiday,Yes,5233991,1,8
4672,7/7/2018,14,28.3,43.0,1.6,1941,14.5,3.33,0.0,0.0,Summer,No Holiday,Yes,8472925,2,7
4673,29/08/2018,9,,79.0,2.7,1963,21.8,0.3,0.0,0.0,Summer,No Holiday,Yes,4776390,1,8
4674,18/01/2018,7,1.5,86.0,1.1,189,-0.5,0.0,0.0,0.0,Winter,No Holiday,Yes,1488794,1,1
4675,9/5/2018,20,17.3,53.0,1.9,2000,7.6,,0.0,0.0,Spring,No Holiday,Yes,11055725,2,5
4676,23/10/2018,6,9.9,75.0,1.0,560,5.6,0.0,0.0,0.0,Autumn,No Holiday,Yes,2537223,1,10
4678,4/11/2018,9,7.5,60.0,0.5,725,0.2,0.79,0.0,0.0,Autumn,No Holiday,Yes,3664084,1,11
4679,30/01/2018,21,-1.6,91.0,1.3,508,-2.8,0.0,1.5,3.5,Winter,No Holiday,Yes,972803,0,1
4680,11/10/2018,22,8.8,55.0,1.6,2000,0.2,0.0,0.0,0.0,Autumn,No Holiday,Yes,6430177,2,10
4681,23/05/2018,12,20.1,37.0,,1910,4.9,3.44,0.0,0.0,Spring,No Holiday,Yes,6513992,2,5
4682,22/08/2018,13,35.3,41.0,2.1,1925,20.0,,0.0,0.0,Summer,No Holiday,Yes,4094359,1,8
4683,31/03/2018,2,11.0,73.0,1.5,816,6.3,,0.0,0.0,Spring,No Holiday,Yes,3006580,1,3
4684,22/01/2018,13,3.9,33.0,,1249,-10.9,0.19,0.0,0.0,Winter,No Holiday,Yes,2468156,1,1
4685,6/5/2018,6,15.1,97.0,0.3,225,14.6,0.0,3.0,0.0,Spring,No Holiday,Yes,552276,0,5
4686,10/6/2018,0,20.2,66.0,1.5,2000,13.6,,0.0,0.0,Summer,No Holiday,Yes,2804334,1,6
4687,2/12/2017,14,7.3,35.0,1.3,1955,-7.1,0.99,0.0,0.0,Winter,No Holiday,Yes,3793335,1,12
4688,2/4/2018,11,13.5,59.0,11.6,1420,3.9,0.59,0.2,0.1,Spring,No Holiday,No,3167217,1,4
4689,20/11/2018,12,10.1,23.0,1.8,1745,-10.1,1.82,0.0,0.0,Autumn,No Holiday,Yes,4179822,1,11
4690,24/06/2018,8,21.3,78.0,0.7,351,17.3,0.51,0.0,0.0,Summer,No Holiday,Yes,3603932,1,6
4691,9/3/2018,15,7.7,51.0,2.9,670,-1.8,0.94,0.0,0.0,Spring,No Holiday,Yes,3956196,1,3
4692,1/12/2017,4,-6.0,36.0,2.3,2000,-18.6,0.0,0.0,0.0,Winter,No Holiday,Yes,1268530,0,12
4693,28/09/2018,6,14.4,61.0,1.2,2000,6.9,,0.0,0.0,Autumn,No Holiday,No,132854,0,9
4694,9/9/2018,4,17.0,59.0,0.0,2000,8.9,0.0,0.0,0.0,Autumn,No Holiday,Yes,1678073,1,9
4695,3/3/2018,11,8.1,21.0,2.1,1738,-12.9,2.15,0.0,0.0,Spring,No Holiday,Yes,2929005,1,3
4696,19/10/2018,20,14.2,56.0,1.8,2000,5.5,0.0,0.0,0.0,Autumn,No Holiday,Yes,8236022,2,10
4697,16/11/2018,0,7.8,57.0,0.3,792,-0.2,0.0,0.0,0.0,Autumn,No Holiday,Yes,4149048,1,11
4698,23/04/2018,19,9.4,95.0,1.8,531,8.6,0.03,1.5,0.0,Spring,No Holiday,Yes,763060,0,4
4699,3/7/2018,9,25.7,76.0,0.8,1920,21.1,1.11,0.0,0.0,Summer,No Holiday,Yes,6406662,2,7
4700,29/12/2017,12,4.3,62.0,1.6,472,-2.3,0.52,0.0,0.0,Winter,No Holiday,Yes,2752366,1,12
4701,8/10/2018,10,15.0,44.0,0.5,1839,2.8,,0.0,0.0,Autumn,No Holiday,Yes,5284297,1,10
4702,26/10/2018,19,12.9,66.0,2.5,1997,6.6,,0.0,0.0,Autumn,No Holiday,Yes,6684573,2,10
4703,8/8/2018,23,29.1,77.0,0.4,1552,24.6,0.0,0.0,0.0,Summer,No Holiday,Yes,6309856,2,8
4704,21/07/2018,8,27.4,63.0,0.9,1043,19.7,1.03,0.0,0.0,Summer,No Holiday,Yes,4035169,1,7
4705,2/11/2018,1,6.6,69.0,0.0,1512,1.3,0.0,0.0,0.0,Autumn,No Holiday,Yes,3276467,1,11
4707,5/8/2018,10,29.5,78.0,2.0,1091,25.2,1.28,,0.0,Summer,No Holiday,Yes,2770256,1,8
4708,15/05/2018,13,27.8,34.0,1.5,1306,10.4,3.14,0.0,0.0,Spring,No Holiday,Yes,5924760,1,5
4710,17/09/2018,8,18.9,77.0,0.6,1109,14.7,0.56,,0.0,Autumn,No Holiday,Yes,12098190,2,9
4711,13/09/2018,19,25.4,61.0,0.6,2000,17.3,0.03,0.0,0.0,Autumn,No Holiday,Yes,13011293,2,9
4712,14/05/2018,2,,94.0,1.6,191,11.1,0.0,0.0,0.0,Spring,No Holiday,Yes,1991964,1,5
4713,27/07/2018,22,29.9,74.0,2.0,1201,24.7,0.0,0.0,0.0,Summer,No Holiday,Yes,8072013,2,7
4714,23/10/2018,14,15.1,71.0,0.9,973,9.8,1.62,0.0,0.0,Autumn,No Holiday,Yes,4855233,1,10
4715,26/07/2018,2,27.6,78.0,0.1,1289,23.4,0.0,0.0,0.0,Summer,No Holiday,Yes,2731131,1,7
4716,14/09/2018,17,25.9,56.0,1.7,2000,16.4,0.42,0.0,0.0,Autumn,No Holiday,Yes,10589438,2,9
4717,17/09/2018,23,20.2,68.0,1.2,1963,14.0,0.0,0.0,0.0,Autumn,No Holiday,Yes,7190936,2,9
4718,23/06/2018,19,25.7,59.0,2.8,1083,17.0,0.38,0.0,0.0,Summer,No Holiday,Yes,12180436,2,6
4719,21/03/2018,5,24.2,,1.3,1245,-7.8,0.0,0.0,0.4,Spring,No Holiday,No,2098678,1,3
4720,21/11/2018,0,,,4.7,1894,-16.8,,3.0,0.0,Autumn,Holiday,Yes,6449605,2,11
4721,24/07/2018,23,29.3,66.0,2.8,1854,22.2,0.0,0.0,0.0,Summer,No Holiday,Yes,6974066,2,7
4722,31/01/2018,9,-3.3,77.0,1.2,916,-6.7,0.1,0.0,3.4,Winter,No Holiday,Yes,1537818,0,1
4723,1/2/2018,11,-2.6,33.0,1.5,1830,-16.6,0.95,0.0,1.4,Winter,No Holiday,Yes,1356330,1,2
4724,17/07/2018,5,24.1,81.0,0.9,1646,20.6,0.0,0.0,0.0,Summer,No Holiday,Yes,2140458,1,7
4725,13/01/2018,18,-2.6,73.0,1.0,684,-6.7,0.01,0.0,0.0,Winter,No Holiday,Yes,1412086,1,1
4726,10/1/2018,7,-8.0,70.0,1.8,2000,-12.5,0.0,0.0,0.7,Winter,No Holiday,Yes,1105038,0,1
4727,16/09/2018,5,22.2,90.0,1.4,514,20.4,0.0,0.0,0.0,Autumn,No Holiday,Yes,1376293,0,9
4728,28/07/2018,11,32.8,62.0,0.6,881,24.5,1.3,0.0,0.0,Summer,No Holiday,Yes,3739916,1,7
4729,14/12/2017,15,-2.5,29.0,1.1,1667,-18.1,0.48,0.0,0.0,Winter,No Holiday,Yes,2446859,1,12
4730,2/2/2018,23,-2.6,69.0,2.0,1434,-7.5,0.0,0.0,0.0,Winter,No Holiday,Yes,1391406,0,2
4731,5/3/2018,23,1.9,60.0,1.3,2000,-5.0,0.0,0.0,0.0,Spring,No Holiday,Yes,2386597,1,3
4732,10/1/2018,21,-9.4,47.0,2.0,2000,-18.6,0.0,0.0,0.0,Winter,No Holiday,Yes,1674281,1,1
4733,4/3/2018,4,8.8,95.0,0.2,218,8.0,0.0,0.0,0.0,Spring,No Holiday,Yes,1008754,0,3
4734,26/03/2018,16,17.7,33.0,3.4,897,1.2,1.96,0.0,0.0,Spring,No Holiday,Yes,4581467,1,3
4736,6/2/2018,20,-9.6,34.0,2.6,2000,-22.5,0.0,0.0,0.0,Winter,No Holiday,Yes,1397398,0,2
4737,29/06/2018,18,28.1,60.0,1.9,959,19.5,1.05,0.0,0.0,Summer,No Holiday,Yes,16009873,2,6
4738,12/11/2018,12,12.3,37.0,0.8,1690,-1.9,1.93,0.0,0.0,Autumn,No Holiday,Yes,4682841,1,11
4739,8/3/2018,10,3.6,88.0,2.6,681,1.7,0.44,0.0,0.0,Spring,No Holiday,Yes,1005825,0,3
4740,10/12/2017,8,-0.2,90.0,1.2,378,-1.6,0.0,0.0,4.1,Winter,No Holiday,Yes,652981,0,12
4741,4/11/2018,1,8.6,60.0,1.1,1416,1.2,0.0,0.0,0.0,Autumn,No Holiday,Yes,3471618,1,11
4742,1/8/2018,20,34.5,62.0,2.8,1701,26.1,,,0.0,Summer,No Holiday,Yes,7634917,2,8
4743,19/12/2017,20,-4.9,55.0,2.0,2000,-12.5,0.0,0.0,2.0,Winter,No Holiday,Yes,1774383,1,12
4744,16/09/2018,21,21.2,88.0,1.7,373,19.1,0.0,0.0,0.0,Autumn,No Holiday,Yes,6821429,2,9
4745,15/06/2018,5,17.4,86.0,1.1,1820,15.0,0.0,0.5,0.0,Summer,No Holiday,Yes,1505986,0,6
4746,16/10/2018,12,,35.0,1.2,1057,2.9,2.06,0.0,0.0,Autumn,No Holiday,Yes,5499275,1,10
4747,11/5/2018,12,20.0,47.0,,685,8.3,3.08,0.0,0.0,Spring,No Holiday,Yes,6624678,2,5
4748,27/10/2018,5,,,,0,-34.7,0.0,0.9,0.0,Autumn,Holiday,No,6377972,2,10
4749,8/3/2018,6,3.1,89.0,0.2,903,1.4,0.0,1.5,0.0,Spring,No Holiday,Yes,418681,0,3
4750,8/11/2018,9,10.6,94.0,2.1,739,9.6,,2.0,0.0,Autumn,No Holiday,Yes,1236070,0,11
4751,31/07/2018,22,31.6,66.0,3.0,2000,24.4,0.0,0.0,0.0,Summer,No Holiday,Yes,8103409,2,7
4752,16/06/2018,0,19.0,57.0,1.6,2000,10.2,0.0,0.0,0.0,Summer,No Holiday,Yes,6753668,2,6
4753,18/01/2018,9,1.2,84.0,2.1,210,-1.2,0.07,0.0,0.0,Winter,No Holiday,Yes,1873885,1,1
4754,1/10/2018,7,13.1,58.0,2.1,1997,5.0,0.03,0.0,0.0,Autumn,No Holiday,Yes,7178615,2,10
4755,15/09/2018,13,25.8,65.0,1.0,1996,18.7,,0.0,0.0,Autumn,No Holiday,Yes,7616843,2,9
4757,4/3/2018,10,9.8,90.0,0.8,335,8.2,0.64,0.0,0.0,Spring,No Holiday,Yes,1597832,1,3
4758,6/4/2018,4,6.8,97.0,2.2,453,6.3,0.0,2.0,0.0,Spring,No Holiday,Yes,961913,0,4
4759,16/05/2018,22,21.9,97.0,1.5,164,21.3,0.0,0.0,0.0,Spring,No Holiday,Yes,2698076,1,5
4760,16/09/2018,4,22.5,89.0,0.7,444,20.5,0.0,0.3,0.0,Autumn,No Holiday,Yes,1608328,0,9
4761,28/11/2018,15,10.5,16.0,2.7,1509,-14.3,1.29,0.0,0.0,Autumn,No Holiday,Yes,4773484,1,11
4762,22/05/2018,4,15.6,,0.5,1502,10.5,0.0,0.0,0.0,Spring,Holiday,Yes,1825774,1,5
4763,20/11/2018,19,8.7,34.0,2.2,1857,-6.3,0.0,0.0,0.0,Autumn,No Holiday,Yes,7320970,2,11
4764,26/10/2018,21,10.6,70.0,2.4,2000,5.3,0.0,0.0,0.0,Autumn,No Holiday,Yes,2923379,1,10
4765,14/11/2018,8,5.0,77.0,1.5,1115,1.2,0.07,0.0,0.0,Autumn,No Holiday,Yes,10587935,2,11
4766,9/2/2018,1,-4.8,44.0,1.1,1432,-15.2,0.0,0.0,0.0,Winter,No Holiday,Yes,1434410,0,2
4767,31/05/2018,3,15.0,84.0,1.3,473,12.3,0.0,0.0,0.0,Spring,No Holiday,Yes,2709052,1,5
4768,19/06/2018,21,21.6,66.0,2.4,962,14.9,0.0,0.0,0.0,Summer,No Holiday,Yes,12474673,2,6
4769,25/09/2018,15,24.1,26.0,1.6,2000,3.3,2.38,0.0,0.0,Autumn,Holiday,Yes,9896404,2,9
4770,2/9/2018,22,25.7,64.0,1.1,2000,18.3,0.0,0.0,0.0,Autumn,No Holiday,Yes,8332803,2,9
4771,7/3/2018,0,2.8,45.0,1.7,1493,-7.9,,0.0,0.0,Spring,No Holiday,Yes,1611256,1,3
4772,21/02/2018,22,-2.2,55.0,1.4,2000,-10.0,0.0,0.0,0.0,Winter,No Holiday,Yes,1838726,1,2
4773,31/05/2018,4,14.8,85.0,0.7,478,12.2,0.0,,0.0,Spring,No Holiday,Yes,1482723,0,5
4774,14/11/2018,17,13.6,46.0,1.8,1374,2.1,0.31,,0.0,Autumn,No Holiday,Yes,8143289,2,11
4776,27/10/2018,18,8.9,39.0,3.5,2000,-4.3,,0.0,0.0,Autumn,No Holiday,Yes,5859386,2,10
4777,20/04/2018,1,11.8,60.0,0.2,918,4.2,,0.0,0.0,Spring,No Holiday,Yes,3116604,1,4
4779,3/4/2018,3,,74.0,1.7,1294,12.3,0.0,0.0,0.0,Spring,No Holiday,Yes,1324807,0,4
4780,1/6/2018,2,19.0,72.0,1.4,1258,13.8,0.0,0.0,0.0,Summer,No Holiday,Yes,3599282,1,6
4781,20/01/2018,18,4.6,55.0,3.2,232,-3.6,0.03,0.0,0.0,Winter,No Holiday,Yes,2213209,1,1
4782,8/11/2018,12,11.4,95.0,2.5,792,10.6,0.44,,0.0,Autumn,No Holiday,Yes,676176,0,11
4783,26/02/2018,9,-1.1,53.0,0.9,1308,-9.4,0.72,0.0,0.0,Winter,No Holiday,Yes,2226617,1,2
4784,12/8/2018,17,33.7,48.0,2.3,2000,21.1,0.41,0.0,0.0,Summer,No Holiday,Yes,6389469,2,8
4785,17/07/2018,0,26.4,76.0,1.2,2000,21.8,0.0,0.0,0.0,Summer,No Holiday,Yes,5580425,1,7
4787,19/10/2018,19,15.3,53.0,2.4,2000,5.7,0.0,0.0,0.0,Autumn,No Holiday,Yes,9680765,2,10
4789,30/12/2017,9,0.2,76.0,1.3,249,-3.5,0.03,0.0,0.0,Winter,No Holiday,Yes,1670674,0,12
4791,20/04/2018,12,22.5,33.0,1.8,894,5.4,2.88,0.0,0.0,Spring,No Holiday,Yes,5141682,1,4
4792,27/05/2018,8,18.3,51.0,2.0,1366,7.9,0.7,0.0,0.0,Spring,No Holiday,Yes,3857366,1,5
4793,21/11/2018,23,3.9,46.0,2.0,1904,-6.6,0.0,0.0,0.0,Autumn,No Holiday,Yes,3050105,1,11
4795,23/12/2017,1,5.7,75.0,1.7,706,1.6,0.0,0.0,0.0,Winter,No Holiday,Yes,2240842,1,12
4796,13/09/2018,22,22.8,70.0,,2000,17.0,0.0,0.0,0.0,Autumn,No Holiday,Yes,9334840,2,9
4797,8/1/2018,15,3.9,33.0,1.8,1293,-10.9,0.39,0.0,0.0,Winter,No Holiday,Yes,2260489,1,1
4798,2/10/2018,11,18.3,44.0,3.0,1878,5.8,2.35,0.0,0.0,Autumn,No Holiday,No,455750,0,10
4799,11/9/2018,9,19.8,49.0,1.9,2000,8.7,1.24,0.0,0.0,Autumn,No Holiday,Yes,6678378,2,9
4800,28/02/2018,8,5.7,57.0,2.5,458,-2.1,0.04,0.0,0.0,Winter,No Holiday,Yes,4918314,1,2
4801,28/09/2018,5,14.5,60.0,1.4,2000,6.8,0.0,0.0,0.0,Autumn,No Holiday,No,849816,0,9
4802,30/09/2018,16,21.2,28.0,3.2,2000,1.9,,0.0,0.0,Autumn,No Holiday,No,796926,0,9
4803,27/04/2018,8,11.6,58.0,1.4,1150,3.6,0.79,,0.0,Spring,No Holiday,Yes,10112947,2,4
4805,27/12/2017,16,-3.2,23.0,2.7,2000,-21.4,0.57,0.0,0.0,Winter,No Holiday,Yes,1545618,1,12
4807,3/7/2018,8,24.3,83.0,0.5,1986,21.2,0.53,0.0,0.0,Summer,No Holiday,Yes,11605600,2,7
4808,15/05/2018,15,29.1,38.0,1.7,1602,13.3,1.89,,0.0,Spring,No Holiday,Yes,7370307,2,5
4809,25/03/2018,2,6.0,82.0,1.3,198,3.1,0.0,0.0,0.0,Spring,No Holiday,Yes,1238517,1,3
4810,6/1/2018,15,2.3,27.0,2.2,1877,-14.8,0.92,0.0,0.0,Winter,No Holiday,Yes,2229809,1,1
4811,29/01/2018,1,-9.8,47.0,1.3,1934,-19.0,0.0,0.0,0.0,Winter,No Holiday,Yes,693343,0,1
4812,30/07/2018,6,26.2,64.0,1.4,2000,18.8,0.01,0.0,0.0,Summer,No Holiday,Yes,3557157,1,7
4813,31/01/2018,3,-2.2,83.0,1.0,977,-4.7,,0.0,3.5,Winter,No Holiday,Yes,788915,0,1
4814,3/10/2018,18,21.5,43.0,1.8,2000,8.3,0.26,0.0,0.0,Autumn,Holiday,Yes,11826401,2,10
4815,15/09/2018,11,25.2,64.0,1.2,1938,17.8,1.31,0.0,0.0,Autumn,No Holiday,Yes,6815992,2,9
4816,26/07/2018,10,29.5,68.0,1.8,946,22.9,0.54,0.0,0.0,Summer,No Holiday,Yes,3906210,1,7
4817,9/6/2018,8,21.9,62.0,0.9,1071,14.2,1.03,0.0,0.0,Summer,No Holiday,Yes,5780129,1,6
4818,23/05/2018,11,18.9,42.0,3.8,2000,5.6,3.13,0.0,0.0,Spring,No Holiday,Yes,5142847,1,5
4819,30/12/2017,23,1.4,92.0,1.9,73,0.2,0.0,0.0,0.0,Winter,No Holiday,Yes,1013767,0,12
4820,28/12/2017,18,-0.6,62.0,1.6,1129,-6.9,,0.0,0.0,Winter,No Holiday,Yes,3012457,1,12
4821,31/12/2017,22,-2.1,36.0,1.7,2000,-15.2,0.0,0.0,0.0,Winter,Holiday,Yes,1407346,0,12
4822,15/11/2018,1,7.3,64.0,0.3,1150,0.9,0.0,0.0,0.0,Autumn,No Holiday,Yes,2885777,1,11
4823,6/7/2018,11,23.9,59.0,2.1,2000,15.3,1.08,0.0,0.0,Summer,No Holiday,Yes,5784568,1,7
4824,17/04/2018,17,18.3,29.0,4.3,1626,0.0,,0.0,0.0,Spring,No Holiday,Yes,8906813,2,4
4825,24/05/2018,4,11.7,64.0,1.6,1578,5.1,0.0,0.0,0.0,Spring,No Holiday,Yes,1071507,0,5
4826,8/12/2017,12,-2.0,30.0,1.4,1728,-17.3,1.14,0.0,0.0,Winter,No Holiday,Yes,2648814,1,12
4827,15/06/2018,12,24.4,50.0,1.6,2000,13.2,3.07,0.0,0.0,Summer,No Holiday,Yes,6240157,2,6
4829,24/06/2018,22,23.9,72.0,0.8,1098,18.5,0.0,0.0,0.0,Summer,No Holiday,Yes,10036655,2,6
4830,8/6/2018,17,26.9,49.0,2.3,1210,15.2,1.72,0.0,0.0,Summer,No Holiday,Yes,12184093,2,6
4831,20/08/2018,0,27.0,62.0,0.6,2000,19.0,0.0,0.0,0.0,Summer,No Holiday,Yes,4682070,1,8
4832,2/8/2018,9,32.9,49.0,1.8,1843,20.7,1.53,0.0,0.0,Summer,No Holiday,Yes,4885236,1,8
4833,11/7/2018,16,28.7,70.0,3.2,1586,22.6,0.73,0.0,0.0,Summer,No Holiday,Yes,6962127,2,7
4834,19/07/2018,3,24.4,85.0,0.6,678,21.7,0.0,0.0,0.0,Summer,No Holiday,Yes,2202677,1,7
4835,4/2/2018,6,-11.8,54.0,2.4,1917,-19.2,0.0,0.0,0.0,Winter,No Holiday,Yes,499305,0,2
4837,25/02/2018,8,-1.3,54.0,0.6,1597,-9.4,0.06,0.0,0.0,Winter,No Holiday,Yes,1694442,0,2
4839,18/05/2018,1,19.0,97.0,1.5,278,18.5,,1.0,0.0,Spring,No Holiday,Yes,834613,0,5
4840,20/10/2018,21,13.3,55.0,,1554,4.4,0.0,0.0,0.0,Autumn,No Holiday,Yes,6348347,2,10
4841,21/01/2018,8,,53.0,0.5,1227,-11.8,,0.0,0.0,Winter,No Holiday,Yes,819987,0,1
4842,1/7/2018,10,21.6,97.0,,266,21.0,0.13,12.0,0.0,Summer,No Holiday,Yes,594237,0,7
4843,15/05/2018,12,26.3,36.0,1.1,1133,10.0,2.88,0.0,0.0,Spring,No Holiday,Yes,5627033,2,5
4844,6/3/2018,20,8.6,,,0,32.7,,1.7,0.7,Spring,No Holiday,Yes,5553996,1,3
4845,21/07/2018,20,31.5,53.0,1.8,2000,20.7,,0.0,0.0,Summer,No Holiday,Yes,8723211,2,7
4846,5/1/2018,0,-4.7,52.0,1.8,1611,-13.0,0.0,0.0,0.0,Winter,No Holiday,Yes,1191349,0,1
4847,7/3/2018,6,2.4,65.0,1.8,1989,-3.5,0.0,0.0,0.0,Spring,No Holiday,Yes,1406646,1,3
4848,27/02/2018,9,2.5,51.0,1.0,866,-6.6,0.07,0.0,0.0,Winter,No Holiday,Yes,3120274,1,2
4849,14/07/2018,13,,59.0,2.3,1534,21.7,2.67,0.0,0.0,Summer,No Holiday,Yes,6146738,2,7
4850,15/03/2018,15,11.6,97.0,3.4,117,11.1,0.26,0.0,0.0,Spring,No Holiday,Yes,2442499,1,3
4851,3/12/2017,10,4.4,89.0,2.2,257,2.7,0.24,0.0,0.0,Winter,No Holiday,Yes,1318457,0,12
4852,12/8/2018,0,29.9,56.0,2.0,2000,20.1,,0.0,0.0,Summer,No Holiday,Yes,6072333,1,8
4853,5/2/2018,5,-11.6,45.0,2.4,2000,-21.1,0.0,0.0,0.0,Winter,No Holiday,Yes,1068975,0,2
4854,9/7/2018,23,20.4,96.0,0.6,1137,19.7,,1.0,0.0,Summer,No Holiday,Yes,845960,0,7
4855,13/08/2018,7,27.0,86.0,0.9,718,24.4,0.22,0.0,0.0,Summer,No Holiday,Yes,5925054,2,8
4856,4/8/2018,22,28.6,74.0,2.5,1804,23.5,0.0,0.0,0.0,Summer,No Holiday,Yes,7526593,2,8
4857,16/10/2018,2,11.7,70.0,1.0,1012,6.4,,0.0,0.0,Autumn,No Holiday,Yes,2992640,1,10
4858,29/06/2018,1,22.0,96.0,0.1,387,21.3,,0.1,0.0,Summer,No Holiday,Yes,2725436,1,6
4859,30/09/2018,9,18.5,62.0,0.5,1847,11.0,1.0,,0.0,Autumn,No Holiday,No,547855,0,9
4860,30/06/2018,20,24.2,88.0,0.8,1276,22.0,,0.0,0.0,Summer,No Holiday,Yes,4082723,1,6
4861,8/6/2018,7,19.1,73.0,2.0,1300,14.1,0.3,,0.0,Summer,No Holiday,Yes,8429292,2,6
4862,10/5/2018,4,12.0,79.0,0.6,1351,8.4,0.0,,0.0,Spring,No Holiday,No,905595,0,5
4863,2/3/2018,5,,49.0,1.0,1621,-15.1,0.0,0.0,0.0,Spring,No Holiday,Yes,1080730,0,3
4864,29/09/2018,20,21.3,46.0,0.1,2000,9.2,0.0,0.0,0.0,Autumn,No Holiday,Yes,9808987,2,9
4865,31/05/2018,6,14.3,82.0,0.7,653,11.2,0.05,0.0,0.0,Spring,No Holiday,Yes,4148898,1,5
4866,24/01/2018,19,-13.8,32.0,,2000,-26.9,0.0,0.0,0.7,Winter,No Holiday,Yes,2010594,1,1
4867,22/11/2018,21,2.2,28.0,3.2,2000,-14.4,0.0,0.0,0.0,Autumn,No Holiday,Yes,4879511,1,11
4868,27/06/2018,16,25.0,74.0,2.2,578,20.0,0.52,0.0,0.0,Summer,No Holiday,Yes,8769953,2,6
4869,10/9/2018,1,20.5,58.0,1.7,2000,11.9,0.0,0.0,0.0,Autumn,No Holiday,Yes,3306517,1,9
4870,5/7/2018,15,28.8,66.0,0.9,1806,21.8,1.55,0.0,0.0,Summer,No Holiday,Yes,5498812,1,7
4871,4/10/2018,14,24.3,39.0,1.7,2000,9.4,2.18,0.0,0.0,Autumn,No Holiday,No,743549,0,10
4872,5/12/2017,4,-7.2,34.0,3.0,2000,-20.4,0.0,0.0,0.0,Winter,No Holiday,Yes,784292,0,12
4873,3/6/2018,9,22.7,39.0,0.7,1880,8.0,1.91,0.0,0.0,Summer,No Holiday,Yes,4320868,1,6
4874,17/04/2018,23,10.1,41.0,1.1,1509,-2.5,0.0,0.0,0.0,Spring,No Holiday,Yes,3713982,1,4
4875,21/04/2018,0,16.3,59.0,0.2,756,8.2,0.0,0.0,0.0,Spring,No Holiday,Yes,4504098,1,4
4876,23/06/2018,1,22.5,39.0,1.1,2000,7.8,0.0,0.0,0.0,Summer,No Holiday,Yes,6067650,2,6
4877,24/02/2018,9,0.6,64.0,3.8,430,-5.4,0.65,,0.0,Winter,No Holiday,Yes,1477662,1,2
4878,15/03/2018,13,12.7,97.0,2.6,467,12.2,0.23,0.0,0.0,Spring,No Holiday,Yes,1659108,1,3
4879,24/12/2017,8,4.6,91.0,1.7,95,3.2,0.0,0.0,0.0,Winter,Holiday,Yes,976132,0,12
4880,23/02/2018,19,6.9,73.0,3.7,369,2.3,,0.0,0.0,Winter,No Holiday,Yes,2980145,1,2
4881,21/06/2018,18,27.8,43.0,3.0,1933,14.0,1.35,0.0,0.0,Summer,No Holiday,Yes,17145647,2,6
4882,2/10/2018,18,19.2,48.0,2.2,2000,7.9,0.28,,0.0,Autumn,No Holiday,No,595383,0,10
4883,16/09/2018,10,22.9,74.0,1.3,1162,18.0,0.84,0.0,0.0,Autumn,No Holiday,Yes,4980029,1,9
4884,22/11/2018,7,,43.0,1.8,2000,-12.0,0.0,0.0,0.0,Autumn,No Holiday,Yes,4578411,1,11
4885,1/2/2018,16,1.1,26.0,2.1,1957,-16.3,0.82,0.0,0.0,Winter,No Holiday,Yes,2295239,1,2
4886,28/05/2018,18,26.0,39.0,2.7,1950,10.9,1.07,0.0,0.0,Spring,No Holiday,Yes,16362942,2,5
4887,6/10/2018,13,17.7,89.0,5.0,2000,15.8,0.62,0.5,0.0,Autumn,No Holiday,Yes,3433587,1,10
4888,5/6/2018,6,17.8,73.0,0.4,1188,12.8,0.04,0.0,0.0,Summer,No Holiday,Yes,4341759,1,6
4889,6/9/2018,23,23.9,71.0,4.7,1982,18.3,,0.0,0.0,Autumn,No Holiday,Yes,3525846,1,9
4890,3/10/2018,10,17.3,53.0,0.7,1406,7.6,1.83,0.0,0.0,Autumn,Holiday,Yes,5953110,2,10
4891,11/12/2017,16,-6.0,40.0,4.0,2000,-17.4,,0.0,0.0,Winter,No Holiday,Yes,1827649,1,12
4893,1/5/2018,3,18.1,85.0,1.0,284,15.5,0.0,0.0,0.0,Spring,Holiday,Yes,2521169,1,5
4894,13/09/2018,8,20.9,68.0,1.3,2000,14.7,0.18,0.0,0.0,Autumn,No Holiday,Yes,12442019,2,9
4895,11/10/2018,17,13.2,36.0,3.6,2000,-1.5,,0.0,0.0,Autumn,No Holiday,Yes,9165993,2,10
4897,20/01/2018,12,5.3,55.0,2.6,904,-3.0,0.85,0.0,0.0,Winter,No Holiday,Yes,2712515,1,1
4898,15/03/2018,7,14.3,97.0,0.3,189,13.8,0.0,0.0,0.0,Spring,No Holiday,Yes,303979,0,3
4900,19/04/2018,8,9.6,39.0,0.8,1003,-3.7,0.79,0.0,0.0,Spring,No Holiday,Yes,529693,0,4
4901,28/09/2018,4,14.7,62.0,1.5,2000,7.4,0.0,0.0,0.0,Autumn,No Holiday,No,121895,0,9
4902,8/10/2018,1,11.7,52.0,1.1,2000,2.1,0.0,0.0,0.0,Autumn,No Holiday,Yes,2705685,1,10
4905,1/2/2018,18,-1.0,28.0,,2000,-17.2,0.08,0.0,0.0,Winter,No Holiday,Yes,3379037,1,2
4906,1/6/2018,3,18.6,72.0,1.4,1340,13.4,0.0,0.0,0.0,Summer,No Holiday,Yes,1912944,1,6
4907,22/11/2018,8,,33.0,0.5,2000,-15.4,0.04,0.0,0.0,Autumn,No Holiday,Yes,8690169,2,11
4908,21/01/2018,14,5.4,18.0,1.2,1923,-17.0,0.96,,0.0,Winter,No Holiday,Yes,2454828,1,1
4909,7/6/2018,21,21.5,69.0,2.6,942,15.5,0.0,0.0,0.0,Summer,No Holiday,Yes,11681038,2,6
4910,13/09/2018,21,23.8,67.0,0.6,2000,17.2,0.0,0.0,0.0,Autumn,No Holiday,Yes,10438130,2,9
4911,31/07/2018,17,38.0,36.0,1.3,1989,20.3,2.03,0.0,0.0,Summer,No Holiday,Yes,6876258,2,7
4912,7/6/2018,2,18.8,88.0,0.3,500,16.7,,0.0,0.0,Summer,No Holiday,Yes,2317352,1,6
4913,7/11/2018,19,13.8,81.0,1.5,760,10.5,0.0,0.0,0.0,Autumn,No Holiday,Yes,6299188,2,11
4914,2/11/2018,16,18.8,32.0,1.4,1717,1.7,1.09,0.0,0.0,Autumn,No Holiday,Yes,8413408,2,11
4915,16/01/2018,1,1.2,64.0,0.7,455,-4.8,0.0,0.0,0.0,Winter,No Holiday,Yes,1787100,1,1
4916,7/9/2018,0,21.3,82.0,3.5,1933,18.0,0.0,1.0,0.0,Autumn,No Holiday,Yes,3747139,1,9
4917,21/11/2018,15,5.7,53.0,2.0,2000,-3.1,,0.0,0.0,Autumn,No Holiday,Yes,3738691,1,11
4918,8/9/2018,3,17.8,60.0,,2000,9.9,,0.0,0.0,Autumn,No Holiday,Yes,3001270,1,9
4919,19/04/2018,18,19.1,31.0,3.0,958,1.5,0.7,0.0,0.0,Spring,No Holiday,Yes,11288935,2,4
4920,2/10/2018,20,16.8,62.0,2.0,2000,9.4,0.0,0.0,0.0,Autumn,No Holiday,No,347578,0,10
4921,11/4/2018,18,15.2,21.0,2.9,2000,-7.0,0.94,0.0,0.0,Spring,No Holiday,No,996472,0,4
4922,14/07/2018,0,25.7,85.0,0.4,1519,22.9,0.0,0.0,0.0,Summer,No Holiday,Yes,6168008,2,7
4923,3/5/2018,18,13.4,49.0,2.4,1982,2.8,0.6,0.0,0.0,Spring,No Holiday,Yes,12558228,2,5
4924,3/4/2018,4,16.9,74.0,1.2,1199,12.2,0.0,0.0,0.0,Spring,No Holiday,Yes,1459444,0,4
4925,9/9/2018,23,21.2,56.0,2.5,2000,12.0,0.0,0.0,0.0,Autumn,No Holiday,Yes,4643664,1,9
4926,16/07/2018,15,33.4,44.0,3.1,1928,19.4,2.95,0.0,0.0,Summer,No Holiday,Yes,4293774,1,7
4927,20/10/2018,18,16.6,41.0,2.4,1811,3.2,0.04,0.0,0.0,Autumn,No Holiday,Yes,8772606,2,10
4928,28/09/2018,5,14.5,60.0,1.4,2000,6.8,0.0,0.0,0.0,Autumn,No Holiday,No,849816,0,9
4929,1/7/2018,23,21.5,97.0,1.5,523,20.9,0.0,5.0,0.0,Summer,No Holiday,Yes,975277,0,7
4931,21/11/2018,11,7.4,30.0,1.4,2000,-9.0,,0.0,0.0,Autumn,No Holiday,Yes,3616011,1,11
4932,21/09/2018,11,18.9,91.0,1.8,1938,17.3,0.64,0.5,0.0,Autumn,No Holiday,Yes,1307728,0,9
4934,6/10/2018,16,21.5,62.0,3.4,2000,13.9,,0.0,0.0,Autumn,No Holiday,Yes,8175653,2,10
4936,17/02/2018,11,-2.8,19.0,2.6,1957,-23.2,1.91,0.0,0.0,Winter,Holiday,Yes,1064577,0,2
4937,17/05/2018,20,21.3,97.0,2.8,388,20.7,0.0,,0.0,Spring,No Holiday,Yes,279599,0,5
4939,7/6/2018,14,28.2,44.0,1.7,644,14.7,3.11,0.0,0.0,Summer,No Holiday,Yes,5771716,2,6
4940,2/1/2018,20,-1.9,26.0,2.2,2000,-18.9,0.0,0.0,0.0,Winter,No Holiday,Yes,2629922,1,1
4941,22/02/2018,2,-2.9,57.0,0.0,1985,-10.2,0.0,0.0,0.0,Winter,No Holiday,Yes,984371,0,2
4942,25/10/2018,6,7.5,86.0,1.3,1301,5.3,0.0,0.0,0.0,Autumn,No Holiday,Yes,2834682,1,10
4943,3/9/2018,0,24.7,67.0,1.2,2000,18.1,0.0,0.0,0.0,Autumn,No Holiday,Yes,4716853,1,9
4944,10/8/2018,3,26.7,84.0,0.4,994,23.7,0.0,0.0,0.0,Summer,No Holiday,Yes,2141401,1,8
4945,25/01/2018,13,-11.4,27.0,3.9,2000,-26.7,1.26,0.0,0.6,Winter,No Holiday,Yes,936310,0,1
4946,10/6/2018,20,22.8,55.0,1.3,2000,13.2,,0.0,0.0,Summer,No Holiday,Yes,12566063,2,6
4947,6/8/2018,9,28.4,87.0,1.7,1313,26.0,0.56,,0.0,Summer,No Holiday,Yes,4272626,1,8
4948,17/01/2018,18,5.2,62.0,2.9,503,-1.5,0.01,0.0,0.0,Winter,No Holiday,Yes,3564091,1,1
4949,28/07/2018,3,28.5,81.0,1.2,911,24.9,0.0,,0.0,Summer,No Holiday,Yes,2881287,1,7
4950,3/1/2018,13,-2.2,31.0,2.3,1910,-17.0,1.13,0.0,0.0,Winter,No Holiday,Yes,1839654,1,1
4951,17/12/2017,15,-2.5,28.0,2.0,2000,-18.5,0.85,0.0,0.0,Winter,No Holiday,Yes,2197632,1,12
4952,27/09/2018,8,14.8,51.0,1.1,2000,4.7,0.59,0.0,0.0,Autumn,No Holiday,Yes,10687320,2,9
4953,8/7/2018,6,17.8,58.0,1.1,2000,9.4,0.04,0.0,0.0,Summer,No Holiday,Yes,1642964,1,7
4954,27/10/2018,21,7.3,49.0,3.4,2000,-2.7,0.0,0.0,0.0,Autumn,No Holiday,Yes,4089961,1,10
4955,9/6/2018,3,19.1,84.0,0.6,421,16.3,,0.0,0.0,Summer,No Holiday,Yes,3425833,1,6
4956,12/8/2018,12,33.8,44.0,2.0,1899,19.8,2.72,,0.0,Summer,No Holiday,Yes,3569113,1,8
4957,3/4/2018,0,,,,2,10.5,,0.0,0.3,Spring,No Holiday,No,4082723,1,4
4958,10/3/2018,1,2.0,75.0,1.0,658,-1.9,0.0,0.0,0.0,Spring,No Holiday,Yes,1940089,1,3
4959,18/07/2018,16,33.1,42.0,2.9,1712,18.4,2.52,0.0,0.0,Summer,No Holiday,Yes,5360903,1,7
4960,11/2/2018,0,-6.9,36.0,2.1,2000,-19.5,0.0,0.0,0.0,Winter,No Holiday,Yes,1237373,0,2
4961,22/10/2018,22,12.7,60.0,0.0,680,5.1,0.0,0.0,0.0,Autumn,No Holiday,Yes,7093183,2,10
4962,21/05/2018,13,22.8,31.0,1.9,1923,4.7,3.49,0.0,0.0,Spring,No Holiday,Yes,7864175,2,5
4963,14/02/2018,15,8.7,48.0,4.1,767,-1.7,1.68,0.0,0.0,Winter,No Holiday,Yes,2633176,1,2
4964,27/06/2018,19,24.9,70.0,1.8,1131,19.0,0.24,0.0,0.0,Summer,No Holiday,Yes,13246790,2,6
4966,17/07/2018,15,31.9,51.0,3.3,1465,20.4,3.01,0.0,0.0,Summer,No Holiday,Yes,4851676,1,7
4967,26/06/2018,14,21.0,97.0,0.7,381,20.4,,2.5,0.0,Summer,No Holiday,Yes,463963,0,6
4968,21/04/2018,8,14.6,54.0,0.9,431,5.3,0.89,,0.0,Spring,No Holiday,Yes,3166462,1,4
4969,12/11/2018,5,4.0,71.0,0.0,2000,-0.7,0.0,0.0,0.0,Autumn,No Holiday,Yes,1200822,0,11
4970,23/02/2018,20,6.4,77.0,2.8,316,2.6,0.0,0.0,0.0,Winter,No Holiday,Yes,1815400,1,2
4971,24/05/2018,2,12.5,54.0,0.7,1500,3.4,0.0,0.0,0.0,Spring,No Holiday,Yes,2933957,1,5
4972,22/02/2018,22,2.9,65.0,2.3,1150,-3.0,0.0,0.0,0.0,Winter,No Holiday,Yes,2360922,1,2
4973,11/1/2018,20,-11.6,49.0,1.8,1953,-20.1,0.0,0.0,0.0,Winter,No Holiday,Yes,1906513,0,1
4974,14/04/2018,0,14.8,27.0,2.1,2000,-4.0,0.0,0.0,0.0,Spring,No Holiday,Yes,4296795,1,4
4975,27/10/2018,9,8.3,55.0,4.0,1853,-0.2,0.89,0.0,0.0,Autumn,No Holiday,Yes,4380682,1,10
4976,8/1/2018,16,3.5,36.0,1.7,1702,-10.2,0.16,0.0,0.0,Winter,No Holiday,Yes,2564902,1,1
4977,13/10/2018,2,8.0,74.0,0.5,1786,3.6,0.0,0.0,0.0,Autumn,No Holiday,Yes,3103508,1,10
4978,2/11/2018,3,5.7,72.0,0.8,1368,1.0,0.0,0.0,0.0,Autumn,No Holiday,Yes,1662385,1,11
4979,20/07/2018,16,34.3,45.0,2.3,1466,20.6,,0.0,0.0,Summer,No Holiday,Yes,4958010,1,7
4980,9/4/2018,17,15.3,26.0,0.9,1257,-4.1,1.39,0.0,0.0,Spring,No Holiday,Yes,8491368,2,4
4981,10/12/2017,7,-0.4,92.0,1.1,121,-1.5,0.0,0.0,4.0,Winter,No Holiday,Yes,535387,0,12
4982,27/02/2018,0,2.6,40.0,1.8,1095,-9.6,0.0,0.0,0.0,Winter,No Holiday,Yes,1406750,1,2
4983,1/7/2018,21,21.8,97.0,0.6,692,21.2,0.0,3.5,0.0,Summer,No Holiday,Yes,597302,0,7
4984,2/6/2018,12,,59.0,,1413,4.2,,0.1,0.1,Summer,No Holiday,Yes,237647,0,6
4986,26/11/2018,16,13.2,44.0,1.6,710,1.1,0.76,0.0,0.0,Autumn,No Holiday,Yes,5019859,1,11
4987,23/10/2018,7,10.4,71.0,0.6,557,5.3,,0.0,0.0,Autumn,No Holiday,Yes,4672990,1,10
4988,16/08/2018,23,25.0,44.0,2.2,2000,11.8,0.0,0.0,0.0,Summer,No Holiday,Yes,7978317,2,8
4989,17/09/2018,20,,,5.7,463,34.7,,0.0,0.0,Autumn,No Holiday,No,3718446,1,9
4990,24/07/2018,9,31.7,59.0,1.0,1706,22.6,1.69,0.0,0.0,Summer,No Holiday,Yes,5264049,1,7
4991,7/8/2018,9,29.3,66.0,1.1,2000,22.2,,0.0,0.0,Summer,No Holiday,Yes,5045461,1,8
4992,26/07/2018,11,30.2,67.0,1.5,1003,23.3,0.87,0.0,0.0,Summer,No Holiday,Yes,3650938,1,7
4993,13/05/2018,6,13.5,98.0,0.4,251,13.1,0.01,0.0,0.0,Spring,No Holiday,Yes,1417816,0,5
4994,22/12/2017,1,-1.6,79.0,0.6,784,-4.7,0.0,0.0,0.8,Winter,Holiday,Yes,1651188,1,12
4996,6/7/2018,16,26.6,54.0,2.3,2000,16.5,1.24,0.0,0.0,Summer,No Holiday,Yes,8504160,2,7
4997,20/02/2018,2,-0.8,76.0,0.8,421,-4.5,0.0,0.0,0.0,Winter,No Holiday,Yes,1283628,0,2
4998,9/7/2018,8,20.7,73.0,0.8,2000,15.6,0.3,0.2,0.0,Summer,No Holiday,Yes,4418952,1,7
4999,17/04/2018,22,11.0,34.0,1.2,1529,-4.2,0.0,0.0,0.0,Spring,No Holiday,Yes,5958120,2,4
5000,30/08/2018,17,26.8,73.0,2.6,916,21.5,0.37,0.0,0.0,Summer,No Holiday,Yes,7986782,2,8
5001,29/08/2018,7,25.0,85.0,3.0,2000,22.2,0.02,0.0,0.0,Summer,No Holiday,Yes,4708082,1,8
5002,2/7/2018,23,23.4,98.0,0.3,662,23.0,0.0,0.5,0.0,Summer,No Holiday,Yes,1055249,0,7
5003,3/10/2018,23,16.1,63.0,0.6,2000,9.0,0.0,0.0,0.0,Autumn,Holiday,Yes,6080676,1,10
5004,19/12/2017,5,-3.9,66.0,0.7,1209,-9.3,0.0,0.0,2.6,Winter,No Holiday,Yes,867308,0,12
5005,28/03/2018,6,9.6,84.0,0.7,301,7.0,0.0,0.0,0.0,Spring,No Holiday,Yes,1827966,1,3
5006,7/12/2017,8,-0.2,96.0,0.8,173,-0.7,0.01,0.0,0.8,Winter,No Holiday,Yes,4520942,1,12
5007,6/2/2018,9,-12.3,39.0,3.7,1984,-23.4,0.45,0.0,0.0,Winter,No Holiday,Yes,1988534,1,2
5008,8/5/2018,20,15.8,47.0,1.8,2000,4.4,,0.0,0.0,Spring,No Holiday,Yes,9847864,2,5
5009,30/03/2018,2,10.8,72.0,0.4,639,5.9,0.0,0.0,0.0,Spring,No Holiday,Yes,2148691,1,3
5010,5/6/2018,13,28.6,34.0,2.0,1274,11.1,2.82,0.0,0.0,Summer,No Holiday,Yes,6146269,1,6
5011,10/3/2018,12,7.1,50.0,2.2,909,-2.6,2.47,0.0,0.0,Spring,No Holiday,Yes,3516315,1,3
5012,5/7/2018,9,24.2,84.0,,632,21.3,0.49,0.0,0.0,Summer,No Holiday,Yes,5912134,1,7
5013,17/11/2018,3,2.5,77.0,2.3,992,-1.1,0.0,0.0,0.0,Autumn,No Holiday,Yes,2174242,1,11
5015,10/11/2018,1,11.2,78.0,1.1,467,7.4,0.0,0.0,0.0,Autumn,No Holiday,Yes,4136752,1,11
5016,19/08/2018,4,23.6,61.0,0.3,2000,15.6,0.0,0.0,0.0,Summer,No Holiday,Yes,1532914,1,8
5017,17/01/2018,19,4.2,68.0,2.4,446,-1.1,0.0,0.0,0.0,Winter,No Holiday,Yes,2207554,1,1
5018,16/11/2018,6,7.1,65.0,0.5,713,0.9,0.0,0.0,0.0,Autumn,No Holiday,Yes,2617741,1,11
5019,23/01/2018,21,-13.2,49.0,4.1,2000,-21.6,0.0,0.0,0.9,Winter,No Holiday,Yes,1450404,0,1
5021,10/10/2018,7,12.3,84.0,3.2,1220,9.6,0.0,0.0,0.0,Autumn,No Holiday,Yes,6326579,2,10
5022,24/12/2017,12,4.1,91.0,0.8,404,2.7,0.07,9.5,0.0,Winter,Holiday,Yes,147744,0,12
5024,7/11/2018,9,11.2,86.0,1.0,372,8.9,0.09,0.5,0.0,Autumn,No Holiday,Yes,4382561,1,11
5025,12/12/2017,8,-12.3,52.0,1.3,1914,-20.1,0.0,,0.0,Winter,No Holiday,Yes,3239331,1,12
5026,4/5/2018,0,10.0,63.0,2.1,1653,3.2,0.0,0.0,0.0,Spring,No Holiday,Yes,4110794,1,5
5027,10/8/2018,19,33.4,49.0,,2000,21.2,,0.0,0.0,Summer,No Holiday,Yes,10495433,2,8
5028,6/7/2018,14,27.0,52.0,2.1,2000,16.2,2.51,,0.0,Summer,No Holiday,Yes,6905525,2,7
5029,17/08/2018,10,27.0,36.0,2.2,1977,10.6,2.34,0.0,0.0,Summer,No Holiday,Yes,4359671,1,8
5030,6/8/2018,4,28.4,82.0,0.5,1144,25.0,0.0,0.0,0.0,Summer,No Holiday,Yes,1179665,0,8
5031,19/05/2018,3,10.7,73.0,1.3,2000,6.0,0.0,0.0,0.0,Spring,No Holiday,Yes,2275800,1,5
5032,1/8/2018,20,34.5,62.0,2.8,1701,26.1,,,0.0,Summer,No Holiday,Yes,7634917,2,8
5033,21/01/2018,0,-0.3,60.0,1.9,340,-7.1,0.0,,0.0,Winter,No Holiday,Yes,1774685,1,1
5034,31/08/2018,21,24.5,78.0,1.2,2000,20.4,0.0,0.0,0.0,Summer,No Holiday,Yes,10007557,2,8
5035,5/12/2017,20,-3.5,46.0,0.0,2000,-13.4,0.0,0.0,0.0,Winter,No Holiday,Yes,2784563,1,12
5036,20/01/2018,2,-0.9,65.0,0.6,1369,-6.6,,0.0,0.0,Winter,No Holiday,Yes,1484607,1,1
5038,8/11/2018,22,12.4,96.0,2.7,545,11.7,0.0,,0.0,Autumn,No Holiday,Yes,222862,0,11
5039,3/2/2018,22,-9.7,45.0,3.0,2000,-19.4,0.0,0.0,0.0,Winter,No Holiday,Yes,955372,0,2
5040,21/04/2018,12,24.3,14.0,3.3,1701,-4.9,3.19,0.0,0.0,Spring,No Holiday,Yes,5663731,2,4
5041,18/08/2018,23,25.9,52.0,1.3,2000,15.2,0.0,0.0,0.0,Summer,No Holiday,Yes,7602996,2,8
5042,6/11/2018,5,8.8,84.0,0.6,420,6.2,0.0,0.0,0.0,Autumn,No Holiday,No,779235,0,11
5043,2/2/2018,3,-6.3,63.0,0.9,1425,-12.2,0.0,0.0,0.0,Winter,No Holiday,Yes,941513,0,2
5044,29/06/2018,10,24.4,76.0,2.1,617,19.8,1.58,0.0,0.0,Summer,No Holiday,Yes,4765763,1,6
5045,30/12/2017,22,1.8,92.0,1.2,94,0.6,0.0,0.0,0.0,Winter,No Holiday,Yes,995977,0,12
5046,1/8/2018,7,28.2,68.0,0.5,1748,21.7,0.27,0.0,0.0,Summer,No Holiday,Yes,5404067,1,8
5047,31/12/2017,7,,86.0,1.7,367,-3.8,0.0,0.0,1.2,Winter,Holiday,Yes,466268,0,12
5049,20/02/2018,14,5.0,20.0,3.7,1866,-16.1,,0.0,0.0,Winter,No Holiday,Yes,2297559,1,2
5050,31/08/2018,2,23.4,79.0,0.4,1045,19.5,0.0,0.0,0.0,Summer,No Holiday,Yes,2913208,1,8
5051,30/12/2017,14,4.3,60.0,1.2,272,-2.7,0.4,,0.0,Winter,No Holiday,Yes,2794837,1,12
5052,6/8/2018,23,29.4,79.0,1.2,777,25.3,0.0,2.0,0.0,Summer,No Holiday,Yes,5361855,1,8
5053,16/11/2018,18,9.9,74.0,2.6,492,5.4,0.0,0.0,0.0,Autumn,No Holiday,Yes,10760264,2,11
5054,7/6/2018,16,29.3,41.0,2.0,905,14.6,1.95,0.0,0.0,Summer,No Holiday,Yes,8476811,2,6
5055,4/1/2018,18,-2.6,38.0,1.4,1604,-14.9,0.0,0.0,0.0,Winter,No Holiday,Yes,4154384,1,1
5056,9/8/2018,13,29.7,80.0,1.7,1312,25.8,0.73,0.4,0.0,Summer,No Holiday,Yes,3831014,1,8
5057,16/05/2018,16,21.8,97.0,1.8,206,21.2,0.18,0.0,0.0,Spring,No Holiday,Yes,1206145,1,5
5058,17/09/2018,11,23.8,54.0,2.1,1626,13.9,2.55,0.0,0.0,Autumn,No Holiday,Yes,5403099,1,9
5059,11/7/2018,13,28.7,69.0,2.6,1546,22.4,1.02,0.0,0.0,Summer,No Holiday,Yes,5578974,1,7
5060,24/12/2017,3,5.2,82.0,0.8,190,2.3,0.0,0.0,0.0,Winter,Holiday,Yes,1303420,0,12
5061,1/10/2018,8,13.7,54.0,2.4,1960,4.5,0.39,0.0,0.0,Autumn,No Holiday,Yes,11710130,2,10
5062,8/5/2018,0,16.4,72.0,0.8,1046,11.3,0.0,0.0,0.0,Spring,No Holiday,Yes,3709316,1,5
5063,19/08/2018,22,27.7,62.0,0.6,2000,19.7,0.0,0.0,0.0,Summer,No Holiday,Yes,8545788,2,8
5064,17/04/2018,21,11.7,31.0,2.6,1617,-4.9,0.0,0.0,0.0,Spring,No Holiday,Yes,7334059,2,4
5065,17/01/2018,23,-4.3,,2.1,1724,45.7,,3.7,0.9,Winter,No Holiday,No,1006766,0,1
5066,6/4/2018,16,6.6,50.0,4.0,645,-3.1,,,0.0,Spring,No Holiday,Yes,3239196,1,4
5067,29/11/2018,15,6.5,32.0,2.6,1321,-9.0,0.35,0.0,0.0,Autumn,No Holiday,Yes,4351420,1,11
5068,19/08/2018,14,33.4,31.0,1.2,1962,13.9,2.73,0.0,0.0,Summer,No Holiday,Yes,5316583,1,8
5069,30/01/2018,19,-1.7,91.0,1.1,167,-2.9,0.0,,3.0,Winter,No Holiday,Yes,793561,0,1
5070,1/4/2018,20,17.1,80.0,1.5,480,13.6,0.0,0.0,0.0,Spring,No Holiday,Yes,4989988,1,4
5071,18/10/2018,12,16.8,50.0,1.6,2000,6.3,1.94,0.0,0.0,Autumn,No Holiday,Yes,6480589,2,10
5072,15/07/2018,1,25.5,83.0,2.3,1576,22.3,0.0,0.0,0.0,Summer,No Holiday,Yes,5033530,1,7
5073,8/2/2018,2,-8.3,65.0,0.4,1750,-13.7,0.0,0.0,0.0,Winter,No Holiday,Yes,1121671,0,2
5074,20/07/2018,10,29.8,59.0,1.2,973,20.9,2.32,0.0,0.0,Summer,No Holiday,Yes,4171946,1,7
5075,23/08/2018,23,26.1,84.0,1.9,1801,23.1,0.0,0.5,0.0,Summer,No Holiday,Yes,2125777,1,8
5076,5/2/2018,2,,55.0,1.5,2000,-18.4,0.0,0.0,0.0,Winter,No Holiday,Yes,371041,0,2
5077,22/07/2018,16,37.8,31.0,2.5,1929,17.7,2.46,0.0,0.0,Summer,No Holiday,Yes,4417602,1,7
5078,18/04/2018,19,14.7,40.0,2.4,1207,1.2,0.21,0.0,0.0,Spring,No Holiday,Yes,6084213,1,4
5079,30/06/2018,4,21.7,93.0,0.1,244,20.5,0.0,0.0,0.0,Summer,No Holiday,Yes,2712703,1,6
5080,11/6/2018,13,23.7,49.0,1.2,2000,12.3,1.04,,0.0,Summer,No Holiday,Yes,6486581,2,6
5081,2/7/2018,10,21.4,97.0,0.6,563,20.8,0.27,1.0,0.0,Summer,No Holiday,Yes,961769,0,7
5082,14/03/2018,3,14.0,67.0,2.3,1733,7.9,0.0,0.0,0.0,Spring,No Holiday,Yes,1753266,0,3
5083,9/8/2018,18,28.1,86.0,2.3,1244,25.5,0.28,0.5,0.0,Summer,No Holiday,Yes,10189203,2,8
5084,3/5/2018,5,7.0,85.0,,2000,4.6,0.0,0.0,0.0,Spring,No Holiday,Yes,919091,0,5
5086,1/3/2018,6,3.0,96.0,2.7,303,2.4,0.0,0.4,0.0,Spring,Holiday,Yes,551694,0,3
5088,4/11/2018,19,12.9,56.0,2.5,1345,4.3,0.0,0.0,0.0,Autumn,No Holiday,Yes,6623568,2,11
5089,13/10/2018,7,6.2,83.0,0.8,1100,3.5,0.01,0.0,0.0,Autumn,No Holiday,Yes,2460562,1,10
5090,26/06/2018,6,22.5,83.0,0.8,537,19.4,0.0,0.4,0.0,Summer,No Holiday,Yes,893723,0,6
5091,8/2/2018,17,1.5,24.0,1.9,1788,-16.9,0.72,0.0,0.0,Winter,No Holiday,Yes,2791374,1,2
5092,18/10/2018,22,11.6,61.0,0.2,2000,4.3,0.0,0.0,0.0,Autumn,No Holiday,Yes,6498656,2,10
5093,24/09/2018,21,16.8,58.0,1.2,2000,8.4,0.0,0.0,0.0,Autumn,Holiday,Yes,7045406,2,9
5094,26/11/2018,19,8.4,61.0,0.3,573,1.3,0.0,0.0,0.0,Autumn,No Holiday,Yes,6743068,2,11
5095,28/08/2018,4,22.6,95.0,0.4,1919,21.7,0.0,0.0,0.0,Summer,No Holiday,Yes,1425089,1,8
5096,18/02/2018,2,-4.7,33.0,0.1,2000,-18.5,0.0,0.0,0.0,Winter,No Holiday,Yes,734408,0,2
5097,21/07/2018,4,25.6,77.0,1.2,1203,21.2,0.0,,0.0,Summer,No Holiday,Yes,1931215,1,7
5098,4/12/2017,18,-2.1,29.0,3.9,2000,-17.7,0.0,0.0,0.0,Winter,No Holiday,Yes,4287197,1,12
5099,7/11/2018,12,13.2,77.0,1.3,589,9.2,0.5,0.0,0.0,Autumn,No Holiday,Yes,4249870,1,11
5100,4/9/2018,11,24.5,64.0,2.7,2000,17.2,2.7,0.0,0.0,Autumn,No Holiday,Yes,5069343,1,9
5101,20/02/2018,5,-1.8,82.0,1.3,375,-4.4,0.0,0.0,0.0,Winter,No Holiday,Yes,1261640,0,2
5102,16/11/2018,9,8.2,61.0,0.6,586,1.1,0.26,,0.0,Autumn,No Holiday,Yes,5513660,1,11
5103,22/05/2018,7,16.3,69.0,0.7,1750,10.5,0.34,0.0,0.0,Spring,Holiday,Yes,3327507,1,5
5104,25/07/2018,18,32.2,58.0,2.5,1553,22.8,0.44,0.0,0.0,Summer,No Holiday,Yes,12347504,2,7
5105,19/03/2018,4,6.3,90.0,1.0,240,4.7,0.0,0.0,0.0,Spring,No Holiday,Yes,794575,0,3
5106,10/9/2018,21,22.5,48.0,1.4,2000,10.9,0.0,0.0,0.0,Autumn,No Holiday,Yes,10468409,2,9
5107,22/02/2018,10,0.9,44.0,1.1,1826,-10.0,1.16,0.0,0.0,Winter,No Holiday,Yes,1966500,1,2
5108,26/04/2018,13,20.6,30.0,,1048,2.3,2.67,0.0,0.0,Spring,No Holiday,Yes,6921356,2,4
5109,17/06/2018,1,20.9,79.0,2.0,932,17.1,0.0,0.0,0.0,Summer,No Holiday,Yes,5256075,1,6
5110,22/05/2018,11,21.9,55.0,1.4,1820,12.4,1.87,0.0,0.0,Spring,Holiday,Yes,7683492,2,5
5111,13/12/2017,5,-11.5,58.0,1.1,1923,-18.1,0.0,0.0,0.0,Winter,No Holiday,Yes,600201,0,12
5112,10/7/2018,16,26.3,74.0,0.7,1580,21.2,0.52,0.0,0.0,Summer,No Holiday,Yes,7658835,2,7
5113,1/12/2017,16,1.2,54.0,4.2,793,-7.0,0.24,0.0,0.0,Winter,No Holiday,Yes,2756854,1,12
5115,26/08/2018,20,22.4,64.0,0.8,2000,15.2,0.0,,0.0,Summer,No Holiday,Yes,8902054,2,8
5116,7/5/2018,4,14.4,85.0,0.8,1437,11.9,0.0,0.0,0.0,Spring,No Holiday,Yes,1171637,0,5
5117,21/02/2018,15,4.2,15.0,2.7,1995,-20.2,2.21,,0.0,Winter,No Holiday,Yes,2068691,1,2
5120,14/02/2018,6,1.1,66.0,0.9,1550,-4.5,0.0,0.0,0.0,Winter,No Holiday,Yes,776572,0,2
5121,12/8/2018,20,29.4,86.0,1.1,1194,26.8,,4.0,0.0,Summer,No Holiday,Yes,6576564,2,8
5122,16/07/2018,3,25.1,85.0,0.7,1507,22.3,0.0,0.0,0.0,Summer,No Holiday,Yes,1673263,1,7
5123,9/2/2018,5,-4.2,44.0,1.1,1196,-14.6,0.0,0.0,0.0,Winter,No Holiday,Yes,544133,0,2
5124,11/9/2018,8,17.8,53.0,1.4,2000,8.0,0.51,0.0,0.0,Autumn,No Holiday,Yes,12275424,2,9
5125,1/9/2018,19,27.8,48.0,1.1,2000,15.7,0.08,0.0,0.0,Autumn,No Holiday,Yes,9768984,2,9
5126,30/03/2018,9,13.7,46.0,1.3,972,2.2,1.08,0.0,0.0,Spring,No Holiday,Yes,4210012,1,3
5127,20/05/2018,5,12.1,47.0,1.6,2000,1.1,0.0,0.0,0.0,Spring,No Holiday,Yes,1427407,0,5
5128,10/6/2018,6,18.3,71.0,0.9,2000,12.9,0.0,0.0,0.0,Summer,No Holiday,Yes,1647844,1,6
5129,5/7/2018,12,27.0,68.0,1.1,1744,20.5,1.2,0.0,0.0,Summer,No Holiday,Yes,5963095,1,7
5130,26/05/2018,8,17.8,52.0,0.6,1094,7.8,1.18,0.0,0.0,Spring,No Holiday,Yes,4217409,1,5
5131,22/11/2018,11,5.1,21.0,3.2,1965,-15.4,1.63,0.0,0.0,Autumn,No Holiday,Yes,4203837,1,11
5132,2/5/2018,21,10.5,94.0,2.8,1627,9.5,0.0,1.0,0.0,Spring,No Holiday,Yes,1705052,1,5
5133,30/11/2018,15,7.0,20.0,3.3,1994,-14.4,1.21,0.0,0.0,Autumn,No Holiday,Yes,4247867,1,11
5134,28/02/2018,13,7.6,57.0,2.3,554,-0.3,0.33,0.0,0.0,Winter,No Holiday,Yes,822492,0,2
5136,19/06/2018,23,20.1,73.0,1.9,771,15.1,0.0,0.0,0.0,Summer,No Holiday,Yes,8204945,2,6
5137,13/03/2018,22,13.5,81.0,2.8,933,10.2,,0.0,0.0,Spring,No Holiday,Yes,5103581,1,3
5138,4/5/2018,17,18.1,30.0,4.6,1925,0.2,1.86,0.0,0.0,Spring,No Holiday,Yes,10132461,2,5
5139,11/9/2018,5,17.2,54.0,1.3,2000,7.7,0.0,0.0,0.0,Autumn,No Holiday,Yes,1676138,1,9
5140,15/08/2018,17,33.6,55.0,3.9,1929,23.3,,0.0,0.0,Summer,Holiday,Yes,5353347,1,8
5141,22/01/2018,6,0.0,33.0,0.4,2000,-14.3,0.0,,0.0,Winter,No Holiday,Yes,1555360,0,1
5142,22/04/2018,4,14.9,35.0,0.8,2000,-0.4,0.0,0.0,0.0,Spring,No Holiday,Yes,1860786,1,4
5143,5/5/2018,10,18.1,46.0,2.9,1755,6.2,2.17,0.0,0.0,Spring,No Holiday,Yes,4673733,1,5
5144,23/07/2018,20,31.5,61.0,1.8,2000,23.0,,0.0,0.0,Summer,No Holiday,Yes,10406633,2,7
5145,14/01/2018,0,-4.4,81.0,0.7,414,-7.1,0.0,0.0,0.0,Winter,No Holiday,Yes,817258,0,1
5146,9/5/2018,15,21.2,35.0,2.9,1733,5.1,2.88,,0.0,Spring,No Holiday,Yes,6916122,2,5
5147,24/01/2018,5,-15.6,29.0,3.7,2000,-29.6,0.0,0.0,0.9,Winter,No Holiday,Yes,545864,0,1
5148,29/06/2018,5,22.1,97.0,0.5,152,21.5,0.0,1.5,0.0,Summer,No Holiday,Yes,1519728,0,6
5149,27/06/2018,8,19.7,97.0,1.5,200,19.2,,0.0,0.0,Summer,No Holiday,Yes,10647795,2,6
5150,28/09/2018,10,17.4,51.0,1.3,1989,7.1,0.81,0.0,0.0,Autumn,No Holiday,No,505953,0,9
5151,23/06/2018,6,21.0,48.0,0.6,2000,9.5,0.01,0.0,0.0,Summer,No Holiday,Yes,2314375,1,6
5152,7/10/2018,14,20.2,42.0,2.8,1832,6.8,1.87,0.0,0.0,Autumn,No Holiday,Yes,10701637,2,10
5153,7/4/2018,5,1.6,62.0,4.9,1372,-4.9,0.0,0.0,0.0,Spring,No Holiday,Yes,697790,0,4
5154,15/04/2018,9,8.6,66.0,1.7,881,2.5,1.16,0.0,0.0,Spring,No Holiday,Yes,3296136,1,4
5155,6/11/2018,8,8.7,77.0,0.7,529,4.8,0.11,0.0,0.0,Autumn,No Holiday,No,261241,0,11
5156,3/2/2018,17,-5.6,32.0,4.6,2000,-19.7,,,0.0,Winter,No Holiday,Yes,1204908,1,2
5157,23/01/2018,5,-10.5,46.0,3.0,2000,-19.9,0.0,0.0,1.0,Winter,No Holiday,Yes,1223511,0,1
5158,3/9/2018,0,24.7,67.0,1.2,2000,18.1,0.0,0.0,0.0,Autumn,No Holiday,Yes,4716853,1,9
5160,27/06/2018,7,19.3,98.0,1.0,188,18.9,0.06,0.0,0.0,Summer,No Holiday,Yes,6182457,1,6
5161,20/05/2018,17,22.4,23.0,2.4,2000,0.2,1.89,0.0,0.0,Spring,No Holiday,Yes,12859592,2,5
5162,20/09/2018,19,18.9,78.0,2.2,2000,14.9,0.0,0.0,0.0,Autumn,No Holiday,Yes,7377144,2,9
5163,4/11/2018,0,9.1,63.0,0.6,1292,2.4,,0.0,0.0,Autumn,No Holiday,Yes,3902822,1,11
5164,20/08/2018,1,26.6,64.0,,2000,19.2,0.0,0.0,0.0,Summer,No Holiday,Yes,3549104,1,8
5165,16/02/2018,6,-5.2,42.0,0.7,1980,-16.1,0.0,0.0,0.0,Winter,Holiday,Yes,369865,0,2
5166,12/2/2018,8,-9.1,33.0,2.1,1998,-22.4,0.03,,0.0,Winter,No Holiday,Yes,3044971,1,2
5167,11/1/2018,5,-11.9,61.0,1.8,1759,-17.9,,0.0,0.0,Winter,No Holiday,Yes,966831,0,1
5168,6/7/2018,2,22.8,65.0,1.8,2000,15.8,0.0,0.0,0.0,Summer,No Holiday,Yes,3117233,1,7
5169,15/05/2018,5,15.7,76.0,0.6,330,11.4,0.0,,0.0,Spring,No Holiday,Yes,1341558,0,5
5170,11/8/2018,0,29.8,63.0,2.0,2000,21.9,0.0,0.0,0.0,Summer,No Holiday,Yes,6107244,1,8
5171,8/12/2017,6,-6.0,56.0,3.5,1853,-13.3,0.0,0.0,0.0,Winter,No Holiday,Yes,1261441,0,12
5172,8/6/2018,16,26.6,49.0,3.2,1200,15.0,2.35,0.0,0.0,Summer,No Holiday,Yes,8260010,2,6
5173,13/05/2018,0,15.5,97.0,1.5,181,15.0,0.0,0.5,0.0,Spring,No Holiday,Yes,1342114,0,5
5174,17/04/2018,11,16.9,27.0,1.5,1354,-2.2,2.66,0.0,0.0,Spring,No Holiday,Yes,5149311,1,4
5175,4/5/2018,9,14.1,42.0,1.9,1893,1.3,1.78,0.0,0.0,Spring,No Holiday,Yes,5893634,2,5
5176,16/09/2018,23,21.3,80.0,2.6,1203,17.7,0.0,0.0,0.0,Autumn,No Holiday,Yes,3356268,1,9
5177,31/08/2018,19,26.5,69.0,2.3,2000,20.3,0.18,0.0,0.0,Summer,No Holiday,Yes,12376941,2,8
5178,20/03/2018,5,4.1,42.0,3.1,2000,-7.6,0.0,0.0,0.0,Spring,No Holiday,Yes,667946,0,3
5179,13/06/2018,19,22.8,64.0,2.3,1444,15.6,0.45,0.0,0.0,Summer,No Holiday,Yes,12456888,2,6
5180,6/2/2018,4,-12.0,36.0,2.7,1998,-24.0,0.0,0.0,0.0,Winter,No Holiday,Yes,641822,0,2
5181,5/5/2018,9,16.1,50.0,2.6,1628,5.6,1.52,0.0,0.0,Spring,No Holiday,Yes,4091801,1,5
5182,2/5/2018,10,17.7,88.0,1.1,322,15.6,0.36,0.0,0.0,Spring,No Holiday,Yes,3047304,1,5
5183,23/04/2018,18,9.4,96.0,1.9,600,8.7,0.07,1.0,0.0,Spring,No Holiday,Yes,1101664,0,4
5184,5/10/2018,2,18.2,64.0,2.0,2000,11.2,0.0,0.0,0.0,Autumn,No Holiday,Yes,3585387,1,10
5185,2/7/2018,14,23.3,96.0,0.3,434,22.6,0.53,0.0,0.0,Summer,No Holiday,Yes,2590722,1,7
5186,11/4/2018,19,13.2,28.0,2.9,2000,-4.9,0.22,0.0,0.0,Spring,No Holiday,No,863320,0,4
5187,14/05/2018,6,12.1,89.0,0.3,252,10.3,0.02,0.0,0.0,Spring,No Holiday,Yes,3463724,1,5
5189,2/12/2017,12,4.3,41.0,1.3,1666,-7.8,1.09,0.0,0.0,Winter,No Holiday,Yes,2695503,1,12
5190,27/12/2017,12,-5.5,21.0,2.1,1941,-24.4,1.08,0.0,0.0,Winter,No Holiday,Yes,1729202,1,12
5191,10/4/2018,20,19.1,58.0,6.1,2000,10.6,0.0,0.0,0.0,Spring,No Holiday,Yes,2132199,1,4
5192,2/8/2018,16,37.9,39.0,1.6,1757,21.5,,,0.0,Summer,No Holiday,Yes,4049863,1,8
5193,15/06/2018,14,26.4,43.0,2.1,1944,12.8,3.23,0.0,0.0,Summer,No Holiday,Yes,5388949,1,6
5194,4/5/2018,5,9.2,63.0,0.8,1896,2.5,0.0,0.0,0.0,Spring,No Holiday,Yes,1796363,0,5
5195,1/2/2018,12,-1.1,31.0,1.3,1869,-16.1,1.2,0.0,1.3,Winter,No Holiday,Yes,2224738,1,2
5196,29/07/2018,17,36.3,36.0,1.5,2000,18.8,1.87,0.0,0.0,Summer,No Holiday,Yes,4816346,1,7
5197,21/02/2018,13,2.9,14.0,3.3,2000,-22.0,2.14,0.0,0.0,Winter,No Holiday,Yes,2263021,1,2
5198,29/03/2018,22,13.3,71.0,2.1,581,8.1,0.0,0.0,0.0,Spring,No Holiday,Yes,5149098,1,3
5199,16/09/2018,3,22.6,89.0,0.6,578,20.6,0.0,0.2,0.0,Autumn,No Holiday,Yes,2234377,1,9
5200,5/12/2017,14,-1.1,28.0,0.0,2000,-17.3,0.0,0.0,0.0,Winter,No Holiday,Yes,2369204,1,12
5201,7/1/2018,17,2.3,33.0,0.2,1515,-12.3,0.13,0.0,0.0,Winter,No Holiday,Yes,2226794,1,1
5202,19/02/2018,14,,38.0,1.6,1087,-7.6,1.1,0.0,0.0,Winter,No Holiday,Yes,1938248,1,2
5203,12/1/2018,9,-14.9,40.0,1.2,1999,-25.5,0.16,0.0,0.0,Winter,No Holiday,Yes,1640851,0,1
5204,21/01/2018,5,-2.6,49.0,1.1,1065,-11.8,0.0,0.0,0.0,Winter,No Holiday,Yes,888958,0,1
5205,29/06/2018,17,28.5,60.0,2.6,1014,19.9,1.33,0.0,0.0,Summer,No Holiday,Yes,11095483,2,6
5206,24/10/2018,10,13.0,63.0,0.9,854,6.1,1.5,0.0,0.0,Autumn,No Holiday,Yes,4417033,1,10
5207,11/9/2018,11,23.7,40.0,2.0,2000,9.2,2.6,0.0,0.0,Autumn,No Holiday,Yes,5490445,1,9
5208,14/01/2018,9,-3.4,77.0,1.6,432,-6.8,0.12,0.0,0.0,Winter,No Holiday,Yes,1242074,0,1
5209,11/7/2018,7,24.6,97.0,0.3,180,24.0,0.07,0.5,0.0,Summer,No Holiday,Yes,2204118,1,7
5211,5/10/2018,9,16.3,85.0,1.8,942,13.7,0.13,1.2,0.0,Autumn,No Holiday,Yes,358211,0,10
5212,30/10/2018,10,6.1,38.0,2.5,1914,-7.1,1.51,0.0,0.0,Autumn,No Holiday,Yes,3787318,1,10
5213,29/01/2018,0,-9.3,45.0,0.7,1976,-19.0,,,0.0,Winter,No Holiday,Yes,992881,0,1
5215,25/10/2018,20,15.3,50.0,0.5,1647,4.9,0.0,0.0,0.0,Autumn,No Holiday,Yes,8992030,2,10
5216,18/10/2018,3,8.6,74.0,0.6,1985,4.2,,0.0,0.0,Autumn,No Holiday,Yes,1730670,1,10
5217,11/5/2018,9,14.3,72.0,0.7,342,9.3,0.84,0.0,0.0,Spring,No Holiday,Yes,5697134,1,5
5218,1/6/2018,12,28.2,34.0,2.6,1867,10.8,3.26,0.0,0.0,Summer,No Holiday,Yes,6183523,2,6
5219,19/03/2018,3,6.5,88.0,0.9,276,4.6,0.0,0.3,0.0,Spring,No Holiday,Yes,751400,0,3
5220,15/11/2018,18,12.1,46.0,1.4,799,0.8,0.01,0.0,0.0,Autumn,No Holiday,Yes,10955626,2,11
5221,9/1/2018,17,-2.9,66.0,3.6,743,-8.3,0.23,0.0,0.0,Winter,No Holiday,Yes,1843633,1,1
5222,4/2/2018,9,-12.4,51.0,3.8,1415,-20.4,0.38,0.0,0.0,Winter,No Holiday,Yes,846250,0,2
5223,21/07/2018,11,32.9,45.0,2.1,1020,19.3,2.72,0.0,0.0,Summer,No Holiday,Yes,3978229,1,7
5224,16/03/2018,11,8.2,45.0,2.4,1992,-3.0,2.38,0.0,0.0,Spring,No Holiday,Yes,3484233,1,3
5225,31/10/2018,5,4.1,74.0,0.9,2000,-0.1,0.0,0.0,0.0,Autumn,No Holiday,Yes,1099915,0,10
5226,19/09/2018,21,21.7,63.0,1.8,1078,14.3,0.0,0.1,0.0,Autumn,No Holiday,No,246014,0,9
5227,10/11/2018,15,16.6,36.0,2.5,808,1.4,1.45,0.0,0.0,Autumn,No Holiday,Yes,7270031,2,11
5228,2/7/2018,12,22.4,97.0,1.0,945,21.8,0.46,0.0,0.0,Summer,No Holiday,Yes,1382129,1,7
5229,25/11/2018,12,6.9,59.0,0.9,669,-0.5,1.31,0.0,2.2,Autumn,No Holiday,Yes,3702902,1,11
5230,2/6/2018,5,17.8,69.0,1.1,951,12.0,0.0,,0.0,Summer,No Holiday,Yes,1922663,1,6
5231,26/04/2018,5,10.2,73.0,0.8,1137,5.5,0.0,0.0,0.0,Spring,No Holiday,Yes,1321198,1,4
5232,22/12/2017,20,5.9,67.0,1.3,779,0.2,,0.0,0.0,Winter,Holiday,Yes,2131081,1,12
5233,8/12/2017,13,-1.7,28.0,1.8,1963,-17.8,1.22,0.0,0.0,Winter,No Holiday,Yes,1865701,1,12
5234,22/02/2018,12,4.8,47.0,2.6,1373,-5.5,,0.0,0.0,Winter,No Holiday,Yes,2613654,1,2
5235,12/8/2018,2,29.0,60.0,1.4,2000,20.4,0.0,0.0,0.0,Summer,No Holiday,Yes,3154328,1,8
5236,3/1/2018,11,-4.5,36.0,3.2,1736,-17.3,0.77,0.0,0.0,Winter,No Holiday,Yes,1967491,1,1
5237,26/02/2018,13,8.1,26.0,1.2,1422,-10.2,2.48,0.0,0.0,Winter,No Holiday,Yes,2715528,1,2
5238,3/9/2018,11,23.7,86.0,0.6,1798,21.2,,0.0,0.0,Autumn,No Holiday,Yes,2554559,1,9
5239,21/05/2018,23,16.3,70.0,0.7,1293,10.8,0.0,0.0,0.0,Spring,No Holiday,Yes,6216657,2,5
5241,20/09/2018,0,20.1,58.0,0.3,2000,11.5,0.0,,0.0,Autumn,No Holiday,Yes,4996677,1,9
5242,12/6/2018,23,,72.0,0.6,1989,14.3,0.0,0.0,0.0,Summer,No Holiday,Yes,9200135,2,6
5243,13/04/2018,20,16.2,22.0,0.9,2000,-5.5,0.0,0.0,0.0,Spring,No Holiday,Yes,8141283,2,4
5244,19/08/2018,0,25.3,53.0,2.4,2000,15.0,0.0,0.0,0.0,Summer,No Holiday,Yes,6394919,2,8
5245,13/01/2018,23,-4.4,81.0,0.7,420,-7.1,0.0,0.0,0.0,Winter,No Holiday,Yes,951014,0,1
5246,22/03/2018,16,10.3,34.0,3.8,1850,-4.9,1.93,0.0,0.0,Spring,No Holiday,Yes,4585219,1,3
5247,26/11/2018,18,9.5,56.0,0.5,628,1.1,0.0,0.0,0.0,Autumn,No Holiday,Yes,9678255,2,11
5248,25/12/2017,13,-1.5,33.0,3.8,2000,-15.7,1.18,0.0,0.0,Winter,Holiday,Yes,1892059,1,12
5249,6/5/2018,5,15.4,96.0,0.3,208,14.7,0.0,2.0,0.0,Spring,No Holiday,Yes,952100,0,5
5250,3/2/2018,1,-2.3,71.0,3.2,1078,-6.8,0.0,0.0,0.0,Winter,No Holiday,Yes,1713358,0,2
5251,21/01/2018,2,,63.0,1.0,380,-7.6,0.0,0.0,0.0,Winter,No Holiday,Yes,1111240,0,1
5252,14/02/2018,16,8.0,36.0,3.5,1013,-6.1,1.09,0.0,0.0,Winter,No Holiday,Yes,2982166,1,2
5253,26/01/2018,8,,40.0,2.5,2000,-28.1,0.0,0.0,0.5,Winter,No Holiday,Yes,2038357,1,1
5254,12/11/2018,2,4.8,66.0,1.6,2000,-1.0,,0.0,0.0,Autumn,No Holiday,Yes,1842991,0,11
5255,16/06/2018,5,16.6,65.0,1.2,2000,9.9,0.0,0.0,0.0,Summer,No Holiday,Yes,1903563,1,6
5256,12/2/2018,11,-6.1,25.0,2.8,1976,-22.9,1.28,0.0,0.0,Winter,No Holiday,Yes,1892397,1,2
5257,9/5/2018,14,,36.0,2.2,1788,5.0,3.1,0.0,0.0,Spring,No Holiday,Yes,6918088,2,5
5258,28/05/2018,0,17.3,55.0,0.7,1741,8.1,0.0,0.0,0.0,Spring,No Holiday,Yes,5011742,1,5
5259,15/04/2018,15,13.1,54.0,4.1,1264,3.9,1.98,0.0,0.0,Spring,No Holiday,Yes,1674153,1,4
5260,12/4/2018,23,12.6,16.0,1.7,2000,-12.6,,0.0,0.0,Spring,No Holiday,Yes,4608569,1,4
5261,27/04/2018,23,14.0,66.0,1.2,519,7.7,0.0,0.0,0.0,Spring,No Holiday,Yes,5841409,1,4
5262,15/08/2018,4,28.8,73.0,0.5,1835,23.4,0.0,,0.0,Summer,Holiday,Yes,2176406,1,8
5263,24/07/2018,11,33.9,46.0,1.6,1387,20.6,2.15,0.0,0.0,Summer,No Holiday,Yes,4252214,1,7
5264,28/05/2018,23,,53.0,1.6,1712,10.9,0.0,0.0,0.0,Spring,No Holiday,Yes,7013444,2,5
5265,7/12/2017,22,-2.7,48.0,2.6,1844,-12.2,0.0,0.0,0.0,Winter,No Holiday,Yes,2718059,1,12
5266,20/04/2018,7,11.3,62.0,0.7,774,4.2,0.17,0.0,0.0,Spring,No Holiday,Yes,5730142,1,4
5267,23/07/2018,10,31.8,51.0,1.5,1900,20.4,,0.0,0.0,Summer,No Holiday,Yes,4103798,1,7
5268,18/02/2018,12,2.2,17.0,1.0,1979,-20.4,,0.0,0.0,Winter,No Holiday,Yes,2279688,1,2
5269,7/4/2018,11,4.7,26.0,4.8,1927,-13.2,1.55,0.0,0.0,Spring,No Holiday,Yes,3659579,1,4
5270,28/04/2018,18,18.9,30.0,2.6,1995,0.9,1.05,0.0,0.0,Spring,No Holiday,Yes,9948549,2,4
5271,23/11/2018,19,2.9,26.0,1.1,2000,-14.7,0.0,0.0,0.0,Autumn,No Holiday,Yes,5773485,1,11
5272,25/08/2018,0,23.2,81.0,2.4,1976,19.7,0.0,0.0,0.0,Summer,No Holiday,Yes,5845527,1,8
5273,28/10/2018,7,6.9,88.0,,1991,5.0,0.0,0.0,0.0,Autumn,No Holiday,Yes,1185987,0,10
5274,1/11/2018,17,13.7,37.0,1.4,2000,-0.7,,0.0,0.0,Autumn,No Holiday,Yes,7641063,2,11
5275,21/02/2018,3,-3.4,32.0,0.9,1977,-17.7,0.0,0.0,0.0,Winter,No Holiday,Yes,973531,0,2
5276,31/05/2018,5,14.4,82.0,1.2,708,11.3,0.0,0.0,0.0,Spring,No Holiday,Yes,1541355,1,5
5277,21/03/2018,6,1.4,42.0,1.7,2000,-10.1,0.0,0.0,0.0,Spring,No Holiday,Yes,1573650,0,3
5278,31/03/2018,13,19.3,37.0,3.0,1257,4.2,2.53,0.0,0.0,Spring,No Holiday,Yes,7164012,2,3
5280,23/06/2018,17,28.1,49.0,3.2,1117,16.3,1.62,0.0,0.0,Summer,No Holiday,Yes,11083516,2,6
5281,11/8/2018,2,28.5,68.0,1.1,1839,22.0,0.0,0.0,0.0,Summer,No Holiday,Yes,3851246,1,8
5282,22/12/2017,5,-0.2,73.0,0.8,880,-4.4,0.0,0.0,0.7,Winter,Holiday,Yes,473239,0,12
5283,5/12/2017,18,-2.6,40.0,0.0,2000,-14.4,0.0,0.0,0.0,Winter,No Holiday,Yes,4352914,1,12
5284,28/09/2018,13,19.1,53.0,,2000,9.2,0.76,0.0,0.0,Autumn,No Holiday,No,134611,0,9
5286,17/03/2018,22,7.0,55.0,2.7,1041,-1.4,0.0,0.0,0.0,Spring,No Holiday,Yes,3684283,1,3
5287,3/5/2018,21,11.9,48.0,1.9,1918,1.2,0.0,0.0,0.0,Spring,No Holiday,Yes,7702706,2,5
5288,14/06/2018,7,19.4,97.0,0.9,272,18.9,0.0,13.5,0.0,Summer,No Holiday,Yes,1009404,0,6
5289,11/8/2018,14,34.5,43.0,2.6,2000,20.0,2.37,0.0,0.0,Summer,No Holiday,Yes,4480956,1,8
5290,4/4/2018,16,17.9,42.0,1.1,2000,4.7,,0.0,0.0,Spring,No Holiday,Yes,7822921,2,4
5291,17/02/2018,1,-3.1,36.0,3.5,2000,-16.0,0.0,0.0,0.0,Winter,Holiday,Yes,877356,0,2
5292,11/6/2018,19,19.4,85.0,1.2,1651,16.8,0.08,0.5,0.0,Summer,No Holiday,Yes,4683087,1,6
5293,30/04/2018,0,14.7,54.0,1.3,718,5.4,0.0,0.0,0.0,Spring,No Holiday,Yes,3722266,1,4
5294,10/9/2018,12,26.7,40.0,1.4,2000,11.9,2.92,0.0,0.0,Autumn,No Holiday,Yes,6060433,1,9
5295,22/10/2018,14,20.6,30.0,2.2,839,2.3,,0.0,0.0,Autumn,No Holiday,Yes,5908432,2,10
5296,1/3/2018,21,-3.0,50.0,3.7,1301,-11.9,0.0,0.0,0.0,Spring,Holiday,Yes,2027776,1,3
5297,17/06/2018,20,,67.0,2.1,1060,16.6,,0.0,0.0,Summer,No Holiday,Yes,13214463,2,6
5298,18/08/2018,10,27.0,37.0,1.2,1962,11.0,2.32,,0.0,Summer,No Holiday,Yes,4393275,1,8
5299,15/12/2017,14,-0.7,39.0,0.8,826,-12.9,0.35,0.0,0.0,Winter,No Holiday,Yes,2677720,1,12
5300,25/04/2018,3,7.1,60.0,,2000,-0.1,0.0,0.0,0.0,Spring,No Holiday,Yes,1812874,1,4
5301,24/05/2018,0,13.7,51.0,1.3,1651,3.7,0.0,0.0,0.0,Spring,No Holiday,Yes,4519226,1,5
5302,15/08/2018,16,36.6,39.0,0.7,2000,20.3,0.44,0.0,0.0,Summer,Holiday,Yes,4572670,1,8
5303,16/01/2018,14,6.5,43.0,0.8,468,-5.2,0.52,0.0,0.0,Winter,No Holiday,Yes,1894114,1,1
5304,29/01/2018,19,-7.1,40.0,3.2,2000,-18.4,0.0,0.0,0.0,Winter,No Holiday,Yes,1778085,1,1
5305,19/03/2018,5,6.2,89.0,1.5,338,4.5,0.0,0.0,0.0,Spring,No Holiday,Yes,937017,0,3
5306,3/5/2018,22,11.2,60.0,2.3,1684,3.7,0.0,0.0,0.0,Spring,No Holiday,Yes,6523268,2,5
5307,16/11/2018,17,11.0,70.0,2.9,617,5.7,0.12,0.0,0.0,Autumn,No Holiday,Yes,7677531,2,11
5308,19/10/2018,11,,35.0,1.1,2000,0.8,2.13,,0.0,Autumn,No Holiday,Yes,5375241,1,10
5309,1/2/2018,2,-5.5,53.0,2.1,1980,-13.5,0.0,0.0,1.6,Winter,No Holiday,Yes,1071925,0,2
5310,12/1/2018,7,-15.1,45.0,0.9,2000,-24.4,0.0,,0.0,Winter,No Holiday,Yes,1605077,1,1
5311,11/9/2018,8,17.8,53.0,1.4,2000,8.0,0.51,0.0,0.0,Autumn,No Holiday,Yes,12275424,2,9
5312,8/3/2018,21,3.1,74.0,3.2,465,-1.0,0.0,0.0,0.0,Spring,No Holiday,Yes,3591361,1,3
5313,12/3/2018,20,9.4,50.0,2.1,391,-0.5,,0.0,0.0,Spring,No Holiday,Yes,4754731,1,3
5314,5/8/2018,18,31.8,63.0,4.0,1849,23.8,0.81,0.0,0.0,Summer,No Holiday,Yes,6923216,2,8
5315,26/08/2018,21,22.5,65.0,1.1,2000,15.5,,0.0,0.0,Summer,No Holiday,Yes,7531494,2,8
5316,20/03/2018,10,7.4,35.0,3.5,1990,-7.0,1.81,0.0,0.0,Spring,No Holiday,Yes,3134303,1,3
5317,24/02/2018,17,4.9,28.0,3.1,1477,-12.1,0.77,0.0,0.0,Winter,No Holiday,Yes,2579875,1,2
5318,22/09/2018,11,22.7,55.0,2.7,1297,13.1,1.86,0.0,0.0,Autumn,No Holiday,Yes,6079644,1,9
5319,15/12/2017,1,-6.3,57.0,0.4,1148,-13.4,0.0,0.0,0.0,Winter,No Holiday,Yes,1998374,1,12
5320,18/05/2018,14,16.7,88.0,1.5,1760,14.6,0.72,0.0,0.0,Spring,No Holiday,Yes,3791275,1,5
5321,28/04/2018,5,10.9,81.0,1.7,348,7.7,0.0,0.0,0.0,Spring,No Holiday,Yes,1438009,0,4
5322,29/12/2017,3,0.6,64.0,0.4,731,-5.4,0.0,0.0,0.0,Winter,No Holiday,Yes,819117,0,12
5323,4/1/2018,17,-2.1,37.0,1.4,1591,-14.8,0.09,0.0,0.0,Winter,No Holiday,Yes,2817185,1,1
5325,22/05/2018,15,21.1,72.0,2.7,663,15.8,0.31,0.1,0.0,Spring,Holiday,Yes,1425109,0,5
5326,24/09/2018,6,14.3,66.0,0.5,2000,8.0,0.0,0.0,0.0,Autumn,Holiday,Yes,1243596,0,9
5327,6/3/2018,8,-0.7,76.0,1.0,1461,-4.4,0.2,,0.0,Spring,No Holiday,Yes,5387359,1,3
5328,22/05/2018,10,20.7,55.0,1.8,1698,11.3,1.43,0.0,0.0,Spring,Holiday,Yes,6344229,2,5
5329,30/06/2018,12,25.2,94.0,2.8,166,24.1,,,0.0,Summer,No Holiday,Yes,4685371,1,6
5330,11/4/2018,15,17.0,28.0,3.5,1804,-1.6,2.9,0.0,0.0,Spring,No Holiday,No,281049,0,4
5331,8/5/2018,19,17.9,42.0,2.1,2000,4.7,0.37,0.0,0.0,Spring,No Holiday,Yes,11308642,2,5
5332,16/01/2018,23,3.9,60.0,0.9,379,-3.1,0.0,0.0,0.0,Winter,No Holiday,Yes,2091842,1,1
5333,13/05/2018,17,19.4,63.0,2.6,1099,12.1,1.61,0.0,0.0,Spring,No Holiday,Yes,12426956,2,5
5335,20/07/2018,16,34.3,45.0,2.3,1466,20.6,,0.0,0.0,Summer,No Holiday,Yes,4958010,1,7
5336,22/02/2018,4,-2.4,58.0,0.3,2000,-9.5,0.0,0.0,0.0,Winter,No Holiday,Yes,420353,0,2
5337,9/7/2018,13,20.3,87.0,1.0,771,18.0,0.31,0.5,0.0,Summer,No Holiday,Yes,1028127,0,7
5338,31/08/2018,19,26.5,69.0,2.3,2000,20.3,0.18,0.0,0.0,Summer,No Holiday,Yes,12376941,2,8
5340,20/03/2018,4,4.4,44.0,3.1,2000,-6.8,0.0,0.0,0.0,Spring,No Holiday,Yes,676036,0,3
5341,5/9/2018,12,27.1,44.0,5.0,2000,13.7,2.8,0.0,0.0,Autumn,No Holiday,Yes,6362682,2,9
5342,13/01/2018,20,-3.9,78.0,1.1,596,-7.1,0.0,0.0,0.0,Winter,No Holiday,Yes,1176392,0,1
5343,27/05/2018,22,18.6,50.0,1.0,1830,7.9,0.0,0.0,0.0,Spring,No Holiday,Yes,7600218,2,5
5344,27/02/2018,15,6.7,48.0,0.8,817,-3.5,0.39,0.0,0.0,Winter,No Holiday,Yes,2782711,1,2
5345,5/1/2018,15,1.5,34.0,2.8,1776,-12.6,0.84,0.0,0.0,Winter,No Holiday,Yes,2274008,1,1
5346,4/8/2018,13,33.6,54.0,3.7,1754,23.0,2.56,0.0,0.0,Summer,No Holiday,Yes,4048728,1,8
5347,18/08/2018,1,23.9,51.0,0.9,2000,13.1,0.0,0.0,0.0,Summer,No Holiday,Yes,5592099,1,8
5348,16/07/2018,2,25.4,84.0,0.6,1340,22.4,0.0,0.0,0.0,Summer,No Holiday,Yes,2430472,1,7
5349,1/3/2018,8,1.5,80.0,3.2,1246,-1.5,0.04,0.0,0.0,Spring,Holiday,Yes,1561489,0,3
5350,5/4/2018,15,8.1,96.0,1.9,410,7.4,0.26,0.5,0.0,Spring,No Holiday,Yes,602941,0,4
5351,8/2/2018,5,-9.0,56.0,0.4,1678,-16.1,0.0,0.0,0.0,Winter,No Holiday,Yes,698430,0,2
5352,2/4/2018,12,20.8,50.0,2.0,1240,9.9,1.82,0.0,0.0,Spring,No Holiday,Yes,4563742,1,4
5354,22/09/2018,14,25.2,28.0,,2000,5.3,2.76,0.0,0.0,Autumn,No Holiday,Yes,8064583,2,9
5356,16/05/2018,12,22.9,87.0,4.0,1497,20.6,0.22,0.0,0.0,Spring,No Holiday,Yes,845194,0,5
5357,21/05/2018,19,19.5,56.0,1.6,1600,10.4,0.29,,0.0,Spring,No Holiday,Yes,12825102,2,5
5358,3/4/2018,7,16.8,73.0,1.0,1366,11.9,0.01,0.0,0.0,Spring,No Holiday,Yes,5413990,1,4
5359,6/8/2018,20,31.3,65.0,2.0,1586,23.9,,0.0,0.0,Summer,No Holiday,Yes,8241008,2,8
5360,1/1/2018,21,-0.9,44.0,1.2,1871,-11.6,0.0,0.0,0.0,Winter,Holiday,Yes,1854572,0,1
5361,27/02/2018,4,0.9,46.0,0.8,1140,-9.4,0.0,0.0,0.0,Winter,No Holiday,Yes,516179,0,2
5362,2/5/2018,8,17.5,94.0,0.9,203,16.5,,0.0,0.0,Spring,No Holiday,Yes,3227097,1,5
5363,12/5/2018,3,15.2,63.0,0.5,700,8.1,0.0,0.0,0.0,Spring,No Holiday,Yes,2215772,1,5
5364,4/4/2018,23,10.2,58.0,2.4,2000,2.2,0.0,0.0,0.0,Spring,No Holiday,Yes,4229851,1,4
5365,11/10/2018,12,13.2,31.0,3.8,2000,-3.5,2.58,0.0,0.0,Autumn,No Holiday,Yes,5267058,1,10
5367,24/02/2018,14,6.9,19.0,1.9,1843,-15.1,2.36,0.0,0.0,Winter,No Holiday,Yes,3342883,1,2
5368,12/12/2017,22,-9.0,45.0,1.3,1999,-18.7,0.0,0.0,0.0,Winter,No Holiday,Yes,1998645,1,12
5369,15/01/2018,21,3.4,59.0,0.8,471,-3.8,0.0,0.0,0.0,Winter,No Holiday,Yes,1772276,1,1
5370,2/6/2018,8,20.4,54.0,1.0,828,10.7,1.23,0.0,0.0,Summer,No Holiday,Yes,4907667,1,6
5371,4/6/2018,19,23.9,51.0,2.3,2000,13.1,0.12,0.0,0.0,Summer,No Holiday,Yes,14404344,2,6
5372,6/2/2018,11,,,1.9,621,10.1,0.0,0.0,0.3,Winter,No Holiday,No,505953,0,2
5373,1/7/2018,9,22.1,94.0,0.9,624,21.0,0.22,1.5,0.0,Summer,No Holiday,Yes,712360,0,7
5374,28/07/2018,17,28.2,83.0,1.3,1099,25.0,0.11,0.0,0.0,Summer,No Holiday,Yes,4579146,1,7
5375,6/9/2018,6,21.4,84.0,0.8,1506,18.5,0.0,0.0,0.0,Autumn,No Holiday,Yes,3502093,1,9
5377,17/09/2018,17,27.3,43.0,2.6,2000,13.6,1.25,0.0,0.0,Autumn,No Holiday,Yes,11492782,2,9
5378,2/3/2018,2,,52.0,1.2,1434,-13.6,0.0,0.0,0.0,Spring,No Holiday,Yes,752609,0,3
5379,15/02/2018,17,2.4,17.0,3.1,1990,-20.2,0.78,0.0,0.0,Winter,Holiday,Yes,1785650,1,2
5380,17/08/2018,13,31.3,30.0,2.1,2000,11.6,3.3,0.0,0.0,Summer,No Holiday,Yes,5505721,1,8
5381,22/02/2018,1,-2.2,58.0,1.0,2000,-9.3,0.0,0.0,0.0,Winter,No Holiday,Yes,1357680,0,2
5382,3/12/2017,15,8.0,73.0,1.6,433,3.4,0.53,0.0,0.0,Winter,No Holiday,Yes,3719679,1,12
5383,12/11/2018,6,3.8,69.0,0.0,1995,-1.3,0.0,0.0,0.0,Autumn,No Holiday,Yes,3065783,1,11
5384,26/04/2018,6,10.0,72.0,0.8,1217,5.1,0.01,0.0,0.0,Spring,No Holiday,Yes,3344692,1,4
5385,2/1/2018,8,-3.4,71.0,0.8,1179,-7.9,0.0,0.0,0.0,Winter,No Holiday,Yes,3472674,1,1
5386,11/8/2018,21,31.6,63.0,1.2,1980,23.6,0.0,0.0,0.0,Summer,No Holiday,Yes,8000795,2,8
5387,8/12/2017,11,-3.7,39.0,1.4,1595,-15.6,0.93,0.0,0.0,Winter,No Holiday,Yes,2164284,1,12
5388,14/07/2018,11,29.0,65.0,2.0,1642,21.7,2.22,0.0,0.0,Summer,No Holiday,Yes,4833626,1,7
5389,12/9/2018,9,20.8,48.0,1.1,2000,9.3,1.38,0.0,0.0,Autumn,No Holiday,Yes,6884864,2,9
5390,3/2/2018,16,-4.2,31.0,3.5,1974,-18.8,1.42,0.0,0.0,Winter,No Holiday,Yes,1897335,1,2
5391,27/09/2018,15,23.4,35.0,1.4,2000,7.0,1.39,0.0,0.0,Autumn,No Holiday,Yes,7761317,2,9
5392,8/11/2018,19,12.8,97.0,0.9,245,12.3,0.0,0.0,0.0,Autumn,No Holiday,Yes,403740,0,11
5393,15/03/2018,0,16.0,69.0,2.4,1863,10.3,0.0,0.0,0.0,Spring,No Holiday,Yes,3242160,1,3
5394,2/7/2018,9,21.0,97.0,1.3,825,20.4,0.14,3.0,0.0,Summer,No Holiday,Yes,1248875,0,7
5395,17/06/2018,6,18.9,83.0,0.3,576,15.9,0.05,0.0,0.0,Summer,No Holiday,Yes,2217575,1,6
5396,10/5/2018,0,14.5,63.0,0.9,2000,7.5,0.0,0.0,0.0,Spring,No Holiday,No,2703212,1,5
5398,7/2/2018,18,,27.0,2.5,2000,-20.2,0.16,0.0,0.0,Winter,No Holiday,Yes,3452613,1,2
5399,5/8/2018,11,,63.0,2.6,1695,23.3,1.99,0.0,0.0,Summer,No Holiday,Yes,2750605,1,8
5400,5/3/2018,6,4.2,87.0,2.0,1979,2.2,0.0,2.0,0.0,Spring,No Holiday,Yes,671492,0,3
5401,15/09/2018,21,23.3,80.0,0.7,1877,19.6,0.0,,0.0,Autumn,No Holiday,Yes,9526862,2,9
5402,12/12/2017,23,-9.3,47.0,2.1,2000,-18.5,0.0,0.0,0.0,Winter,No Holiday,Yes,1020063,0,12
5403,26/11/2018,5,2.1,88.0,1.4,323,0.3,0.0,0.0,0.3,Autumn,No Holiday,Yes,1178827,0,11
5404,2/3/2018,12,1.8,26.0,2.2,1556,-15.7,2.61,0.0,0.0,Spring,No Holiday,Yes,2803494,1,3
5405,6/11/2018,21,13.0,76.0,0.9,231,8.8,0.0,0.0,0.0,Autumn,No Holiday,No,108066,0,11
5406,13/07/2018,9,,73.0,2.2,1147,21.3,1.01,0.0,0.0,Summer,No Holiday,Yes,7136206,2,7
5407,26/10/2018,13,12.6,87.0,2.3,539,10.4,0.13,1.5,0.0,Autumn,No Holiday,Yes,390308,0,10
5408,8/1/2018,18,1.5,70.0,2.5,638,-3.3,,0.0,0.0,Winter,No Holiday,Yes,2265181,1,1
5409,22/07/2018,13,36.7,33.0,1.8,1911,17.7,3.24,0.0,0.0,Summer,No Holiday,Yes,3128807,1,7
5410,14/10/2018,17,18.2,43.0,2.3,1925,5.4,0.68,0.0,0.0,Autumn,No Holiday,Yes,10587960,2,10
5411,2/11/2018,11,,44.0,1.0,1269,0.8,,0.0,0.0,Autumn,No Holiday,Yes,5131598,1,11
5412,25/09/2018,10,18.0,44.0,1.3,1984,5.5,1.99,0.0,0.0,Autumn,Holiday,Yes,3722777,1,9
5413,3/7/2018,2,23.0,98.0,,1026,22.6,,0.0,0.0,Summer,No Holiday,Yes,2156601,1,7
5414,14/03/2018,7,14.1,69.0,1.1,1692,8.4,0.0,0.0,0.0,Spring,No Holiday,Yes,4241811,1,3
5415,27/11/2018,6,3.8,83.0,0.7,337,1.1,0.0,,0.0,Autumn,No Holiday,Yes,1922235,1,11
5416,7/3/2018,4,2.6,61.0,1.7,1998,-4.1,0.0,,0.0,Spring,No Holiday,Yes,957574,0,3
5417,29/04/2018,3,10.6,60.0,1.0,1163,3.1,0.0,0.0,0.0,Spring,No Holiday,Yes,2230468,1,4
5418,22/09/2018,13,24.9,32.0,3.9,2000,7.0,2.57,0.0,0.0,Autumn,No Holiday,Yes,7563277,2,9
5419,4/8/2018,19,32.0,57.0,2.9,2000,22.4,,0.0,0.0,Summer,No Holiday,Yes,6796680,2,8
5420,3/5/2018,0,8.7,86.0,3.1,2000,6.4,0.0,,0.0,Spring,No Holiday,Yes,2009169,1,5
5421,3/11/2018,19,13.4,62.0,1.6,740,6.2,0.0,,0.0,Autumn,No Holiday,No,917302,0,11
5422,2/4/2018,7,15.1,80.0,1.0,623,11.6,0.01,0.0,0.0,Spring,No Holiday,Yes,5887487,1,4
5423,17/12/2017,16,-2.7,31.0,2.3,2000,-17.5,0.54,0.0,0.0,Winter,No Holiday,Yes,1682839,1,12
5424,9/1/2018,16,-2.4,56.0,3.3,1541,-9.9,0.35,0.0,0.0,Winter,No Holiday,Yes,1915541,1,1
5425,21/06/2018,5,19.4,82.0,2.1,677,16.2,0.0,0.0,0.0,Summer,No Holiday,Yes,2490762,1,6
5426,26/09/2018,19,20.7,46.0,1.0,2000,8.6,0.02,0.0,0.0,Autumn,No Holiday,Yes,10560989,2,9
5427,31/10/2018,10,7.2,49.0,2.2,1892,-2.8,1.51,0.0,0.0,Autumn,No Holiday,Yes,4180383,1,10
5429,13/05/2018,7,13.7,98.0,1.6,468,13.3,0.1,0.0,0.0,Spring,No Holiday,Yes,1741065,1,5
5430,13/09/2018,1,21.5,65.0,1.0,2000,14.6,0.0,0.0,0.0,Autumn,No Holiday,Yes,3953240,1,9
5431,17/04/2018,12,18.0,26.0,2.2,1459,-1.8,3.03,0.0,0.0,Spring,No Holiday,Yes,6604985,2,4
5433,1/1/2018,20,-0.3,40.0,1.2,1936,-12.2,0.0,,0.0,Winter,Holiday,Yes,1233509,1,1
5434,20/07/2018,11,31.6,54.0,1.3,990,21.1,2.84,0.0,0.0,Summer,No Holiday,Yes,4206894,1,7
5435,9/12/2017,10,-2.2,42.0,1.3,1646,-13.4,0.61,0.0,0.0,Winter,No Holiday,Yes,1550027,1,12
5436,28/12/2017,22,0.0,63.0,1.3,968,-6.2,0.0,0.0,0.0,Winter,No Holiday,Yes,1836749,1,12
5437,7/9/2018,10,22.6,58.0,1.8,1962,13.9,2.02,,0.0,Autumn,No Holiday,Yes,5192591,1,9
5438,8/12/2017,21,-3.3,35.0,0.5,2000,-16.6,0.0,0.0,0.0,Winter,No Holiday,Yes,2670995,1,12
5439,19/05/2018,12,20.5,42.0,2.1,2000,7.1,3.42,0.0,0.0,Spring,No Holiday,Yes,8258704,2,5
5440,15/04/2018,14,13.7,50.0,3.7,1218,3.4,2.3,0.0,0.0,Spring,No Holiday,Yes,6258279,2,4
5441,23/06/2018,5,21.1,48.0,0.3,2000,9.6,0.0,0.0,0.0,Summer,No Holiday,Yes,2319146,1,6
5442,6/12/2017,15,5.5,31.0,3.1,1968,-10.3,0.72,,0.0,Winter,No Holiday,Yes,3056494,1,12
5443,8/8/2018,17,,37.0,2.6,2000,18.1,1.72,0.0,0.0,Summer,No Holiday,Yes,6783950,2,8
5444,19/10/2018,2,9.2,72.0,1.5,2000,4.4,,0.0,0.0,Autumn,No Holiday,Yes,2786189,1,10
5445,4/3/2018,6,8.6,96.0,0.7,224,7.9,0.0,0.2,0.0,Spring,No Holiday,Yes,786353,0,3
5446,25/04/2018,11,17.5,25.0,1.3,1843,-2.7,2.74,0.0,0.0,Spring,No Holiday,Yes,5156381,1,4
5447,28/06/2018,17,22.2,92.0,1.2,254,20.8,0.11,4.9,0.0,Summer,No Holiday,Yes,1115586,0,6
5448,6/10/2018,4,16.9,89.0,2.7,1577,15.0,0.0,2.5,0.0,Autumn,No Holiday,No,164032,0,10
5449,9/4/2018,10,5.2,73.0,1.0,668,0.7,2.08,0.0,0.0,Spring,No Holiday,Yes,3377879,1,4
5450,5/12/2017,2,-6.8,41.0,,2000,-17.8,0.0,0.0,0.0,Winter,No Holiday,Yes,862334,0,12
5451,25/02/2018,3,-1.3,42.0,0.8,1648,-12.5,0.0,0.0,0.0,Winter,No Holiday,Yes,604811,0,2
5452,26/08/2018,9,24.2,64.0,1.2,1985,16.9,1.48,0.0,0.0,Summer,No Holiday,Yes,4138501,1,8
5453,19/09/2018,14,26.1,40.0,1.2,1840,11.4,1.21,0.0,0.0,Autumn,No Holiday,No,967430,0,9
5454,29/01/2018,17,-5.7,30.0,,1978,-20.5,0.4,0.0,0.0,Winter,No Holiday,Yes,1875147,1,1
5456,15/03/2018,13,12.7,97.0,2.6,467,12.2,0.23,0.0,0.0,Spring,No Holiday,Yes,1659108,1,3
5457,14/09/2018,6,20.4,78.0,1.0,2000,16.4,0.0,0.0,0.0,Autumn,No Holiday,Yes,3563328,1,9
5459,7/11/2018,5,11.1,95.0,0.2,117,10.3,0.0,0.0,0.0,Autumn,No Holiday,Yes,547095,0,11
5460,2/9/2018,20,26.9,56.0,1.6,2000,17.3,0.0,0.0,0.0,Autumn,No Holiday,Yes,9918697,2,9
5461,14/03/2018,6,14.1,69.0,1.6,1882,8.4,0.0,0.0,0.0,Spring,No Holiday,Yes,2267434,1,3
5462,12/3/2018,22,7.8,49.0,0.1,528,-2.2,,0.0,0.0,Spring,No Holiday,Yes,4356036,1,3
5463,22/06/2018,5,18.6,85.0,1.0,384,16.0,0.0,0.0,0.0,Summer,No Holiday,Yes,2075422,1,6
5464,27/09/2018,20,19.5,47.0,1.2,2000,7.8,0.0,0.0,0.0,Autumn,No Holiday,Yes,10663318,2,9
5465,22/03/2018,2,1.5,86.0,2.5,782,-0.5,0.0,0.0,0.0,Spring,No Holiday,Yes,1405001,0,3
5466,28/03/2018,12,16.5,57.0,3.8,881,7.9,1.55,0.0,0.0,Spring,No Holiday,Yes,4041424,1,3
5467,6/3/2018,1,0.8,67.0,0.8,2000,-4.6,0.0,0.0,0.0,Spring,No Holiday,Yes,1305595,1,3
5468,7/2/2018,11,-7.0,28.0,3.3,1829,-22.4,1.56,,0.0,Winter,No Holiday,Yes,1537209,0,2
5469,30/05/2018,16,24.7,47.0,3.0,1594,12.6,2.44,0.0,0.0,Spring,No Holiday,Yes,8676788,2,5
5470,27/11/2018,12,9.3,61.0,1.5,390,2.1,0.85,0.0,0.0,Autumn,No Holiday,Yes,4259606,1,11
5471,8/2/2018,7,,67.0,1.0,1503,-14.5,0.0,0.0,0.0,Winter,No Holiday,Yes,2104139,1,2
5472,21/07/2018,0,27.5,73.0,1.1,1834,22.2,0.0,0.0,0.0,Summer,No Holiday,Yes,6262509,2,7
5473,29/11/2018,21,3.8,55.0,2.1,1231,-4.4,0.0,0.0,0.0,Autumn,No Holiday,Yes,4893786,1,11
5474,15/03/2018,5,14.5,94.0,2.0,487,13.5,0.0,0.0,0.0,Spring,No Holiday,Yes,140415,0,3
5475,2/4/2018,0,16.1,80.0,1.9,605,12.6,,0.0,0.0,Spring,No Holiday,Yes,2996249,1,4
5476,13/03/2018,2,5.4,66.0,0.6,623,-0.4,0.0,0.0,0.0,Spring,No Holiday,Yes,1420313,0,3
5477,18/05/2018,22,14.2,73.0,1.9,2000,9.4,0.0,0.0,0.0,Spring,No Holiday,Yes,6683015,2,5
5478,19/06/2018,5,19.4,77.0,0.8,831,15.2,,0.0,0.0,Summer,No Holiday,Yes,2356018,1,6
5479,17/03/2018,11,8.0,39.0,,1783,-5.1,2.26,0.0,0.0,Spring,No Holiday,Yes,4160331,1,3
5480,17/10/2018,14,18.3,24.0,1.7,1983,-2.6,2.4,,0.0,Autumn,No Holiday,Yes,5916285,2,10
5481,10/12/2017,0,-0.2,55.0,1.0,1629,-8.1,0.0,0.0,0.0,Winter,No Holiday,Yes,1999447,1,12
5482,22/10/2018,0,11.4,56.0,0.2,1778,2.9,0.0,0.0,0.0,Autumn,No Holiday,Yes,3482088,1,10
5483,31/07/2018,15,37.8,34.0,1.8,1965,19.2,2.81,0.0,0.0,Summer,No Holiday,Yes,3577432,1,7
5484,27/03/2018,1,8.7,70.0,0.9,398,3.5,0.0,0.0,0.0,Spring,No Holiday,Yes,1531661,1,3
5485,11/5/2018,7,12.4,82.0,1.0,314,9.4,0.1,0.0,0.0,Spring,No Holiday,Yes,5997239,2,5
5486,15/11/2018,17,13.7,38.0,1.4,884,-0.3,0.29,0.0,0.0,Autumn,No Holiday,Yes,7284817,2,11
5487,24/06/2018,11,27.1,52.0,2.1,557,16.3,2.82,0.0,0.0,Summer,No Holiday,Yes,5154995,1,6
5489,14/10/2018,0,10.4,59.0,0.0,971,2.7,0.0,0.0,0.0,Autumn,No Holiday,Yes,3946188,1,10
5490,20/10/2018,12,17.7,33.0,2.2,1556,1.2,2.37,0.0,0.0,Autumn,No Holiday,Yes,7688344,2,10
5491,23/04/2018,5,9.2,95.0,2.3,404,8.4,0.0,2.5,0.0,Spring,No Holiday,Yes,1000208,0,4
5492,13/07/2018,5,24.8,84.0,1.4,1303,21.9,0.0,,0.0,Summer,No Holiday,Yes,2136698,1,7
5493,9/11/2018,17,12.9,66.0,3.6,682,6.6,0.32,0.0,0.0,Autumn,No Holiday,No,476312,0,11
5494,6/4/2018,14,7.4,56.0,,461,-0.8,1.04,0.0,0.0,Spring,No Holiday,Yes,3773269,1,4
5495,6/3/2018,2,0.3,71.0,0.9,1999,-4.3,0.0,0.0,0.0,Spring,No Holiday,Yes,1707214,0,3
5496,23/12/2017,7,5.1,82.0,0.7,334,2.2,0.0,0.0,0.0,Winter,No Holiday,Yes,1345971,0,12
5497,19/11/2018,4,,67.0,0.9,1175,-1.1,0.0,0.0,0.0,Autumn,No Holiday,Yes,959345,0,11
5498,15/01/2018,14,7.1,52.0,2.1,646,-2.1,,0.0,0.0,Winter,No Holiday,Yes,1853021,1,1
5499,16/05/2018,3,22.6,89.0,0.7,327,20.6,0.0,0.8,0.0,Spring,No Holiday,Yes,1322616,0,5
5500,19/03/2018,9,8.2,81.0,2.7,1273,5.1,0.2,0.5,0.0,Spring,No Holiday,Yes,2165426,1,3
5501,1/8/2018,3,29.1,64.0,0.5,1997,21.5,0.0,0.0,0.0,Summer,No Holiday,Yes,2414012,1,8
5502,19/11/2018,23,4.2,42.0,2.2,1360,-7.6,0.0,0.0,0.0,Autumn,No Holiday,Yes,3319620,1,11
5503,27/06/2018,14,24.7,72.0,2.9,720,19.3,1.45,,0.0,Summer,No Holiday,Yes,6729804,2,6
5504,2/10/2018,19,17.6,57.0,1.7,2000,8.9,0.0,0.0,0.0,Autumn,No Holiday,No,290001,0,10
5505,12/7/2018,14,27.8,76.0,3.1,1517,23.1,,0.0,0.0,Summer,No Holiday,Yes,5899155,1,7
5506,3/6/2018,13,29.4,24.0,,1905,6.7,3.18,0.0,0.0,Summer,No Holiday,Yes,7385077,2,6
5507,25/05/2018,21,19.1,50.0,1.4,1378,8.4,,0.0,0.0,Spring,No Holiday,Yes,9888052,2,5
5508,23/01/2018,23,-14.3,38.0,4.0,2000,-25.5,0.0,0.0,0.9,Winter,No Holiday,Yes,747779,0,1
5509,11/2/2018,5,-7.8,39.0,2.8,2000,-19.3,0.0,0.0,0.0,Winter,No Holiday,Yes,811212,0,2
5510,15/07/2018,2,25.1,85.0,1.1,1379,22.3,0.0,0.0,0.0,Summer,No Holiday,Yes,3356182,1,7
5513,13/06/2018,7,19.4,69.0,0.3,1277,13.5,0.42,0.0,0.0,Summer,No Holiday,Yes,4080555,1,6
5514,1/1/2018,13,2.4,22.0,2.3,1921,-17.2,,0.0,0.0,Winter,Holiday,Yes,1556193,1,1
5517,4/1/2018,1,-6.9,56.0,2.3,1994,-14.2,0.0,0.0,0.0,Winter,No Holiday,Yes,1170688,0,1
5518,8/9/2018,5,16.7,70.0,0.8,2000,11.1,0.0,0.0,0.0,Autumn,No Holiday,Yes,1783200,1,9
5519,24/09/2018,3,15.5,63.0,0.3,2000,8.4,0.0,0.0,0.0,Autumn,Holiday,Yes,1470811,1,9
5520,20/10/2018,17,19.2,23.0,1.5,2000,-2.4,0.62,,0.0,Autumn,No Holiday,Yes,10335509,2,10
5521,12/4/2018,1,8.9,40.0,,2000,-3.9,0.0,0.0,0.0,Spring,No Holiday,Yes,2467513,1,4
5522,27/01/2018,8,-15.9,58.0,0.9,1369,-22.2,,0.0,0.3,Winter,No Holiday,Yes,1075430,0,1
5523,29/07/2018,8,28.6,63.0,0.8,1867,20.8,1.0,0.0,0.0,Summer,No Holiday,Yes,3049431,1,7
5524,22/06/2018,7,18.8,66.0,1.1,814,12.3,0.46,0.0,0.0,Summer,No Holiday,Yes,8847026,2,6
5526,16/01/2018,19,4.6,57.0,1.0,432,-3.2,0.0,0.0,0.0,Winter,No Holiday,Yes,2545886,1,1
5527,23/07/2018,5,29.3,55.0,1.6,2000,19.3,0.0,0.0,0.0,Summer,No Holiday,Yes,2177399,1,7
5528,30/06/2018,1,22.6,85.0,0.3,323,19.9,0.0,0.0,0.0,Summer,No Holiday,Yes,5852281,2,6
5529,5/11/2018,21,12.2,79.0,1.8,351,8.6,0.0,0.0,0.0,Autumn,No Holiday,Yes,7027986,2,11
5530,19/02/2018,12,4.7,43.0,2.1,1131,-6.8,1.38,0.0,0.0,Winter,No Holiday,Yes,2565307,1,2
5531,4/2/2018,17,-5.9,27.0,3.6,1974,-21.9,0.81,0.0,0.0,Winter,No Holiday,Yes,1589132,0,2
5532,11/3/2018,18,9.4,22.0,2.9,1995,-11.2,0.55,0.0,0.0,Spring,No Holiday,Yes,4758107,1,3
5533,13/12/2017,23,-9.2,44.0,0.4,1978,-19.2,0.0,0.0,0.0,Winter,No Holiday,Yes,1666558,0,12
5534,29/03/2018,0,13.4,77.0,1.5,537,9.4,0.0,0.0,0.0,Spring,No Holiday,Yes,2737808,1,3
5535,25/09/2018,9,15.3,49.0,1.0,2000,4.6,1.34,0.0,0.0,Autumn,Holiday,Yes,3619850,1,9
5536,19/03/2018,14,10.1,59.0,3.3,2000,2.4,0.57,0.0,0.0,Spring,No Holiday,Yes,1732414,1,3
5537,14/10/2018,4,7.9,76.0,1.3,771,3.9,0.0,0.0,0.0,Autumn,No Holiday,Yes,1752584,1,10
5538,11/12/2017,3,-4.7,38.0,2.4,2000,-16.8,0.0,0.0,0.0,Winter,No Holiday,Yes,656325,0,12
5539,6/3/2018,0,1.3,69.0,0.8,2000,-3.7,0.0,0.0,0.0,Spring,No Holiday,Yes,1884428,1,3
5540,28/12/2017,1,-6.6,39.0,1.4,2000,-18.2,0.0,0.0,0.0,Winter,No Holiday,Yes,1165454,0,12
5541,29/11/2018,17,5.8,38.0,1.3,1674,-7.4,0.01,0.0,0.0,Autumn,No Holiday,Yes,5755051,1,11
5542,16/08/2018,0,28.4,68.0,0.9,2000,21.9,0.0,0.0,0.0,Summer,No Holiday,Yes,4511215,1,8
5543,30/06/2018,18,27.5,79.0,0.5,1237,23.5,0.65,0.5,0.0,Summer,No Holiday,Yes,1912721,1,6
5544,2/10/2018,3,11.8,78.0,0.3,1843,8.0,0.0,0.0,0.0,Autumn,No Holiday,No,652132,0,10
5545,7/6/2018,7,18.6,85.0,2.0,307,16.0,0.16,0.0,0.0,Summer,No Holiday,Yes,8475436,2,6
5546,27/01/2018,5,-15.4,45.0,0.8,2000,-24.6,0.0,,0.3,Winter,No Holiday,Yes,717691,0,1
5547,13/12/2017,2,-10.4,53.0,1.8,1949,-18.1,0.0,0.0,0.0,Winter,No Holiday,Yes,1187164,0,12
5548,7/12/2017,17,2.1,50.0,2.0,1434,-7.2,0.15,0.0,0.0,Winter,No Holiday,Yes,3386335,1,12
5549,1/11/2018,1,5.1,65.0,1.6,1932,-0.9,,0.0,0.0,Autumn,No Holiday,Yes,3071207,1,11
5550,2/7/2018,18,24.9,87.0,1.9,1742,22.5,0.25,,0.0,Summer,No Holiday,Yes,4875261,1,7
5551,15/07/2018,14,32.4,50.0,2.0,1735,20.6,3.13,0.0,0.0,Summer,No Holiday,Yes,4825469,1,7
5552,14/03/2018,10,15.7,58.0,,1980,7.4,0.69,0.0,0.0,Spring,No Holiday,Yes,2817971,1,3
5553,27/12/2017,4,-9.1,33.0,2.3,2000,-22.4,0.0,0.0,0.0,Winter,No Holiday,Yes,491700,0,12
5554,7/3/2018,2,2.6,50.0,1.3,1962,-6.8,0.0,0.0,0.0,Spring,No Holiday,Yes,1443049,0,3
5555,14/06/2018,0,21.1,69.0,0.5,1086,15.1,0.0,,0.0,Summer,No Holiday,Yes,5435036,1,6
5556,11/9/2018,7,16.9,55.0,1.4,2000,7.7,0.07,0.0,0.0,Autumn,No Holiday,Yes,8302656,2,9
5557,27/11/2018,21,7.5,35.0,1.8,656,-7.0,0.0,0.0,0.0,Autumn,No Holiday,Yes,4995079,1,11
5558,18/10/2018,0,9.2,64.0,0.7,2000,2.7,0.0,0.0,0.0,Autumn,No Holiday,Yes,3751048,1,10
5559,17/05/2018,13,23.4,83.0,1.7,1944,20.3,1.5,0.0,0.0,Spring,No Holiday,Yes,3280210,1,5
5560,20/06/2018,21,21.6,74.0,3.3,758,16.7,0.0,0.0,0.0,Summer,No Holiday,Yes,12161835,2,6
5561,31/12/2017,1,0.5,95.0,2.1,79,-0.2,0.0,0.0,0.6,Winter,Holiday,Yes,439901,0,12
5562,11/5/2018,10,16.4,64.0,2.4,423,9.5,2.05,0.0,0.0,Spring,No Holiday,Yes,5123801,1,5
5564,21/08/2018,11,24.7,85.0,2.3,1438,22.0,0.27,,0.0,Summer,No Holiday,Yes,4021310,1,8
5565,18/07/2018,3,,84.0,0.7,694,21.8,,0.0,0.0,Summer,No Holiday,Yes,2276080,1,7
5566,17/02/2018,16,1.3,15.0,4.2,2000,-22.5,1.63,0.0,0.0,Winter,Holiday,Yes,1823627,1,2
5567,26/04/2018,21,13.4,60.0,2.2,1517,5.7,0.0,0.0,0.0,Spring,No Holiday,Yes,7713740,2,4
5568,28/03/2018,20,15.2,65.0,2.2,988,8.6,0.0,0.0,0.0,Spring,No Holiday,Yes,6570231,2,3
5569,25/12/2017,0,-0.6,64.0,2.4,1010,-6.5,0.0,0.0,0.0,Winter,Holiday,Yes,1602095,0,12
5570,9/5/2018,12,18.7,39.0,1.9,1925,4.4,3.21,0.0,0.0,Spring,No Holiday,Yes,7130373,2,5
5571,8/7/2018,20,25.7,53.0,1.3,2000,15.3,,0.0,0.0,Summer,No Holiday,Yes,12273017,2,7
5573,5/7/2018,21,25.2,67.0,1.5,2000,18.6,0.0,0.0,0.0,Summer,No Holiday,Yes,10902275,2,7
5574,21/08/2018,7,23.4,94.0,2.4,1773,22.3,0.02,2.0,0.0,Summer,No Holiday,Yes,3400403,1,8
5575,6/8/2018,17,35.0,53.0,1.5,1618,23.9,1.78,0.0,0.0,Summer,No Holiday,Yes,5660324,2,8
5578,31/08/2018,14,29.3,41.0,1.9,1928,14.6,3.0,0.0,0.0,Summer,No Holiday,Yes,5892666,1,8
5579,5/9/2018,18,27.0,45.0,2.4,2000,14.0,0.77,0.0,0.0,Autumn,No Holiday,Yes,16227376,2,9
5580,25/12/2017,1,-1.2,57.0,4.3,1429,-8.6,0.0,0.0,0.0,Winter,Holiday,Yes,886483,0,12
5582,11/8/2018,20,32.8,47.0,1.9,2000,19.9,,0.0,0.0,Summer,No Holiday,Yes,8107355,2,8
5583,8/8/2018,16,35.1,40.0,2.6,1989,19.4,2.29,0.0,0.0,Summer,No Holiday,Yes,4945295,1,8
5584,8/8/2018,15,34.5,47.0,3.2,1958,21.5,2.32,0.0,0.0,Summer,No Holiday,Yes,4291697,1,8
5585,1/5/2018,12,22.1,67.0,2.7,462,15.6,0.81,0.0,0.0,Spring,Holiday,Yes,7779258,2,5
5586,19/11/2018,17,8.7,48.0,1.7,965,-1.7,0.25,0.0,0.0,Autumn,No Holiday,Yes,7172255,2,11
5587,18/11/2018,2,2.9,49.0,2.0,1989,-6.7,0.0,0.0,0.0,Autumn,No Holiday,Yes,2586758,1,11
5588,1/3/2018,17,0.4,37.0,,1366,-12.6,1.23,0.0,0.0,Spring,Holiday,Yes,3003315,1,3
5589,14/10/2018,11,16.2,41.0,1.0,878,2.9,2.11,0.0,0.0,Autumn,No Holiday,Yes,5913503,1,10
5590,26/08/2018,13,27.8,54.0,3.5,2000,17.6,1.15,0.0,0.0,Summer,No Holiday,Yes,3559537,1,8
5591,6/1/2018,1,-4.8,54.0,1.2,1219,-12.7,0.0,,0.0,Winter,No Holiday,Yes,1935412,1,1
5592,28/10/2018,10,8.2,89.0,0.4,1365,6.4,0.39,0.0,0.0,Autumn,No Holiday,Yes,1890962,1,10
5593,15/09/2018,1,21.8,79.0,1.4,2000,17.9,0.0,,0.0,Autumn,No Holiday,Yes,4765352,1,9
5596,1/6/2018,18,28.5,36.0,3.0,1981,11.9,1.21,0.0,0.0,Summer,No Holiday,Yes,16061088,2,6
5597,27/09/2018,6,13.4,61.0,0.8,2000,6.0,0.0,0.0,0.0,Autumn,No Holiday,Yes,3736630,1,9
5598,9/7/2018,0,24.2,61.0,1.7,2000,16.1,0.0,0.0,0.0,Summer,No Holiday,Yes,5087570,1,7
5599,12/4/2018,8,8.9,48.0,1.1,1444,-1.5,0.69,0.0,0.0,Spring,No Holiday,Yes,9006825,2,4
5600,16/06/2018,23,22.1,73.0,1.6,1180,17.0,0.0,0.0,0.0,Summer,No Holiday,Yes,8259981,2,6
5601,8/11/2018,21,14.0,96.0,4.1,292,13.3,0.0,18.0,0.0,Autumn,No Holiday,Yes,1070370,0,11
5602,28/07/2018,0,29.4,78.0,2.1,1072,25.1,0.0,0.0,0.0,Summer,No Holiday,Yes,5983860,1,7
5603,17/01/2018,17,7.2,57.0,3.3,342,-0.7,0.19,0.0,0.0,Winter,No Holiday,Yes,2803841,1,1
5604,8/10/2018,18,18.1,39.0,1.0,2000,3.9,0.21,0.0,0.0,Autumn,No Holiday,Yes,14797661,2,10
5605,10/9/2018,5,19.1,62.0,1.6,2000,11.6,0.0,0.0,0.0,Autumn,No Holiday,Yes,1474761,1,9
5606,23/03/2018,5,2.2,79.0,0.8,553,-1.0,0.0,0.0,0.0,Spring,No Holiday,Yes,851372,0,3
5608,21/09/2018,4,17.9,95.0,1.7,1298,17.0,0.0,2.5,0.0,Autumn,No Holiday,Yes,727321,0,9
5609,12/2/2018,14,-2.4,30.0,,1824,-17.6,2.08,0.0,0.0,Winter,No Holiday,Yes,1311515,0,2
5610,3/3/2018,13,12.2,14.0,1.6,1896,-14.5,2.75,0.0,0.0,Spring,No Holiday,Yes,4592661,1,3
5611,7/2/2018,17,-2.3,20.0,2.2,1994,-22.2,0.77,0.0,0.0,Winter,No Holiday,Yes,2019353,1,2
5612,31/08/2018,11,,57.0,11.6,1457,5.6,0.57,0.2,0.1,Summer,Holiday,Yes,3732905,1,8
5613,15/01/2018,18,5.2,44.0,1.3,647,-6.0,0.0,,0.0,Winter,No Holiday,Yes,3656850,1,1
5614,9/5/2018,6,9.2,64.0,1.0,2000,2.7,0.02,0.0,0.0,Spring,No Holiday,Yes,3258899,1,5
5615,4/11/2018,3,7.6,66.0,,1432,1.6,0.0,0.0,0.0,Autumn,No Holiday,Yes,2093377,1,11
5616,10/8/2018,4,26.3,85.0,0.4,1216,23.5,,,0.0,Summer,No Holiday,Yes,1404123,1,8
5617,19/07/2018,6,23.3,83.0,0.2,875,20.2,0.02,0.0,0.0,Summer,No Holiday,Yes,4204185,1,7
5618,9/5/2018,4,10.0,64.0,1.5,2000,3.4,0.0,0.0,0.0,Spring,No Holiday,Yes,1150933,0,5
5619,29/07/2018,23,29.9,45.0,1.4,2000,16.6,0.0,0.0,0.0,Summer,No Holiday,Yes,5972957,1,7
5620,17/06/2018,15,,51.0,2.6,598,16.2,2.4,0.0,0.0,Summer,No Holiday,Yes,9609443,2,6
5621,14/07/2018,8,26.1,74.0,0.7,1254,21.0,0.87,0.0,0.0,Summer,No Holiday,Yes,4143085,1,7
5622,28/04/2018,21,13.9,37.0,1.1,1751,-0.5,0.0,0.0,0.0,Spring,No Holiday,Yes,7601945,2,4
5624,27/05/2018,16,24.0,36.0,1.6,1811,7.9,1.34,0.0,0.0,Spring,No Holiday,Yes,11560650,2,5
5625,1/9/2018,6,20.9,87.0,0.7,1198,18.6,0.0,,0.0,Autumn,No Holiday,Yes,2699678,1,9
5626,30/10/2018,6,0.8,69.0,1.4,2000,-4.2,0.0,0.0,0.0,Autumn,No Holiday,Yes,2463068,1,10
5627,30/03/2018,21,13.7,73.0,1.8,658,8.9,0.0,0.0,0.0,Spring,No Holiday,Yes,5661302,1,3
5628,21/06/2018,9,22.7,59.0,2.0,940,14.2,1.77,0.0,0.0,Summer,No Holiday,Yes,7431356,2,6
5629,28/12/2017,11,-2.1,34.0,1.0,1868,-15.8,0.65,0.0,0.0,Winter,No Holiday,Yes,2139351,1,12
5630,8/3/2018,3,3.8,90.0,0.8,448,2.3,,2.0,0.0,Spring,No Holiday,Yes,721506,0,3
5632,31/12/2017,12,1.4,47.0,4.5,1388,-8.7,1.1,0.0,1.0,Winter,Holiday,Yes,1964728,0,12
5633,8/10/2018,9,12.2,51.0,0.7,1918,2.3,1.02,0.0,0.0,Autumn,No Holiday,Yes,6410033,2,10
5634,5/10/2018,19,16.6,96.0,2.4,1072,15.9,0.0,,0.0,Autumn,No Holiday,Yes,1025088,0,10
5635,15/12/2017,23,-1.3,60.0,2.5,792,-8.0,0.0,0.0,0.0,Winter,No Holiday,Yes,2040311,1,12
5636,6/10/2018,15,21.0,67.0,4.1,2000,14.6,2.05,0.0,0.0,Autumn,No Holiday,Yes,6815437,2,10
5637,12/10/2018,21,11.0,60.0,1.1,1995,3.5,0.0,0.0,0.0,Autumn,No Holiday,Yes,7271456,2,10
5638,27/08/2018,12,22.6,90.0,1.4,1963,20.8,1.02,,0.0,Summer,No Holiday,Yes,830506,0,8
5639,13/05/2018,19,17.6,73.0,2.0,886,12.6,0.34,0.0,0.0,Spring,No Holiday,Yes,11055649,2,5
5640,26/03/2018,8,6.4,90.0,1.4,117,4.8,0.13,0.0,0.0,Spring,No Holiday,Yes,5885242,1,3
5641,10/7/2018,5,20.6,97.0,0.6,2000,20.1,0.0,0.0,0.0,Summer,No Holiday,Yes,982817,0,7
5642,17/07/2018,14,31.8,49.0,3.5,1429,19.7,2.93,0.0,0.0,Summer,No Holiday,Yes,4364794,1,7
5643,26/03/2018,20,12.9,42.0,2.8,1047,0.2,0.0,0.0,0.0,Spring,No Holiday,Yes,4514211,1,3
5644,21/03/2018,19,2.0,81.0,0.7,2000,-0.9,0.0,0.0,0.0,Spring,No Holiday,Yes,2215589,1,3
5645,6/5/2018,20,17.6,77.0,1.2,2000,13.5,,0.0,0.0,Spring,No Holiday,Yes,8398968,2,5
5646,13/08/2018,22,29.9,60.0,1.3,2000,21.2,0.0,0.0,0.0,Summer,No Holiday,Yes,9162776,2,8
5647,8/7/2018,14,27.1,41.0,1.4,1941,12.7,3.24,0.0,0.0,Summer,No Holiday,Yes,8340568,2,7
5648,17/12/2017,22,-6.6,50.0,0.6,1990,-15.3,0.0,0.0,0.0,Winter,No Holiday,Yes,1456614,0,12
5649,4/3/2018,11,,88.0,0.7,453,8.1,0.34,0.0,0.0,Spring,No Holiday,Yes,1835937,1,3
5650,5/5/2018,2,12.1,53.0,1.1,1948,2.7,0.0,0.0,0.0,Spring,No Holiday,Yes,3077798,1,5
5651,27/11/2018,8,4.2,78.0,1.2,362,0.6,0.02,0.0,0.0,Autumn,No Holiday,Yes,8629220,2,11
5652,6/7/2018,21,23.1,54.0,2.1,2000,13.2,0.0,0.0,0.0,Summer,No Holiday,Yes,11914112,2,7
5653,19/02/2018,17,5.7,36.0,3.0,1073,-8.2,0.57,0.0,0.0,Winter,No Holiday,Yes,3228782,1,2
5654,14/12/2017,5,-10.8,48.0,0.8,1648,-19.6,0.0,0.0,0.0,Winter,No Holiday,Yes,434829,0,12
5655,9/6/2018,18,27.3,42.0,1.2,2000,13.2,0.19,0.0,0.0,Summer,No Holiday,Yes,10154548,2,6
5656,26/01/2018,3,-15.9,34.0,2.9,2000,-28.2,0.0,0.0,0.5,Winter,No Holiday,Yes,613239,0,1
5657,11/7/2018,15,29.4,68.0,2.3,1525,22.8,1.29,0.0,0.0,Summer,No Holiday,Yes,5605414,2,7
5658,20/07/2018,14,33.4,52.0,2.7,685,22.1,2.67,0.0,0.0,Summer,No Holiday,Yes,4383205,1,7
5659,27/09/2018,14,24.6,34.0,1.5,2000,7.6,2.74,0.0,0.0,Autumn,No Holiday,Yes,7330003,2,9
5660,28/02/2018,11,7.1,50.0,2.2,534,-2.6,0.33,0.0,0.0,Winter,No Holiday,Yes,2731528,1,2
5661,17/05/2018,22,20.2,98.0,,468,19.8,0.0,6.0,0.0,Spring,No Holiday,Yes,739097,0,5
5662,13/06/2018,3,18.5,73.0,1.0,1951,13.5,0.0,0.0,0.0,Summer,No Holiday,Yes,3061646,1,6
5663,18/12/2017,5,-5.3,81.0,0.9,923,-8.0,0.0,0.0,0.8,Winter,No Holiday,Yes,719699,0,12
5664,4/12/2017,4,2.8,89.0,1.5,130,1.1,0.0,0.0,0.0,Winter,No Holiday,Yes,825411,0,12
5666,17/10/2018,5,9.2,77.0,0.0,1278,5.3,0.0,0.0,0.0,Autumn,No Holiday,Yes,1372659,1,10
5667,9/3/2018,18,7.0,55.0,2.0,705,-1.4,0.35,0.0,0.0,Spring,No Holiday,Yes,6576445,2,3
5668,2/8/2018,23,32.4,64.0,1.7,1153,24.7,0.0,0.0,0.0,Summer,No Holiday,Yes,5444062,1,8
5669,24/12/2017,10,4.8,96.0,0.6,87,4.2,0.04,0.0,0.0,Winter,Holiday,Yes,329079,0,12
5670,12/1/2018,20,-7.9,31.0,1.4,2000,-22.1,0.0,0.0,0.0,Winter,No Holiday,Yes,1859729,1,1
5671,18/10/2018,15,19.0,38.0,1.9,2000,4.3,1.72,0.0,0.0,Autumn,No Holiday,Yes,6436878,2,10
5672,1/12/2017,12,1.7,23.0,1.4,2000,-17.2,1.11,0.0,0.0,Winter,No Holiday,Yes,2778949,1,12
5673,22/06/2018,14,31.6,25.0,2.3,1780,9.1,3.21,0.0,0.0,Summer,No Holiday,Yes,6052149,1,6
5674,4/8/2018,18,33.2,52.0,3.7,1986,22.0,1.14,0.0,0.0,Summer,No Holiday,Yes,6171047,2,8
5675,12/12/2017,1,-11.2,51.0,1.1,2000,-19.3,,0.0,0.0,Winter,No Holiday,Yes,1267567,0,12
5677,2/7/2018,8,20.8,96.0,0.4,1627,20.1,0.11,1.5,0.0,Summer,No Holiday,Yes,693586,0,7
5678,1/3/2018,19,-1.7,45.0,3.3,1375,-12.1,0.01,0.0,0.0,Spring,Holiday,Yes,1473190,1,3
5679,22/07/2018,6,25.3,73.0,0.6,1979,20.1,0.02,0.0,0.0,Summer,No Holiday,Yes,2333257,1,7
5680,11/4/2018,3,11.6,81.0,3.1,687,8.4,0.0,0.0,0.0,Spring,No Holiday,No,341266,0,4
5681,16/02/2018,22,-0.6,70.0,3.4,1204,-5.4,0.0,0.0,0.0,Winter,Holiday,Yes,954302,0,2
5682,1/10/2018,0,14.1,55.0,2.6,2000,5.1,0.0,0.0,0.0,Autumn,No Holiday,Yes,3429670,1,10
5683,9/7/2018,5,21.1,64.0,1.5,2000,14.0,0.0,0.0,0.0,Summer,No Holiday,Yes,2175897,1,7
5684,7/1/2018,9,-3.8,49.0,1.6,1371,-12.9,0.18,0.0,0.0,Winter,No Holiday,Yes,1262519,0,1
5685,23/09/2018,23,17.7,45.0,,2000,5.6,0.0,0.0,0.0,Autumn,Holiday,Yes,5070860,1,9
5686,4/7/2018,3,24.9,83.0,0.2,1857,21.8,0.0,0.0,0.0,Summer,No Holiday,Yes,1992542,1,7
5687,28/01/2018,22,-7.9,40.0,,1997,-19.1,0.0,0.0,0.0,Winter,No Holiday,Yes,947399,0,1
5688,8/3/2018,9,3.4,90.0,1.5,386,1.9,0.21,0.5,0.0,Spring,No Holiday,Yes,786532,0,3
5689,7/5/2018,12,22.9,35.0,0.8,1948,6.6,3.05,0.0,0.0,Spring,No Holiday,Yes,7747551,2,5
5690,31/01/2018,17,-0.9,34.0,2.8,2000,-14.8,0.28,0.0,1.8,Winter,No Holiday,Yes,1834985,1,1
5691,12/8/2018,16,34.1,47.0,2.5,2000,21.1,0.61,0.0,0.0,Summer,No Holiday,Yes,4736005,1,8
5692,11/6/2018,8,20.7,55.0,1.5,2000,11.3,1.23,0.0,0.0,Summer,No Holiday,Yes,12707224,2,6
5693,12/9/2018,14,26.9,45.0,1.6,2000,13.9,,0.0,0.0,Autumn,No Holiday,Yes,6423433,2,9
5695,10/5/2018,13,20.7,46.0,2.9,1078,8.6,3.26,0.0,0.0,Spring,No Holiday,No,303796,0,5
5696,15/11/2018,23,8.1,57.0,0.7,752,0.0,0.0,0.0,0.0,Autumn,No Holiday,Yes,4104205,1,11
5697,1/6/2018,15,29.9,36.0,3.3,1866,13.2,2.94,0.0,0.0,Summer,No Holiday,Yes,6284091,2,6
5698,23/06/2018,20,24.6,65.0,2.1,1018,17.5,,0.0,0.0,Summer,No Holiday,Yes,11923788,2,6
5699,28/07/2018,8,29.6,75.0,0.4,749,24.6,0.66,0.0,0.0,Summer,No Holiday,Yes,4101692,1,7
5700,25/06/2018,21,27.9,55.0,0.5,1083,18.0,0.0,0.0,0.0,Summer,No Holiday,Yes,12043114,2,6
5701,5/9/2018,20,24.5,64.0,2.0,2000,17.2,,0.0,0.0,Autumn,No Holiday,Yes,11401512,2,9
5702,25/07/2018,16,34.1,52.0,2.5,1304,22.8,2.23,0.0,0.0,Summer,No Holiday,Yes,5985401,1,7
5703,27/01/2018,19,-7.1,33.0,2.0,1887,-20.6,0.0,0.0,0.0,Winter,No Holiday,Yes,938583,0,1
5704,2/3/2018,22,0.5,38.0,0.9,1907,-12.2,0.0,0.0,0.0,Spring,No Holiday,Yes,2941439,1,3
5705,11/1/2018,3,-11.2,59.0,2.9,1872,-17.6,0.0,0.0,0.0,Winter,No Holiday,Yes,1045141,0,1
5706,25/01/2018,6,-16.1,33.0,3.0,2000,-28.7,0.0,0.0,0.7,Winter,No Holiday,Yes,1129687,0,1
5707,20/02/2018,21,1.1,21.0,1.6,2000,-18.8,0.0,0.0,0.0,Winter,No Holiday,Yes,2811676,1,2
5709,30/03/2018,10,16.0,29.0,1.4,1708,-2.0,,0.0,0.0,Spring,No Holiday,Yes,3473599,1,3
5710,12/3/2018,15,15.3,32.0,2.9,458,-1.3,2.02,0.0,0.0,Spring,No Holiday,Yes,4087973,1,3
5711,3/10/2018,17,23.3,36.0,1.7,1960,7.3,0.95,0.0,0.0,Autumn,Holiday,Yes,12202286,2,10
5712,3/9/2018,17,22.7,96.0,4.9,452,22.0,0.07,13.0,0.0,Autumn,No Holiday,Yes,468465,0,9
5713,29/04/2018,6,9.5,65.0,1.0,1325,3.2,0.01,0.0,0.0,Spring,No Holiday,Yes,1461519,0,4
5714,26/04/2018,23,12.1,58.0,1.9,1719,4.0,0.0,,0.0,Spring,No Holiday,Yes,4314441,1,4
5715,24/08/2018,7,24.2,88.0,2.3,2000,22.0,0.05,0.0,0.0,Summer,No Holiday,Yes,2828642,1,8
5716,13/11/2018,10,9.0,51.0,0.9,706,-0.6,1.16,0.0,0.0,Autumn,No Holiday,Yes,3909178,1,11
5717,2/8/2018,3,31.1,70.0,0.4,1449,24.9,0.0,0.0,0.0,Summer,No Holiday,Yes,2222551,1,8
5718,22/10/2018,12,18.2,34.0,1.0,758,2.0,2.03,0.0,0.0,Autumn,No Holiday,Yes,5834310,1,10
5719,15/12/2017,19,0.6,41.0,1.2,1550,-11.1,0.0,0.0,0.0,Winter,No Holiday,Yes,2518789,1,12
5720,4/9/2018,21,22.9,55.0,3.0,2000,13.3,0.0,,0.0,Autumn,No Holiday,Yes,11969929,2,9
5721,30/01/2018,2,-10.6,40.0,1.0,2000,-21.6,0.0,0.0,0.0,Winter,No Holiday,Yes,1296237,0,1
5722,16/07/2018,5,24.3,85.0,1.0,1496,21.6,0.0,0.0,0.0,Summer,No Holiday,Yes,2144049,1,7
5723,22/02/2018,13,4.5,51.0,3.8,1108,-4.7,,0.0,0.0,Winter,No Holiday,Yes,1803829,1,2
5724,27/02/2018,22,5.4,49.0,1.1,687,-4.4,0.0,0.0,0.0,Winter,No Holiday,Yes,2554548,1,2
5725,17/09/2018,21,21.3,66.0,2.3,1989,14.6,0.0,0.0,0.0,Autumn,No Holiday,Yes,10769331,2,9
5726,18/05/2018,12,16.6,96.0,0.8,430,15.9,0.34,0.0,0.0,Spring,No Holiday,Yes,1174270,1,5
5728,8/4/2018,5,1.3,51.0,1.6,2000,-7.7,0.0,0.0,0.0,Spring,No Holiday,Yes,1033106,0,4
5729,30/09/2018,10,20.7,62.0,1.3,1679,13.1,,0.0,0.0,Autumn,No Holiday,No,960569,0,9
5730,13/04/2018,0,11.4,22.0,1.5,2000,-9.6,0.0,0.0,0.0,Spring,No Holiday,Yes,2859441,1,4
5731,4/5/2018,2,9.6,65.0,1.5,1654,3.3,0.0,0.0,0.0,Spring,No Holiday,Yes,2173371,1,5
5733,19/02/2018,23,0.5,73.0,1.5,465,-3.7,0.0,0.0,0.0,Winter,No Holiday,Yes,1835916,1,2
5734,15/10/2018,22,14.8,83.0,1.5,227,11.9,0.0,0.0,0.0,Autumn,No Holiday,Yes,8165619,2,10
5735,5/9/2018,3,20.2,77.0,0.4,2000,16.0,0.0,0.0,0.0,Autumn,No Holiday,Yes,2589452,1,9
5736,14/01/2018,17,4.5,51.0,1.1,1244,-4.7,0.17,0.0,0.0,Winter,No Holiday,Yes,2151387,1,1
5737,9/12/2017,3,-4.3,47.0,0.6,1992,-13.9,0.0,0.0,0.0,Winter,No Holiday,Yes,925571,0,12
5738,29/07/2018,18,35.8,35.0,1.3,2000,17.9,1.21,0.0,0.0,Summer,No Holiday,Yes,6070482,2,7
5740,9/10/2018,9,12.8,57.0,1.2,1838,4.4,0.55,0.0,0.0,Autumn,Holiday,No,951721,0,10
5741,6/9/2018,16,26.9,55.0,3.9,1909,17.0,,0.0,0.0,Autumn,No Holiday,Yes,7219649,2,9
5742,1/10/2018,11,17.0,45.0,4.5,1966,4.9,2.04,0.0,0.0,Autumn,No Holiday,Yes,5751515,1,10
5743,10/3/2018,17,7.7,46.0,2.8,1635,-3.2,1.05,0.0,0.0,Spring,No Holiday,Yes,4950300,1,3
5744,7/8/2018,8,28.5,64.0,2.0,2000,21.0,0.89,0.0,0.0,Summer,No Holiday,Yes,8964760,2,8
5745,4/3/2018,8,,,,309,-22.8,1.07,0.0,0.0,Spring,No Holiday,No,905594,0,3
5746,24/08/2018,18,23.8,95.0,2.7,1938,22.9,,1.5,0.0,Summer,No Holiday,Yes,4603367,1,8
5747,26/11/2018,22,6.2,70.0,0.4,474,1.1,,0.0,0.0,Autumn,No Holiday,Yes,4563668,1,11
5748,3/7/2018,12,30.1,64.0,1.2,2000,22.5,2.54,0.0,0.0,Summer,No Holiday,Yes,5433514,1,7
5749,7/7/2018,15,28.7,42.0,1.3,2000,14.5,2.98,0.0,0.0,Summer,No Holiday,Yes,7960188,2,7
5750,1/1/2018,18,0.8,34.0,1.9,1887,-13.3,0.01,0.0,0.0,Winter,Holiday,Yes,1275976,0,1
5751,10/8/2018,14,35.1,44.0,1.6,2000,21.0,2.25,0.0,0.0,Summer,No Holiday,Yes,3795200,1,8
5752,12/6/2018,18,24.9,53.0,3.6,2000,14.6,1.28,0.0,0.0,Summer,No Holiday,Yes,17519008,2,6
5753,30/07/2018,13,34.7,43.0,1.3,2000,20.2,2.05,0.0,0.0,Summer,No Holiday,Yes,4093458,1,7
5754,19/05/2018,21,19.5,34.0,1.3,2000,3.2,0.0,0.0,0.0,Spring,No Holiday,Yes,9619018,2,5
5755,22/07/2018,8,27.9,60.0,0.6,1835,19.4,1.06,0.0,0.0,Summer,No Holiday,Yes,2993491,1,7
5756,24/09/2018,18,20.3,35.0,2.4,2000,4.3,0.46,0.0,0.0,Autumn,Holiday,Yes,7353874,2,9
5758,14/04/2018,11,8.1,94.0,1.2,802,7.1,0.39,0.5,0.0,Spring,No Holiday,Yes,1237722,0,4
5759,11/8/2018,5,26.9,69.0,0.7,2000,20.7,0.0,0.0,0.0,Summer,No Holiday,Yes,1819599,1,8
5760,9/6/2018,14,30.1,35.0,1.4,1583,12.9,2.53,0.0,0.0,Summer,No Holiday,Yes,9423613,2,6
5761,15/10/2018,23,14.1,74.0,1.5,486,9.5,,0.0,0.0,Autumn,No Holiday,Yes,5369225,1,10
5762,18/02/2018,23,-0.7,37.0,0.9,1814,-13.6,0.0,0.0,0.0,Winter,No Holiday,Yes,1188591,0,2
5763,22/03/2018,21,4.5,62.0,2.0,826,-2.1,0.0,0.0,0.0,Spring,No Holiday,Yes,4682059,1,3
5764,11/8/2018,13,34.1,45.0,1.5,1993,20.4,2.57,0.0,0.0,Summer,No Holiday,Yes,5149642,1,8
5767,20/12/2017,11,-4.2,51.0,1.1,1772,-12.8,0.4,0.0,1.9,Winter,No Holiday,Yes,1766730,1,12
5768,24/03/2018,18,9.0,76.0,3.0,288,4.9,0.45,0.0,0.0,Spring,No Holiday,Yes,4273571,1,3
5769,30/12/2017,18,3.0,84.0,1.7,137,0.5,,0.3,0.0,Winter,No Holiday,Yes,897371,0,12
5770,19/02/2018,4,-1.9,44.0,0.7,1907,-12.5,0.0,0.0,0.0,Winter,No Holiday,Yes,627806,0,2
5771,10/5/2018,22,12.3,85.0,2.3,452,9.8,0.0,0.0,0.0,Spring,No Holiday,No,678327,0,5
5772,29/01/2018,4,-9.9,45.0,2.5,1967,-19.6,0.0,0.0,0.0,Winter,No Holiday,Yes,410302,0,1
5773,23/05/2018,5,14.6,87.0,2.2,2000,12.4,0.0,0.0,0.0,Spring,No Holiday,Yes,1421499,0,5
5774,29/03/2018,4,12.8,81.0,0.2,418,9.6,0.0,0.0,0.0,Spring,No Holiday,Yes,1570097,0,3
5775,20/11/2018,8,0.3,53.0,0.9,1971,-8.1,0.05,0.0,0.0,Autumn,No Holiday,Yes,9748286,2,11
5776,1/11/2018,2,4.4,64.0,1.4,2000,-1.8,0.0,0.0,0.0,Autumn,No Holiday,Yes,2137800,1,11
5777,22/02/2018,19,3.5,60.0,2.7,936,-3.5,0.0,0.0,0.0,Winter,No Holiday,Yes,2746358,1,2
5778,3/4/2018,18,18.9,68.0,3.3,1326,12.8,0.12,0.0,0.0,Spring,No Holiday,Yes,11377421,2,4
5780,15/12/2017,6,-7.4,64.0,0.7,906,-13.0,0.0,0.0,0.0,Winter,No Holiday,Yes,677993,0,12
5781,11/8/2018,7,26.7,67.0,0.8,2000,20.0,0.13,0.0,0.0,Summer,No Holiday,Yes,2699362,1,8
5782,18/09/2018,10,22.7,54.0,,1619,12.9,1.74,0.0,0.0,Autumn,No Holiday,No,166897,0,9
5783,28/07/2018,21,29.1,78.0,,1362,24.8,0.0,0.0,0.0,Summer,No Holiday,Yes,6552390,2,7
5786,7/5/2018,6,14.0,87.0,0.8,1334,11.8,0.01,0.0,0.0,Spring,No Holiday,Yes,2057613,1,5
5787,22/08/2018,3,,80.0,0.8,1920,20.4,0.0,0.0,0.0,Summer,No Holiday,Yes,2665148,1,8
5788,30/08/2018,6,24.2,96.0,1.6,1206,23.5,0.0,0.0,0.0,Summer,No Holiday,Yes,2012543,1,8
5789,27/11/2018,2,3.9,85.0,0.8,299,1.6,0.0,0.0,0.0,Autumn,No Holiday,Yes,2082351,1,11
5790,1/12/2017,2,-6.0,39.0,1.0,2000,-17.7,,0.0,0.0,Winter,No Holiday,Yes,1742627,0,12
5791,16/10/2018,3,11.5,61.0,1.4,1399,4.2,0.0,0.0,0.0,Autumn,No Holiday,Yes,1718140,1,10
5793,11/6/2018,21,19.0,82.0,1.0,2000,15.8,0.0,0.0,0.0,Summer,No Holiday,Yes,8918113,2,6
5794,26/03/2018,2,5.4,95.0,1.5,89,4.6,0.0,0.0,0.0,Spring,No Holiday,Yes,1343423,0,3
5795,8/7/2018,21,25.3,55.0,1.4,2000,15.6,0.0,0.0,0.0,Summer,No Holiday,Yes,11355109,2,7
5796,4/5/2018,7,9.5,55.0,2.1,1912,0.8,0.32,0.0,0.0,Spring,No Holiday,Yes,6996918,2,5
5797,5/5/2018,17,23.6,29.0,3.9,1948,4.5,1.68,0.0,0.0,Spring,No Holiday,Yes,10704471,2,5
5798,25/03/2018,4,5.3,82.0,1.0,200,2.4,0.0,0.0,0.0,Spring,No Holiday,Yes,563145,0,3
5799,5/2/2018,22,-10.3,43.0,3.7,1876,-20.5,0.0,,0.0,Winter,No Holiday,Yes,984854,0,2
5800,12/12/2017,20,-8.4,42.0,1.0,2000,-19.0,0.0,0.0,0.0,Winter,No Holiday,Yes,1871969,1,12
5801,16/06/2018,13,26.2,37.0,1.2,1936,10.3,3.36,0.0,0.0,Summer,No Holiday,Yes,10054388,2,6
5802,29/09/2018,22,19.3,55.0,0.5,2000,10.0,0.0,0.0,0.0,Autumn,No Holiday,Yes,8778399,2,9
5803,12/7/2018,18,27.5,77.0,2.1,1897,23.0,0.46,0.0,0.0,Summer,No Holiday,Yes,15523486,2,7
5805,5/12/2017,16,-0.5,30.0,0.0,2000,-16.0,0.0,0.0,0.0,Winter,No Holiday,Yes,2973679,1,12
5806,30/12/2017,16,,63.0,0.7,263,-2.3,0.13,0.0,0.0,Winter,No Holiday,Yes,2008173,1,12
5807,26/05/2018,15,29.4,30.0,2.0,882,10.0,2.82,0.0,0.0,Spring,No Holiday,Yes,8762452,2,5
5808,14/12/2017,16,-2.4,28.0,0.9,1878,-18.4,0.35,0.0,0.0,Winter,No Holiday,Yes,2089957,1,12
5809,24/07/2018,21,30.2,65.0,2.3,1642,22.8,0.0,0.0,0.0,Summer,No Holiday,Yes,9966512,2,7
5810,9/12/2017,11,0.0,45.0,1.1,1500,-10.5,0.89,0.0,0.0,Winter,No Holiday,Yes,2602648,1,12
5811,1/1/2018,23,-1.6,51.0,0.7,1882,-10.4,0.0,0.0,0.0,Winter,Holiday,Yes,1238641,0,1
5812,21/09/2018,6,17.6,95.0,1.7,974,16.7,0.0,1.5,0.0,Autumn,No Holiday,Yes,1027015,0,9
5813,18/07/2018,7,24.2,74.0,0.7,656,19.2,0.35,0.0,0.0,Summer,No Holiday,Yes,7743731,2,7
5815,25/11/2018,20,5.5,77.0,0.7,490,1.7,0.0,0.0,0.4,Autumn,No Holiday,Yes,3746812,1,11
5816,23/02/2018,8,-0.2,97.0,0.4,197,-0.6,0.05,0.0,3.7,Winter,No Holiday,Yes,2369138,1,2
5817,15/05/2018,6,15.4,84.0,,235,12.7,0.03,0.0,0.0,Spring,No Holiday,Yes,3444705,1,5
5818,1/12/2017,10,-3.5,24.0,1.2,1996,-21.2,0.65,0.0,0.0,Winter,No Holiday,Yes,2550582,1,12
5819,27/07/2018,7,27.6,80.0,1.0,783,23.8,0.27,0.0,0.0,Summer,No Holiday,Yes,6741490,2,7
5820,23/11/2018,13,6.5,18.0,2.2,1984,-16.1,1.94,0.0,0.0,Autumn,No Holiday,Yes,4373110,1,11
5821,12/6/2018,3,17.5,87.0,0.5,1995,15.3,0.0,0.0,0.0,Summer,No Holiday,Yes,2023505,1,6
5822,2/3/2018,18,3.5,22.0,0.9,1961,-16.2,,0.0,0.0,Spring,No Holiday,Yes,4722079,1,3
5823,1/6/2018,23,21.8,49.0,1.6,1965,10.6,0.0,0.0,0.0,Summer,No Holiday,Yes,7134824,2,6
5824,26/01/2018,1,-15.3,34.0,1.7,2000,-27.6,0.0,0.0,0.5,Winter,No Holiday,Yes,1238073,0,1
5826,30/10/2018,13,9.8,33.0,1.8,1937,-5.7,2.3,0.0,0.0,Autumn,No Holiday,Yes,4613284,1,10
5827,4/7/2018,1,25.4,79.0,1.0,2000,21.4,0.0,0.0,0.0,Summer,No Holiday,Yes,4832661,1,7
5828,18/09/2018,6,17.7,77.0,0.2,1757,13.6,0.0,0.0,0.0,Autumn,No Holiday,No,661707,0,9
5829,11/9/2018,6,17.0,55.0,1.2,2000,7.8,0.0,0.0,0.0,Autumn,No Holiday,Yes,4208307,1,9
5830,1/6/2018,11,26.8,38.0,2.6,1879,11.2,2.99,0.0,0.0,Summer,No Holiday,Yes,5445392,1,6
5831,7/7/2018,5,19.8,63.0,1.4,2000,12.5,0.0,0.0,0.0,Summer,No Holiday,Yes,1590004,1,7
5832,13/01/2018,12,-3.7,66.0,1.1,1140,-9.1,0.45,0.2,0.4,Winter,No Holiday,Yes,1632207,0,1
5833,10/3/2018,10,3.5,65.0,,539,-2.4,0.87,0.0,0.0,Spring,No Holiday,Yes,2367393,1,3
5836,19/05/2018,16,24.5,34.0,1.5,2000,7.5,2.54,0.0,0.0,Spring,No Holiday,Yes,13098198,2,5
5837,21/02/2018,19,-0.1,39.0,2.8,2000,-12.4,0.0,0.0,0.0,Winter,No Holiday,Yes,3072597,1,2
5838,29/06/2018,22,24.2,80.0,1.3,500,20.5,0.0,0.0,0.0,Summer,No Holiday,Yes,11060432,2,6
5839,25/06/2018,2,22.3,80.0,0.8,709,18.6,0.0,0.0,0.0,Summer,No Holiday,Yes,2931739,1,6
5840,8/1/2018,23,-0.6,62.0,4.2,936,-6.9,,,1.0,Winter,No Holiday,Yes,1147245,0,1
5841,1/5/2018,10,22.2,61.0,1.2,531,14.3,1.72,0.0,0.0,Spring,Holiday,Yes,5333459,1,5
5842,23/05/2018,10,17.9,56.0,3.3,1919,8.9,2.63,0.0,0.0,Spring,No Holiday,Yes,5209112,1,5
5843,28/01/2018,16,-2.1,27.0,4.0,2000,-18.6,0.52,0.0,0.0,Winter,No Holiday,Yes,1736279,0,1
5844,27/12/2017,5,-9.4,36.0,1.9,2000,-21.7,0.0,0.0,0.0,Winter,No Holiday,Yes,1152707,0,12
5845,29/07/2018,3,27.4,73.0,0.6,1893,22.1,0.0,0.0,0.0,Summer,No Holiday,Yes,2815595,1,7
5846,13/11/2018,17,12.7,40.0,1.9,1967,-0.5,0.33,0.0,0.0,Autumn,No Holiday,Yes,7889714,2,11
5847,15/04/2018,23,,69.0,2.2,1730,3.2,0.0,0.0,0.0,Spring,No Holiday,Yes,2915423,1,4
5848,18/01/2018,12,2.5,72.0,2.4,256,-2.0,0.0,0.0,0.0,Winter,No Holiday,Yes,1667115,1,1
5850,30/08/2018,11,26.2,82.0,2.6,834,22.8,0.59,0.0,0.0,Summer,No Holiday,Yes,3386821,1,8
5851,20/04/2018,3,11.3,61.0,0.3,934,4.0,0.0,0.0,0.0,Spring,No Holiday,Yes,1712578,0,4
5852,13/03/2018,6,7.0,58.0,0.7,537,-0.7,0.0,0.0,0.0,Spring,No Holiday,Yes,2019730,1,3
5853,7/8/2018,23,29.5,78.0,1.4,1469,25.2,0.0,0.0,0.0,Summer,No Holiday,Yes,6913469,2,8
5854,11/2/2018,9,-8.6,28.0,1.5,1786,-23.8,0.49,0.0,0.0,Winter,No Holiday,Yes,805306,0,2
5855,13/01/2018,11,-4.8,70.0,1.0,1244,-9.4,0.21,0.0,0.6,Winter,No Holiday,Yes,969333,0,1
5856,6/2/2018,6,-12.5,40.0,3.4,1991,-23.3,0.0,,0.0,Winter,No Holiday,Yes,1101118,0,2
5857,25/08/2018,2,22.9,82.0,2.1,1829,19.6,0.0,0.0,0.0,Summer,No Holiday,Yes,4317724,1,8
5858,1/10/2018,20,15.4,63.0,2.1,2000,8.3,0.0,0.0,0.0,Autumn,No Holiday,Yes,9586218,2,10
5859,24/02/2018,5,1.8,84.0,2.7,214,-0.6,0.0,0.0,0.0,Winter,No Holiday,Yes,1164167,0,2
5860,20/11/2018,18,9.1,31.0,2.0,1932,-7.1,0.0,0.0,0.0,Autumn,No Holiday,Yes,9435076,2,11
5861,28/03/2018,21,14.2,70.0,0.8,723,8.7,0.0,0.0,0.0,Spring,No Holiday,Yes,5646214,1,3
5862,18/12/2017,17,0.4,84.0,0.8,317,-1.9,0.15,0.0,2.7,Winter,No Holiday,Yes,917073,0,12
5863,24/02/2018,22,0.1,32.0,0.9,1937,-14.6,0.0,0.0,0.0,Winter,No Holiday,Yes,1855449,1,2
5864,26/03/2018,23,9.8,62.0,0.6,535,2.8,0.0,0.0,0.0,Spring,No Holiday,Yes,3069296,1,3
5865,19/01/2018,22,0.0,56.0,0.8,1544,-7.7,0.0,0.0,0.0,Winter,No Holiday,Yes,1841396,1,1
5866,18/09/2018,0,19.5,73.0,,1916,14.5,0.0,0.0,0.0,Autumn,No Holiday,No,400683,0,9
5867,8/11/2018,4,10.8,87.0,1.7,956,8.7,0.0,0.0,0.0,Autumn,No Holiday,Yes,655535,0,11
5868,4/9/2018,2,20.9,96.0,0.4,970,20.2,0.0,0.0,0.0,Autumn,No Holiday,Yes,2563232,1,9
5869,19/03/2018,11,10.2,65.0,3.3,2000,3.9,,0.0,0.0,Spring,No Holiday,Yes,2540077,1,3
5871,8/2/2018,10,-6.3,46.0,1.3,1346,-16.0,1.01,0.0,0.0,Winter,No Holiday,Yes,1476741,0,2
5872,6/1/2018,8,-6.5,62.0,1.1,1503,-12.5,0.0,,0.0,Winter,No Holiday,Yes,1446140,1,1
5873,24/01/2018,7,-15.9,30.0,3.0,2000,-29.5,0.0,0.0,0.9,Winter,No Holiday,Yes,853437,0,1
5874,15/05/2018,21,25.6,56.0,0.7,884,16.1,,0.0,0.0,Spring,No Holiday,Yes,10567933,2,5
5876,16/01/2018,15,6.3,40.0,0.3,498,-6.3,0.19,0.0,0.0,Winter,No Holiday,Yes,2353001,1,1
5877,14/10/2018,3,8.4,73.0,0.4,820,3.8,0.0,0.0,0.0,Autumn,No Holiday,Yes,2472993,1,10
5878,3/12/2017,7,3.1,91.0,1.2,129,1.7,0.0,,0.0,Winter,No Holiday,Yes,550959,0,12
5879,10/2/2018,15,,20.0,4.1,1942,-18.6,1.49,0.0,0.0,Winter,No Holiday,Yes,2389833,1,2
5880,19/07/2018,21,28.8,69.0,2.4,1619,22.5,,0.0,0.0,Summer,No Holiday,Yes,11617649,2,7
5881,10/9/2018,10,24.0,47.0,1.6,1996,11.9,2.08,,0.0,Autumn,No Holiday,Yes,5153104,1,9
5882,4/8/2018,3,29.7,57.0,1.5,1964,20.2,0.0,0.0,0.0,Summer,No Holiday,Yes,2916807,1,8
5883,25/12/2017,12,-1.6,33.0,2.5,1874,-15.8,1.18,,0.0,Winter,Holiday,Yes,2050379,1,12
5884,10/8/2018,6,25.7,83.0,0.6,1483,22.5,0.0,0.0,0.0,Summer,No Holiday,Yes,4115190,1,8
5885,15/03/2018,16,10.7,98.0,1.2,196,10.3,0.14,0.0,0.0,Spring,No Holiday,Yes,1527564,1,3
5886,1/12/2017,22,-0.9,83.0,1.5,1380,-3.4,0.0,0.0,0.0,Winter,No Holiday,Yes,2028118,1,12
5887,26/06/2018,14,21.0,97.0,0.7,381,20.4,,2.5,0.0,Summer,No Holiday,Yes,463963,0,6
5888,6/11/2018,10,11.7,62.0,0.5,521,4.6,0.77,0.0,0.0,Autumn,No Holiday,No,825171,0,11
5890,5/10/2018,4,17.7,57.0,1.3,2000,9.0,0.0,0.0,0.0,Autumn,No Holiday,Yes,1783433,1,10
5891,6/7/2018,20,23.8,55.0,2.3,2000,14.2,,0.0,0.0,Summer,No Holiday,Yes,12363470,2,7
5892,5/6/2018,23,21.9,56.0,,1898,12.7,0.0,0.0,0.0,Summer,No Holiday,Yes,9168489,2,6
5893,12/11/2018,21,,50.0,0.5,1707,-1.3,0.0,0.0,0.0,Autumn,No Holiday,Yes,6708387,2,11
5894,14/11/2018,10,9.6,53.0,1.4,1818,0.4,1.16,0.0,0.0,Autumn,No Holiday,Yes,3946302,1,11
5895,28/11/2018,20,4.8,29.0,0.6,1756,-11.7,0.0,0.0,0.0,Autumn,No Holiday,Yes,4918761,1,11
5897,27/10/2018,12,10.4,41.0,4.9,1966,-2.3,1.33,0.0,0.0,Autumn,No Holiday,Yes,5736357,2,10
5898,18/06/2018,14,29.8,36.0,2.0,1382,13.1,2.63,0.0,0.0,Summer,No Holiday,Yes,5138328,1,6
5899,5/2/2018,8,-11.5,40.0,2.8,2000,-22.4,0.02,0.0,0.0,Winter,No Holiday,Yes,2824425,1,2
5900,13/12/2017,21,-8.3,39.0,1.0,2000,-19.8,0.0,0.0,0.0,Winter,No Holiday,Yes,1969295,1,12
5901,14/11/2018,22,8.8,58.0,0.5,1358,0.9,0.0,0.0,0.0,Autumn,No Holiday,Yes,6328382,1,11
5902,26/06/2018,13,20.5,97.0,1.2,338,20.0,0.11,14.5,0.0,Summer,No Holiday,Yes,1060518,0,6
5903,10/4/2018,17,20.6,39.0,5.6,2000,6.1,0.74,0.0,0.0,Spring,No Holiday,Yes,6009385,2,4
5904,28/02/2018,22,2.3,96.0,1.9,1207,1.7,0.0,,0.0,Winter,No Holiday,Yes,1015310,0,2
5905,1/2/2018,22,-3.9,52.0,1.2,1871,-12.3,0.0,0.0,0.0,Winter,No Holiday,Yes,1267858,1,2
5906,5/11/2018,12,16.4,48.0,2.1,653,5.3,1.68,0.0,0.0,Autumn,No Holiday,Yes,5617921,1,11
5907,7/3/2018,7,2.2,65.0,1.9,2000,-3.7,0.0,0.0,0.0,Spring,No Holiday,Yes,3351887,1,3
5908,30/10/2018,4,1.6,63.0,0.3,2000,-4.6,0.0,0.0,0.0,Autumn,No Holiday,Yes,1639924,0,10
5909,6/6/2018,3,19.6,68.0,1.7,1260,13.5,0.0,0.0,0.0,Summer,Holiday,Yes,3615547,1,6
5910,25/03/2018,12,12.2,58.0,15.0,1429,4.9,0.58,,0.1,Spring,No Holiday,Yes,3846970,1,3
5911,8/12/2017,4,-5.3,53.0,2.4,1936,-13.4,0.0,0.0,0.0,Winter,No Holiday,Yes,880440,0,12
5912,8/6/2018,20,22.6,71.0,1.8,856,17.0,,0.0,0.0,Summer,No Holiday,Yes,12659512,2,6
5913,9/9/2018,18,26.0,35.0,0.3,2000,9.3,0.2,0.0,0.0,Autumn,No Holiday,Yes,13278628,2,9
5914,4/10/2018,15,25.3,39.0,1.6,2000,10.3,1.88,,0.0,Autumn,No Holiday,No,801059,0,10
5915,25/01/2018,14,-10.4,25.0,2.3,1981,-26.7,1.21,0.0,0.5,Winter,No Holiday,Yes,938242,0,1
5916,4/3/2018,17,11.8,82.0,1.7,990,8.8,0.4,0.0,0.0,Spring,No Holiday,Yes,2898679,1,3
5917,4/5/2018,18,17.1,35.0,3.4,1961,1.4,1.11,0.0,0.0,Spring,No Holiday,Yes,13815305,2,5
5918,17/11/2018,15,8.9,34.0,2.9,1787,-6.1,0.52,,0.0,Autumn,No Holiday,Yes,5729052,1,11
5919,24/10/2018,23,11.0,74.0,0.1,1817,6.5,0.0,0.0,0.0,Autumn,No Holiday,Yes,4756631,1,10
5920,16/02/2018,4,-4.5,42.0,1.4,1944,-15.5,0.0,0.0,0.0,Winter,Holiday,Yes,318371,0,2
5921,12/2/2018,3,-8.5,35.0,2.7,2000,-21.2,,0.0,0.0,Winter,No Holiday,Yes,783988,0,2
5922,15/09/2018,9,22.7,72.0,1.2,2000,17.3,0.59,0.0,0.0,Autumn,No Holiday,Yes,5643734,1,9
5923,15/10/2018,12,19.0,60.0,1.8,513,11.0,2.11,0.0,0.0,Autumn,No Holiday,Yes,5423257,1,10
5924,21/07/2018,22,,55.0,1.4,2000,19.4,0.0,0.0,0.0,Summer,No Holiday,Yes,8117238,2,7
5925,28/05/2018,19,24.4,44.0,2.8,1979,11.3,0.45,0.0,0.0,Spring,No Holiday,Yes,13420222,2,5
5926,1/8/2018,2,29.5,69.0,0.8,2000,23.2,0.0,0.0,0.0,Summer,No Holiday,Yes,3310064,1,8
5927,17/07/2018,6,24.0,81.0,0.9,1271,20.5,0.02,0.0,0.0,Summer,No Holiday,Yes,4826599,1,7
5928,17/09/2018,5,19.4,84.0,1.6,1252,16.6,0.0,0.0,0.0,Autumn,No Holiday,Yes,1558252,1,9
5929,8/10/2018,7,9.2,72.0,1.0,2000,4.4,0.01,0.0,0.0,Autumn,No Holiday,Yes,7523328,2,10
5930,29/05/2018,20,20.1,88.0,2.2,572,18.0,0.0,1.0,0.0,Spring,No Holiday,Yes,2921709,1,5
5931,14/02/2018,0,2.0,65.0,2.2,1885,-3.9,0.0,0.0,0.0,Winter,No Holiday,Yes,1502437,0,2
5932,12/2/2018,21,-4.3,59.0,3.0,1239,-11.1,0.0,0.0,0.0,Winter,No Holiday,Yes,1848269,1,2
5933,23/09/2018,14,24.2,40.0,1.2,1953,9.7,2.62,0.0,0.0,Autumn,Holiday,Yes,6766580,2,9
5934,10/10/2018,17,13.1,45.0,3.1,2000,1.4,0.62,0.0,0.0,Autumn,No Holiday,Yes,9372640,2,10
5935,17/02/2018,23,,31.0,,2000,-17.7,0.0,0.0,0.0,Winter,Holiday,Yes,1235573,0,2
5936,25/03/2018,16,16.5,39.0,3.1,366,2.4,1.91,0.0,0.0,Spring,No Holiday,Yes,5746431,1,3
5937,21/12/2017,1,-1.8,90.0,1.6,263,-3.2,0.0,0.0,2.2,Winter,No Holiday,Yes,1814918,0,12
5938,18/04/2018,10,13.7,26.0,2.3,1476,-5.4,2.25,0.0,0.0,Spring,No Holiday,Yes,4434179,1,4
5939,29/04/2018,4,10.3,63.0,0.7,1277,3.5,0.0,0.0,0.0,Spring,No Holiday,Yes,1643929,0,4
5940,25/02/2018,14,7.0,23.0,2.4,1645,-12.7,2.52,0.0,0.0,Winter,No Holiday,Yes,3120849,1,2
5941,3/1/2018,7,,48.0,2.4,1974,-16.0,0.0,0.0,0.0,Winter,No Holiday,Yes,2428380,1,1
5942,2/6/2018,15,,24.0,2.9,1939,7.0,3.0,0.0,0.0,Summer,No Holiday,Yes,8669909,2,6
5943,30/01/2018,17,-2.4,85.0,0.3,174,-4.5,0.06,0.0,0.6,Winter,No Holiday,Yes,443630,0,1
5944,19/06/2018,13,26.6,46.0,2.9,1482,14.0,2.31,0.0,0.0,Summer,No Holiday,Yes,6099850,2,6
5945,21/04/2018,13,24.6,10.0,2.7,2000,-9.0,3.31,0.0,0.0,Spring,No Holiday,Yes,7092572,2,4
5946,17/03/2018,0,3.7,48.0,1.6,2000,-6.3,0.0,0.0,0.0,Spring,No Holiday,Yes,2579958,1,3
5947,11/8/2018,1,29.0,67.0,1.1,2000,22.2,0.0,0.0,0.0,Summer,No Holiday,Yes,4870978,1,8
5949,17/10/2018,7,8.6,77.0,0.7,965,4.7,0.0,,0.0,Autumn,No Holiday,Yes,7040098,2,10
5950,6/7/2018,15,26.9,51.0,2.0,2000,15.9,1.95,0.0,0.0,Summer,No Holiday,Yes,7610895,2,7
5951,8/6/2018,11,21.9,64.0,2.4,1359,14.7,1.03,0.0,0.0,Summer,No Holiday,Yes,5972496,1,6
5952,12/5/2018,9,11.8,95.0,1.0,168,11.0,0.14,3.0,0.0,Spring,No Holiday,Yes,629517,0,5
5954,3/9/2018,7,23.9,71.0,0.4,2000,18.3,0.02,0.0,0.0,Autumn,No Holiday,Yes,7489868,2,9
5955,24/02/2018,1,4.0,83.0,1.7,235,1.3,0.0,0.0,0.0,Winter,No Holiday,Yes,2259069,1,2
5956,22/01/2018,15,3.6,69.0,,655,-1.5,0.17,0.0,0.0,Winter,No Holiday,Yes,546709,0,1
5957,28/05/2018,21,21.8,50.0,2.1,1950,10.9,0.0,0.0,0.0,Spring,No Holiday,Yes,11639155,2,5
5958,1/3/2018,14,1.2,36.0,6.0,1430,-12.2,,0.0,0.0,Spring,Holiday,Yes,2846818,1,3
5960,3/2/2018,20,-8.5,31.0,4.1,2000,-22.6,0.0,0.0,0.0,Winter,No Holiday,Yes,1117684,0,2
5961,19/02/2018,5,-1.8,44.0,0.5,1862,-12.4,0.0,0.0,0.0,Winter,No Holiday,Yes,990146,0,2
5962,17/01/2018,15,8.5,49.0,1.3,400,-1.6,0.73,0.0,0.0,Winter,No Holiday,Yes,1784982,1,1
5963,31/01/2018,15,-0.5,30.0,2.3,1997,-15.9,0.45,0.0,2.2,Winter,No Holiday,Yes,1343748,1,1
5964,23/07/2018,12,34.1,47.0,2.3,1862,21.1,,0.0,0.0,Summer,No Holiday,Yes,3999744,1,7
5965,28/06/2018,14,27.1,72.0,3.0,1126,21.6,0.91,0.0,0.0,Summer,No Holiday,Yes,5774820,1,6
5966,21/11/2018,19,5.1,50.0,0.7,2000,-4.4,0.0,0.0,0.0,Autumn,No Holiday,Yes,6210266,2,11
5967,13/09/2018,23,22.4,73.0,0.3,1980,17.3,0.0,0.0,0.0,Autumn,No Holiday,Yes,7510130,2,9
5968,17/10/2018,1,11.5,74.0,1.2,1305,7.0,0.0,0.0,0.0,Autumn,No Holiday,Yes,3215086,1,10
5969,27/08/2018,5,20.5,97.0,0.4,384,20.0,0.0,3.0,0.0,Summer,No Holiday,Yes,972289,0,8
5970,21/06/2018,21,23.8,63.0,1.5,1455,16.3,0.0,0.0,0.0,Summer,No Holiday,Yes,12813911,2,6
5971,13/02/2018,19,2.4,57.0,3.2,1995,-5.2,0.0,,0.0,Winter,No Holiday,Yes,2574495,1,2
5972,21/06/2018,20,25.1,55.0,2.3,1779,15.4,,0.0,0.0,Summer,No Holiday,Yes,13171353,2,6
5973,14/12/2017,8,-10.4,54.0,1.1,1432,-17.9,0.01,0.0,0.0,Winter,No Holiday,Yes,4010486,1,12
5975,27/04/2018,18,20.3,47.0,2.5,705,8.6,0.77,0.0,0.0,Spring,No Holiday,Yes,13495438,2,4
5977,8/8/2018,0,29.1,77.0,2.1,1465,24.6,0.0,0.0,0.0,Summer,No Holiday,Yes,5015168,1,8
5978,24/10/2018,18,15.1,53.0,1.7,2000,5.5,0.06,0.0,0.0,Autumn,No Holiday,Yes,14133183,2,10
5979,11/2/2018,16,,36.0,4.4,2000,-16.5,0.67,0.0,0.0,Winter,No Holiday,Yes,1666795,0,2
5980,13/10/2018,11,15.2,44.0,1.2,1301,3.0,2.16,0.0,0.0,Autumn,No Holiday,Yes,6224869,2,10
5981,8/5/2018,23,12.2,57.0,1.9,2000,3.9,0.0,0.0,0.0,Spring,No Holiday,Yes,4356344,1,5
5982,16/02/2018,10,-1.3,32.0,1.5,1933,-15.9,1.24,0.0,0.0,Winter,Holiday,Yes,746049,0,2
5983,16/04/2018,10,12.4,34.0,1.2,1943,-3.0,2.24,0.0,0.0,Spring,No Holiday,Yes,4648789,1,4
5984,16/06/2018,11,23.4,46.0,1.6,1954,11.1,,0.0,0.0,Summer,No Holiday,Yes,7704651,2,6
5985,7/5/2018,1,15.1,84.0,0.3,1858,12.4,0.0,0.0,0.0,Spring,No Holiday,Yes,3457131,1,5
5986,31/05/2018,17,27.2,42.0,2.9,1828,13.1,1.79,0.0,0.0,Spring,No Holiday,Yes,11040374,2,5
5987,12/11/2018,15,13.8,34.0,2.4,1438,-1.8,1.45,0.0,0.0,Autumn,No Holiday,Yes,6814521,2,11
5988,10/1/2018,4,-6.6,72.0,2.2,2000,-10.8,0.0,0.0,0.8,Winter,No Holiday,Yes,403129,0,1
5989,20/02/2018,13,4.2,22.0,3.9,1812,-15.6,2.21,0.0,0.0,Winter,No Holiday,Yes,2099187,1,2
5991,28/12/2017,5,-5.7,28.0,1.2,2000,-21.3,0.0,0.0,0.0,Winter,No Holiday,Yes,818420,0,12
5993,25/01/2018,3,-16.0,40.0,1.9,2000,-26.5,0.0,0.0,0.7,Winter,No Holiday,Yes,740450,0,1
5994,22/02/2018,6,-3.0,62.0,0.8,1996,-9.2,0.0,0.0,0.0,Winter,No Holiday,Yes,1049709,0,2
5995,31/05/2018,9,18.8,59.0,1.6,1233,10.6,1.9,0.0,0.0,Spring,No Holiday,Yes,6650056,2,5
5996,3/9/2018,6,23.8,71.0,1.2,2000,18.2,0.0,0.0,0.0,Autumn,No Holiday,Yes,3643041,1,9
5997,2/2/2018,21,-2.0,61.0,1.7,1655,-8.5,,0.0,0.0,Winter,No Holiday,Yes,1620806,1,2
5998,28/03/2018,3,10.9,79.0,0.8,383,7.3,0.0,0.0,0.0,Spring,No Holiday,Yes,1485660,0,3
5999,2/4/2018,23,16.8,70.0,0.9,1426,11.2,0.0,,0.0,Spring,No Holiday,Yes,4887444,1,4
6000,31/12/2017,16,2.7,26.0,2.7,2000,-14.9,0.59,0.0,0.0,Winter,Holiday,Yes,2212555,1,12
6002,2/3/2018,23,0.3,38.0,,1895,-12.3,,0.0,0.0,Spring,No Holiday,Yes,1370619,1,3
6003,24/09/2018,2,16.1,57.0,,2000,7.5,0.0,0.0,0.0,Autumn,Holiday,Yes,2473865,1,9
6004,23/09/2018,15,25.0,28.0,2.2,2000,5.2,2.39,0.0,0.0,Autumn,Holiday,Yes,7313525,2,9
6005,5/5/2018,0,12.2,59.0,1.2,1718,4.4,0.0,0.0,0.0,Spring,No Holiday,Yes,4513591,1,5
6006,15/02/2018,5,-2.4,33.0,3.1,2000,-16.5,0.0,0.0,0.0,Winter,Holiday,Yes,450832,0,2
6007,15/08/2018,15,37.4,38.0,1.4,2000,20.6,1.72,0.0,0.0,Summer,Holiday,Yes,4105443,1,8
6008,30/07/2018,17,35.4,44.0,0.8,2000,21.2,1.1,0.0,0.0,Summer,No Holiday,Yes,6922619,2,7
6009,15/11/2018,8,5.3,75.0,1.0,808,1.2,0.1,0.0,0.0,Autumn,No Holiday,Yes,9219551,2,11
6010,8/6/2018,13,24.2,58.0,1.9,1015,15.4,1.87,0.0,0.0,Summer,No Holiday,Yes,7155280,2,6
6011,10/10/2018,14,14.0,43.0,2.8,2000,1.5,1.13,,0.0,Autumn,No Holiday,Yes,5391441,1,10
6012,26/07/2018,1,27.6,79.0,1.0,1261,23.6,0.0,0.0,0.0,Summer,No Holiday,Yes,4373375,1,7
6013,19/12/2017,14,-2.2,23.0,3.7,1971,-20.5,1.09,0.0,2.2,Winter,No Holiday,Yes,1468539,0,12
6014,18/10/2018,5,7.8,81.0,1.1,2000,4.7,0.0,,0.0,Autumn,No Holiday,Yes,1414955,0,10
6015,13/07/2018,15,30.2,62.0,2.4,1806,22.1,1.91,0.0,0.0,Summer,No Holiday,Yes,6123318,1,7
6016,10/8/2018,10,30.5,58.0,0.6,1875,21.2,1.84,0.0,0.0,Summer,No Holiday,Yes,4086502,1,8
6017,25/06/2018,20,28.8,54.0,1.1,964,18.5,,0.0,0.0,Summer,No Holiday,Yes,12921285,2,6
6018,17/08/2018,23,25.2,47.0,1.2,2000,13.0,0.0,0.0,0.0,Summer,No Holiday,Yes,7863500,2,8
6019,3/11/2018,2,7.6,68.0,1.2,1170,2.0,0.0,,0.0,Autumn,No Holiday,No,969384,0,11
6020,28/04/2018,11,19.0,30.0,3.0,1719,1.0,2.84,0.0,0.0,Spring,No Holiday,Yes,5676384,1,4
6021,27/08/2018,20,24.4,85.0,0.7,2000,21.7,,0.0,0.0,Summer,No Holiday,Yes,8898905,2,8
6023,6/4/2018,23,3.8,75.0,4.1,604,-0.2,0.0,0.0,0.0,Spring,No Holiday,Yes,2535173,1,4
6024,9/3/2018,20,4.3,67.0,1.1,1125,-1.2,0.0,,0.0,Spring,No Holiday,Yes,3612976,1,3
6025,6/2/2018,10,-11.3,35.0,4.2,1848,-23.7,1.15,0.0,0.0,Winter,No Holiday,Yes,697737,0,2
6026,1/8/2018,23,32.3,67.0,1.0,1592,25.3,0.0,0.0,0.0,Summer,No Holiday,Yes,5653119,1,8
6027,1/2/2018,19,-1.8,32.0,1.5,2000,-16.3,0.0,0.0,0.0,Winter,No Holiday,Yes,2309229,1,2
6028,26/01/2018,23,-14.4,38.0,2.7,1738,-25.6,,0.0,0.3,Winter,No Holiday,Yes,791109,0,1
6029,19/10/2018,4,8.1,76.0,0.3,2000,4.1,0.0,0.0,0.0,Autumn,No Holiday,Yes,1457128,0,10
6030,31/08/2018,23,23.8,81.0,,1893,20.3,0.0,0.0,0.0,Summer,No Holiday,Yes,7438992,2,8
6031,13/07/2018,21,27.2,80.0,,1870,23.4,,0.0,0.0,Summer,No Holiday,Yes,9985407,2,7
6032,11/12/2017,5,-5.6,38.0,3.2,1974,-17.6,0.0,0.0,0.0,Winter,No Holiday,Yes,548487,0,12
6033,11/11/2018,16,9.9,59.0,1.3,578,2.2,0.1,0.0,0.0,Autumn,No Holiday,Yes,4156826,1,11
6034,9/11/2018,23,10.9,76.0,1.2,456,6.8,0.0,0.0,0.0,Autumn,No Holiday,No,317603,0,11
6035,24/10/2018,7,7.8,90.0,0.6,763,6.2,0.0,0.0,0.0,Autumn,No Holiday,Yes,6828892,2,10
6036,4/5/2018,20,14.1,46.0,3.4,1940,2.6,,0.0,0.0,Spring,No Holiday,Yes,8093128,2,5
6037,29/01/2018,5,-10.4,47.0,1.0,1921,-19.5,0.0,0.0,0.0,Winter,No Holiday,Yes,733507,0,1
6038,2/7/2018,19,24.1,93.0,2.1,1118,22.8,0.23,1.5,0.0,Summer,No Holiday,Yes,627212,0,7
6039,19/09/2018,13,26.5,39.0,1.7,1560,11.4,2.15,0.0,0.0,Autumn,No Holiday,No,477732,0,9
6040,26/01/2018,22,-14.6,40.0,1.8,1746,-25.2,0.0,0.0,0.3,Winter,No Holiday,Yes,1487706,0,1
6041,23/01/2018,8,-13.0,41.0,4.0,2000,-23.5,0.0,,1.0,Winter,No Holiday,Yes,3197497,1,1
6042,1/11/2018,5,3.3,72.0,0.0,1946,-1.2,0.0,0.0,0.0,Autumn,No Holiday,Yes,1301488,0,11
6043,6/10/2018,10,17.0,97.0,1.5,676,16.5,0.15,6.0,0.0,Autumn,No Holiday,Yes,366984,0,10
6044,17/03/2018,3,1.8,59.0,0.7,2000,-5.3,0.0,0.0,0.0,Spring,No Holiday,Yes,1309276,0,3
6045,15/03/2018,18,,98.0,2.5,116,10.0,0.03,0.0,0.0,Spring,No Holiday,Yes,3481910,1,3
6046,20/07/2018,17,34.3,44.0,2.1,1704,20.2,1.87,0.0,0.0,Summer,No Holiday,Yes,7747628,2,7
6047,24/05/2018,9,17.6,30.0,1.1,1531,0.0,1.79,0.0,0.0,Spring,No Holiday,Yes,7011534,2,5
6048,7/5/2018,13,23.7,44.0,1.7,1897,10.7,2.35,0.0,0.0,Spring,No Holiday,Yes,8918451,2,5
6049,18/03/2018,6,5.7,54.0,1.7,1208,-2.9,,0.0,0.0,Spring,No Holiday,Yes,755405,0,3
6050,19/01/2018,0,0.3,45.0,1.8,1154,-10.2,0.0,0.0,0.0,Winter,No Holiday,Yes,1275593,1,1
6051,4/6/2018,15,25.5,43.0,,1996,11.9,1.71,0.0,0.0,Summer,No Holiday,Yes,7344088,2,6
6052,25/10/2018,22,13.6,56.0,1.0,1611,4.9,0.0,0.0,0.0,Autumn,No Holiday,Yes,7808772,2,10
6053,8/1/2018,2,0.8,42.0,0.5,1275,-10.6,0.0,0.0,0.0,Winter,No Holiday,Yes,698729,0,1
6054,20/12/2017,14,-0.5,44.0,1.0,1793,-11.2,0.71,,1.7,Winter,No Holiday,Yes,2058994,1,12
6055,3/1/2018,2,-5.5,43.0,2.0,2000,-16.1,0.0,0.0,0.0,Winter,No Holiday,Yes,836275,0,1
6056,15/01/2018,3,4.4,70.0,1.7,928,-0.6,0.0,0.0,0.0,Winter,No Holiday,Yes,560893,0,1
6057,27/05/2018,1,19.8,61.0,1.4,943,12.0,0.0,0.0,0.0,Spring,No Holiday,Yes,4703869,1,5
6058,3/7/2018,15,32.0,54.0,,1962,21.5,2.99,0.0,0.0,Summer,No Holiday,Yes,6153782,2,7
6059,15/01/2018,23,2.4,63.0,0.6,443,-3.9,0.0,0.0,0.0,Winter,No Holiday,Yes,1787259,1,1
6060,31/12/2017,10,-0.5,73.0,1.7,609,-4.7,0.53,0.0,1.1,Winter,Holiday,Yes,1162292,0,12
6061,19/09/2018,17,25.0,44.0,1.3,1883,11.8,0.36,,0.0,Autumn,No Holiday,No,174113,0,9
6062,22/01/2018,20,-0.8,85.0,2.9,836,-3.0,0.0,0.0,1.0,Winter,No Holiday,Yes,1204926,0,1
6063,4/10/2018,11,21.3,41.0,1.9,1963,7.5,2.36,0.0,0.0,Autumn,No Holiday,No,958374,0,10
6065,9/12/2017,5,-4.7,49.0,0.8,1999,-13.8,0.0,0.0,0.0,Winter,No Holiday,Yes,540393,0,12
6066,27/03/2018,6,8.1,66.0,0.6,415,2.1,0.0,0.0,0.0,Spring,No Holiday,Yes,1439311,1,3
6067,17/05/2018,15,22.8,95.0,1.6,294,21.9,0.11,0.5,0.0,Spring,No Holiday,Yes,1228421,0,5
6068,4/12/2017,10,-1.1,40.0,4.5,2000,-13.0,0.64,0.0,0.0,Winter,No Holiday,Yes,2254429,1,12
6069,9/6/2018,21,22.4,72.0,1.5,1816,17.0,0.0,0.1,0.0,Summer,No Holiday,Yes,2119484,1,6
6070,31/07/2018,21,32.7,51.0,2.8,2000,21.2,0.0,0.0,0.0,Summer,No Holiday,Yes,9273720,2,7
6071,7/1/2018,15,2.7,31.0,0.9,1603,-12.7,0.43,0.0,0.0,Winter,No Holiday,Yes,2329896,1,1
6073,30/10/2018,20,7.6,59.0,1.1,2000,0.0,0.0,0.0,0.0,Autumn,No Holiday,Yes,5939904,2,10
6074,18/05/2018,21,15.3,73.0,2.3,2000,10.4,0.0,0.0,0.0,Spring,No Holiday,Yes,7436683,2,5
6075,17/11/2018,22,4.4,43.0,1.1,2000,-7.1,0.0,0.0,0.0,Autumn,No Holiday,Yes,3644315,1,11
6076,28/04/2018,1,12.7,74.0,1.8,392,8.1,0.0,0.0,0.0,Spring,No Holiday,Yes,4061138,1,4
6077,29/08/2018,22,24.3,97.0,,1028,23.7,,4.5,0.0,Summer,No Holiday,Yes,804903,0,8
6078,29/12/2017,17,4.5,59.0,1.6,384,-2.8,0.14,0.0,0.0,Winter,No Holiday,Yes,3034639,1,12
6080,19/12/2017,15,,26.0,3.0,2000,-18.3,0.91,,2.1,Winter,No Holiday,Yes,1386932,0,12
6081,29/09/2018,21,20.1,54.0,1.2,2000,10.4,,0.0,0.0,Autumn,No Holiday,Yes,9641268,2,9
6082,18/11/2018,23,7.0,55.0,0.2,1501,-1.4,0.0,0.0,0.0,Autumn,No Holiday,Yes,3247613,1,11
6083,26/02/2018,3,-1.9,67.0,,1575,-7.2,,0.0,0.0,Winter,No Holiday,Yes,540107,0,2
6084,2/6/2018,18,27.4,29.0,3.6,2000,7.7,,,0.0,Summer,No Holiday,Yes,11982890,2,6
6085,7/10/2018,0,16.3,86.0,0.3,2000,13.9,0.0,0.0,0.0,Autumn,No Holiday,Yes,5877141,1,10
6086,1/7/2018,17,22.4,96.0,0.4,1661,21.7,0.21,1.5,0.0,Summer,No Holiday,Yes,1027735,0,7
6088,25/12/2017,10,-3.7,35.0,3.7,1937,-16.9,0.57,0.0,0.0,Winter,Holiday,Yes,941060,0,12
6089,18/05/2018,9,16.6,98.0,0.6,301,16.2,0.18,0.5,0.0,Spring,No Holiday,Yes,2233392,1,5
6090,26/03/2018,13,16.0,47.0,2.5,459,4.6,2.8,0.0,0.0,Spring,No Holiday,Yes,3258539,1,3
6091,15/11/2018,11,11.1,47.0,1.2,1047,0.1,1.48,0.0,0.0,Autumn,No Holiday,Yes,4374402,1,11
6092,9/6/2018,9,24.0,55.0,1.8,1411,14.3,1.81,0.0,0.0,Summer,No Holiday,Yes,5962105,2,6
6093,29/09/2018,23,18.6,59.0,0.7,2000,10.4,0.0,0.0,0.0,Autumn,No Holiday,Yes,7294150,2,9
6094,8/11/2018,0,12.9,70.0,1.8,2000,7.5,0.0,0.0,0.0,Autumn,No Holiday,Yes,2750812,1,11
6095,26/05/2018,2,15.8,66.0,,1204,9.4,0.0,0.0,0.0,Spring,No Holiday,Yes,3542193,1,5
6096,21/05/2018,12,21.8,31.0,2.1,2000,3.9,3.39,0.0,0.0,Spring,No Holiday,Yes,7550295,2,5
6097,17/10/2018,4,9.7,76.0,0.0,1308,5.6,0.0,0.0,0.0,Autumn,No Holiday,Yes,1229906,0,10
6098,24/10/2018,15,18.0,40.0,3.0,1808,4.1,1.71,0.0,0.0,Autumn,No Holiday,Yes,6092676,2,10
6099,19/11/2018,6,3.8,71.0,0.7,1071,-0.9,0.0,0.0,0.0,Autumn,No Holiday,Yes,3140458,1,11
6100,10/9/2018,18,25.9,42.0,1.1,2000,11.9,0.48,0.0,0.0,Autumn,No Holiday,Yes,17633050,2,9
6101,14/08/2018,17,34.7,51.0,3.0,2000,23.0,,0.0,0.0,Summer,No Holiday,Yes,7097387,2,8
6102,2/11/2018,13,16.5,37.0,1.2,1400,1.7,2.12,0.0,0.0,Autumn,No Holiday,Yes,5708303,2,11
6103,13/07/2018,19,29.8,68.0,2.6,1749,23.2,0.81,0.0,0.0,Summer,No Holiday,Yes,11738524,2,7
6104,5/12/2017,11,-3.9,25.0,0.0,1959,-21.0,0.0,0.0,0.0,Winter,No Holiday,Yes,1919120,1,12
6105,30/06/2018,11,26.4,71.0,1.0,430,20.7,1.36,0.0,0.0,Summer,No Holiday,Yes,5072227,1,6
6106,14/09/2018,7,20.5,76.0,1.3,2000,16.1,0.06,0.0,0.0,Autumn,No Holiday,Yes,7853955,2,9
6107,5/6/2018,18,27.1,40.0,2.8,1811,12.3,1.0,0.0,0.0,Summer,No Holiday,Yes,17693351,2,6
6109,1/11/2018,6,2.9,75.0,0.2,1761,-1.1,0.0,0.0,0.0,Autumn,No Holiday,Yes,2506595,1,11
6110,21/10/2018,16,20.2,24.0,2.5,1881,-1.0,1.31,0.0,0.0,Autumn,No Holiday,Yes,10659744,2,10
6111,22/11/2018,2,1.3,44.0,1.9,2000,-9.6,0.0,0.0,0.0,Autumn,No Holiday,Yes,1576470,1,11
6112,16/08/2018,5,28.0,66.0,0.5,2000,21.0,0.0,0.0,0.0,Summer,No Holiday,Yes,2022412,1,8
6113,11/2/2018,1,,38.0,2.6,2000,-18.9,,0.0,0.0,Winter,No Holiday,Yes,869228,0,2
6114,14/11/2018,6,5.1,76.0,1.1,1195,1.2,0.0,0.0,0.0,Autumn,No Holiday,Yes,2365692,1,11
6115,25/12/2017,21,-1.7,51.0,1.7,2000,-10.5,0.0,0.0,0.0,Winter,Holiday,Yes,1633496,0,12
6116,4/1/2018,14,-0.8,32.0,1.4,1846,-15.4,0.78,0.0,0.0,Winter,No Holiday,Yes,1867967,1,1
6118,1/2/2018,17,0.3,26.0,2.4,1977,-17.0,0.45,0.0,0.0,Winter,No Holiday,Yes,1881177,1,2
6119,9/3/2018,1,2.8,73.0,2.6,413,-1.5,0.0,0.0,0.0,Spring,No Holiday,Yes,2005819,1,3
6120,25/05/2018,10,21.4,30.0,2.5,1730,3.0,2.53,0.0,0.0,Spring,No Holiday,Yes,4457059,1,5
6122,19/09/2018,20,22.6,67.0,0.3,1737,16.1,0.0,0.0,0.0,Autumn,No Holiday,No,621092,0,9
6123,16/07/2018,10,29.8,54.0,1.8,1737,19.4,,0.0,0.0,Summer,No Holiday,Yes,3777865,1,7
6124,9/9/2018,20,22.9,58.0,2.6,2000,14.1,0.0,0.0,0.0,Autumn,No Holiday,Yes,10172703,2,9
6125,29/09/2018,18,24.8,41.0,0.5,2000,10.6,0.33,0.0,0.0,Autumn,No Holiday,Yes,13024467,2,9
6126,10/11/2018,6,9.5,85.0,0.6,304,7.0,0.0,,0.0,Autumn,No Holiday,Yes,1789960,0,11
6127,21/03/2018,22,1.2,87.0,0.9,1802,-0.7,0.0,0.0,0.0,Spring,No Holiday,Yes,2348468,1,3
6128,12/12/2017,7,-12.1,50.0,2.3,1929,-20.4,0.0,0.0,0.0,Winter,No Holiday,Yes,1947522,1,12
6129,27/09/2018,19,20.6,44.0,0.7,2000,7.9,0.01,0.0,0.0,Autumn,No Holiday,Yes,12621129,2,9
6130,6/11/2018,12,14.5,57.0,,373,6.0,1.08,0.0,0.0,Autumn,No Holiday,No,388675,0,11
6131,20/07/2018,23,28.2,70.0,1.3,1811,22.2,0.0,0.0,0.0,Summer,No Holiday,Yes,7725941,2,7
6132,17/07/2018,11,30.4,53.0,1.8,1359,19.7,,0.0,0.0,Summer,No Holiday,Yes,4398112,1,7
6133,9/1/2018,0,-1.2,67.0,4.6,983,-6.5,0.0,0.0,1.0,Winter,No Holiday,Yes,896773,0,1
6135,22/07/2018,7,25.8,67.0,0.9,1773,19.1,0.34,0.0,0.0,Summer,No Holiday,Yes,2725166,1,7
6136,17/07/2018,17,31.8,52.0,2.4,1438,20.7,1.93,0.0,0.0,Summer,No Holiday,Yes,8211487,2,7
6137,27/05/2018,21,19.5,46.0,1.8,1734,7.5,0.0,0.0,0.0,Spring,No Holiday,Yes,9946427,2,5
6138,11/5/2018,23,16.2,50.0,1.6,1327,5.7,0.0,0.0,0.0,Spring,No Holiday,Yes,6814120,2,5
6139,10/11/2018,12,15.1,54.0,2.2,495,5.8,1.91,0.0,0.0,Autumn,No Holiday,Yes,5488722,1,11
6140,6/5/2018,22,16.4,80.0,1.2,2000,12.9,0.0,0.0,0.0,Spring,No Holiday,Yes,7513333,2,5
6141,16/06/2018,21,23.7,64.0,1.7,1707,16.4,,0.0,0.0,Summer,No Holiday,Yes,12253031,2,6
6142,25/08/2018,6,23.5,79.0,2.0,1439,19.6,0.0,0.0,0.0,Summer,No Holiday,Yes,1834654,1,8
6143,17/04/2018,20,12.5,31.0,3.8,1746,-4.2,0.0,0.0,0.0,Spring,No Holiday,Yes,7091827,2,4
6144,14/04/2018,10,7.7,94.0,1.0,685,6.7,0.28,1.5,0.0,Spring,No Holiday,Yes,1150487,0,4
6146,11/9/2018,14,25.8,37.0,1.5,1995,9.9,2.22,0.0,0.0,Autumn,No Holiday,Yes,6113118,2,9
6147,24/02/2018,8,0.0,77.0,2.8,289,-3.5,0.06,0.0,0.0,Winter,No Holiday,Yes,1153761,0,2
6148,25/11/2018,1,2.7,86.0,1.0,460,0.5,0.0,0.0,2.9,Autumn,No Holiday,Yes,2535784,1,11
6149,23/09/2018,9,18.4,59.0,,1951,10.2,0.86,0.0,0.0,Autumn,Holiday,Yes,3078260,1,9
6150,6/5/2018,2,17.3,82.0,2.1,768,14.1,0.0,0.5,0.0,Spring,No Holiday,Yes,1164187,0,5
6151,6/4/2018,18,5.9,43.0,5.3,859,-5.7,0.62,0.0,0.0,Spring,No Holiday,Yes,6082392,2,4
6152,17/08/2018,1,23.4,47.0,2.1,2000,11.4,0.0,0.0,0.0,Summer,No Holiday,Yes,4827135,1,8
6153,30/10/2018,21,7.6,55.0,2.0,2000,-0.8,,0.0,0.0,Autumn,No Holiday,Yes,6457634,2,10
6154,23/01/2018,11,-11.7,27.0,4.0,1935,-26.9,0.94,0.0,1.0,Winter,No Holiday,Yes,1700388,0,1
6155,28/05/2018,11,25.1,45.0,0.9,1982,12.3,2.9,0.0,0.0,Spring,No Holiday,Yes,6030666,1,5
6156,5/9/2018,8,21.2,69.0,,2000,15.2,0.74,0.0,0.0,Autumn,No Holiday,Yes,12346930,2,9
6157,5/3/2018,19,5.8,53.0,1.7,2000,-3.0,0.02,,0.0,Spring,No Holiday,Yes,4970392,1,3
6158,3/3/2018,10,5.1,27.0,,1563,-12.4,1.54,0.0,0.0,Spring,No Holiday,Yes,2358214,1,3
6159,22/12/2017,6,-0.1,71.0,0.8,895,-4.7,0.0,0.0,0.7,Winter,Holiday,Yes,877785,0,12
6160,28/01/2018,4,-7.6,37.0,1.6,1966,-19.8,0.0,,0.0,Winter,No Holiday,Yes,1174737,0,1
6161,5/10/2018,2,18.2,64.0,2.0,2000,11.2,0.0,0.0,0.0,Autumn,No Holiday,Yes,3585387,1,10
6162,2/11/2018,2,6.1,68.0,0.5,1519,0.6,0.0,0.0,0.0,Autumn,No Holiday,Yes,2121591,1,11
6163,29/11/2018,13,,26.0,2.1,1604,-12.7,0.21,0.0,0.0,Autumn,No Holiday,Yes,3883279,1,11
6164,29/08/2018,12,27.4,72.0,4.2,1989,21.8,0.54,,0.0,Summer,No Holiday,Yes,3531946,1,8
6165,10/10/2018,3,14.3,95.0,1.0,967,13.5,0.0,2.5,0.0,Autumn,No Holiday,Yes,1045383,0,10
6166,29/10/2018,12,10.8,49.0,2.7,2000,0.4,1.45,0.0,0.0,Autumn,No Holiday,Yes,4641869,1,10
6168,22/05/2018,23,16.3,96.0,1.1,198,15.6,0.0,2.5,0.0,Spring,Holiday,Yes,636325,0,5
6169,8/8/2018,22,29.5,73.0,0.9,1936,24.1,0.0,0.0,0.0,Summer,No Holiday,Yes,8953519,2,8
6170,17/01/2018,6,2.7,71.0,1.1,270,-2.0,0.0,0.0,0.0,Winter,No Holiday,Yes,1167227,0,1
6171,8/1/2018,6,0.8,45.0,0.7,1268,-9.8,0.0,0.0,0.0,Winter,No Holiday,Yes,752792,0,1
6172,4/12/2017,19,-2.9,32.0,3.2,2000,-17.3,0.0,0.0,0.0,Winter,No Holiday,Yes,2927221,1,12
6173,9/4/2018,12,10.4,44.0,1.7,1235,-1.3,2.93,0.0,0.0,Spring,No Holiday,Yes,4368734,1,4
6174,8/9/2018,22,21.5,51.0,2.0,2000,10.9,0.0,0.0,0.0,Autumn,No Holiday,Yes,9264361,2,9
6175,23/01/2018,13,-11.0,27.0,4.0,1959,-26.3,1.26,0.0,1.0,Winter,No Holiday,Yes,1551186,0,1
6176,19/07/2018,10,29.4,56.0,2.2,1153,19.7,2.38,0.0,0.0,Summer,No Holiday,Yes,3916987,1,7
6177,12/2/2018,12,-4.6,32.0,4.2,1874,-18.8,1.43,0.0,0.0,Winter,No Holiday,Yes,1520020,1,2
6179,9/12/2017,14,4.7,32.0,2.2,1948,-10.6,1.06,0.0,0.0,Winter,No Holiday,Yes,2583857,1,12
6180,6/12/2017,7,-4.2,77.0,0.0,1741,-7.6,0.0,0.0,0.3,Winter,No Holiday,Yes,2444527,1,12
6181,1/4/2018,1,11.7,74.0,0.5,979,7.2,0.0,0.0,0.0,Spring,No Holiday,Yes,2830611,1,4
6182,2/4/2018,21,17.9,64.0,2.1,1652,10.9,0.0,0.0,0.0,Spring,No Holiday,Yes,7853885,2,4
6183,5/7/2018,19,26.7,69.0,1.4,2000,20.5,0.36,0.0,0.0,Summer,No Holiday,Yes,12224243,2,7
6185,18/02/2018,13,3.7,17.0,1.4,2000,-19.1,1.98,0.0,0.0,Winter,No Holiday,Yes,2227976,1,2
6186,25/06/2018,17,31.5,42.0,2.3,990,17.0,1.36,0.0,0.0,Summer,No Holiday,Yes,10743343,2,6
6187,29/01/2018,6,-10.9,43.0,1.0,1967,-21.0,0.0,0.0,0.0,Winter,No Holiday,Yes,998112,0,1
6188,28/07/2018,19,29.3,78.0,0.0,988,25.0,,0.0,0.0,Summer,No Holiday,Yes,5730744,1,7
6189,4/10/2018,18,23.1,48.0,1.3,2000,11.4,0.2,0.0,0.0,Autumn,No Holiday,No,540308,0,10
6190,24/11/2018,15,3.7,78.0,2.0,1314,0.2,0.81,0.0,4.1,Autumn,No Holiday,Yes,2664163,1,11
6191,28/04/2018,7,10.8,78.0,0.5,335,7.1,0.26,0.0,0.0,Spring,No Holiday,Yes,2822927,1,4
6192,9/3/2018,4,2.5,76.0,1.0,403,-1.3,0.0,0.0,0.0,Spring,No Holiday,Yes,556956,0,3
6193,16/04/2018,18,17.0,28.0,3.1,2000,-1.6,0.88,0.0,0.0,Spring,No Holiday,Yes,13576290,2,4
6194,14/06/2018,3,20.8,73.0,0.7,756,15.7,0.0,0.0,0.0,Summer,No Holiday,Yes,1932945,1,6
6195,3/4/2018,0,,,,2,10.5,,0.0,0.3,Spring,No Holiday,No,4082723,1,4
6196,16/10/2018,7,10.2,68.0,0.4,1493,4.5,,0.0,0.0,Autumn,No Holiday,Yes,6587779,2,10
6198,12/7/2018,7,25.9,87.0,,834,23.5,,0.0,0.0,Summer,No Holiday,Yes,7143350,2,7
6199,24/07/2018,5,27.5,70.0,0.1,1976,21.5,0.0,0.0,0.0,Summer,No Holiday,Yes,2417869,1,7
6200,7/2/2018,19,-5.2,33.0,2.6,2000,-19.0,0.0,0.0,0.0,Winter,No Holiday,Yes,2186662,1,2
6201,31/05/2018,1,15.5,82.0,1.5,513,12.4,0.0,,0.0,Spring,No Holiday,Yes,3257433,1,5
6202,4/7/2018,4,24.7,82.0,0.3,2000,21.4,0.0,0.0,0.0,Summer,No Holiday,Yes,1733638,1,7
6204,23/10/2018,8,11.0,78.0,0.8,412,7.3,0.03,0.0,0.0,Autumn,No Holiday,Yes,8338739,2,10
6205,7/10/2018,12,19.8,46.0,2.5,1837,7.8,2.3,0.0,0.0,Autumn,No Holiday,Yes,8262141,2,10
6206,14/07/2018,3,25.2,83.0,1.1,1835,22.0,0.0,0.0,0.0,Summer,No Holiday,Yes,3122633,1,7
6207,20/11/2018,0,3.8,42.0,1.7,1458,-7.9,0.0,0.0,0.0,Autumn,No Holiday,Yes,2626449,1,11
6208,26/03/2018,5,5.4,97.0,1.5,38,4.9,0.0,,0.0,Spring,No Holiday,Yes,1017247,0,3
6209,26/10/2018,17,14.3,77.0,2.9,1966,10.3,0.5,0.0,0.0,Autumn,No Holiday,Yes,8062057,2,10
6210,13/04/2018,7,8.8,33.0,1.2,2000,-6.6,0.11,0.0,0.0,Spring,No Holiday,Yes,5341794,1,4
6211,19/06/2018,14,27.2,44.0,2.9,1377,13.8,2.59,0.0,0.0,Summer,No Holiday,Yes,6846542,2,6
6212,28/10/2018,4,6.8,65.0,1.1,2000,0.6,0.0,0.0,0.0,Autumn,No Holiday,Yes,1260038,0,10
6213,6/6/2018,19,24.9,56.0,3.1,1469,15.5,0.51,0.0,0.0,Summer,Holiday,Yes,11745656,2,6
6214,13/10/2018,1,8.5,70.0,0.2,1856,3.3,0.0,,0.0,Autumn,No Holiday,Yes,3635744,1,10
6215,29/01/2018,9,-10.8,34.0,2.9,1975,-23.6,0.17,0.0,0.0,Winter,No Holiday,Yes,1533923,1,1
6216,1/9/2018,7,21.1,81.0,1.0,1738,17.7,0.14,0.0,0.0,Autumn,No Holiday,Yes,3162248,1,9
6217,7/6/2018,1,19.1,86.0,1.8,522,16.6,0.0,0.0,0.0,Summer,No Holiday,Yes,3445693,1,6
6218,19/09/2018,22,20.9,71.0,1.6,1057,15.4,0.0,0.1,0.0,Autumn,No Holiday,No,490053,0,9
6219,20/04/2018,9,15.8,42.0,0.9,683,2.8,1.37,0.0,0.0,Spring,No Holiday,Yes,5383951,1,4
6220,19/09/2018,6,19.0,76.0,0.3,1488,14.6,0.0,0.0,0.0,Autumn,No Holiday,No,452090,0,9
6221,7/2/2018,21,-6.3,48.0,2.2,1965,-15.5,0.0,0.0,0.0,Winter,No Holiday,Yes,1681255,1,2
6222,19/05/2018,2,11.1,74.0,1.9,2000,6.6,0.0,0.0,0.0,Spring,No Holiday,Yes,3433699,1,5
6223,22/09/2018,8,18.2,86.0,0.0,858,15.8,0.48,0.0,0.0,Autumn,No Holiday,Yes,4153726,1,9
6224,24/03/2018,13,12.4,50.0,2.5,379,2.2,2.48,0.0,0.0,Spring,No Holiday,Yes,5275440,1,3
6225,1/8/2018,22,32.6,64.0,2.4,1703,24.8,0.0,0.0,0.0,Summer,No Holiday,Yes,6979059,2,8
6226,19/06/2018,7,19.9,72.0,0.6,840,14.6,0.32,0.0,0.0,Summer,No Holiday,Yes,8668593,2,6
6227,8/7/2018,16,27.9,39.0,1.2,2000,12.6,2.16,0.0,0.0,Summer,No Holiday,Yes,11365513,2,7
6228,27/01/2018,22,-7.8,43.0,2.3,1804,-18.2,0.0,0.0,0.0,Winter,No Holiday,Yes,1571390,0,1
6229,27/04/2018,22,14.7,63.0,1.4,554,7.7,0.0,0.0,0.0,Spring,No Holiday,Yes,6568890,2,4
6230,13/04/2018,16,18.3,16.0,1.0,2000,-7.9,0.7,0.0,0.0,Spring,No Holiday,Yes,6654055,2,4
6231,23/08/2018,15,32.0,53.0,2.1,1992,21.2,1.57,,0.0,Summer,No Holiday,Yes,4616739,1,8
6232,27/12/2017,6,-9.8,37.0,1.7,2000,-21.7,0.0,0.0,0.0,Winter,No Holiday,Yes,885066,0,12
6233,4/2/2018,19,-7.7,31.0,3.3,2000,-21.9,,0.0,0.0,Winter,No Holiday,Yes,1323081,0,2
6234,11/9/2018,19,23.7,49.0,1.8,2000,12.3,0.03,0.0,0.0,Autumn,No Holiday,Yes,13020281,2,9
6235,21/01/2018,18,2.5,24.0,2.0,2000,-16.0,0.02,0.0,0.0,Winter,No Holiday,Yes,1900610,1,1
6236,17/02/2018,18,-0.3,17.0,1.9,2000,-22.4,0.2,0.0,0.0,Winter,Holiday,Yes,1421939,1,2
6237,4/10/2018,20,21.3,53.0,1.8,2000,11.3,0.0,0.0,0.0,Autumn,No Holiday,No,458141,0,10
6238,24/11/2018,8,0.4,96.0,3.1,33,-0.1,0.0,0.0,4.0,Autumn,No Holiday,Yes,1120634,0,11
6239,11/1/2018,9,-12.0,53.0,2.6,1781,-19.6,0.16,0.0,0.0,Winter,No Holiday,Yes,1284596,1,1
6240,30/01/2018,13,-1.3,35.0,2.0,1893,-14.8,1.18,0.0,0.0,Winter,No Holiday,Yes,1982828,1,1
6241,7/11/2018,6,11.0,91.0,1.0,124,9.5,0.0,1.0,0.0,Autumn,No Holiday,Yes,1619494,1,11
6242,24/05/2018,3,12.1,64.0,0.8,1538,5.4,0.0,0.0,0.0,Spring,No Holiday,Yes,1958043,1,5
6243,7/3/2018,3,2.7,55.0,1.5,1989,-5.4,0.0,0.0,0.0,Spring,No Holiday,Yes,592890,0,3
6244,5/9/2018,21,23.9,75.0,2.3,1975,19.1,0.0,0.0,0.0,Autumn,No Holiday,Yes,10368729,2,9
6245,17/09/2018,13,25.6,50.0,,1876,14.3,,0.0,0.0,Autumn,No Holiday,Yes,5994787,2,9
6247,9/11/2018,3,10.8,82.0,2.8,1712,7.8,0.0,0.5,0.0,Autumn,No Holiday,No,775323,0,11
6248,6/1/2018,17,1.1,31.0,1.7,1989,-14.1,0.26,0.0,0.0,Winter,No Holiday,Yes,2570059,1,1
6249,12/1/2018,19,-8.2,32.0,1.1,2000,-22.0,0.0,0.0,0.0,Winter,No Holiday,Yes,2098678,1,1
6250,20/03/2018,1,5.5,42.0,3.1,2000,-6.4,0.0,0.0,0.0,Spring,No Holiday,Yes,2318664,1,3
6251,25/03/2018,20,10.7,70.0,2.8,236,5.4,0.0,0.0,0.0,Spring,No Holiday,Yes,2740330,1,3
6252,18/05/2018,15,16.7,85.0,1.2,2000,14.1,0.49,0.0,0.0,Spring,No Holiday,Yes,4938842,1,5
6253,7/5/2018,12,22.9,35.0,0.8,1948,6.6,3.05,0.0,0.0,Spring,No Holiday,Yes,7747551,2,5
6255,7/12/2017,19,-0.4,47.0,2.5,1269,-10.3,0.0,0.0,0.0,Winter,No Holiday,Yes,3008338,1,12
6256,5/7/2018,16,28.2,71.0,1.7,2000,22.4,0.96,0.0,0.0,Summer,No Holiday,Yes,6508785,2,7
6258,12/9/2018,11,24.8,44.0,2.1,1955,11.7,2.55,,0.0,Autumn,No Holiday,Yes,6044822,1,9
6259,13/02/2018,18,3.1,50.0,3.7,2000,-6.3,0.07,0.0,0.0,Winter,No Holiday,Yes,3433078,1,2
6260,29/11/2018,8,0.8,44.0,1.7,1439,-10.0,0.02,,0.0,Autumn,No Holiday,Yes,8200421,2,11
6261,20/04/2018,20,21.1,43.0,1.8,788,8.0,0.0,0.0,0.0,Spring,No Holiday,Yes,7138491,2,4
6262,19/04/2018,0,9.8,44.0,1.4,1268,-1.8,0.0,0.0,0.0,Spring,No Holiday,Yes,3363128,1,4
6263,9/3/2018,22,2.9,69.0,1.2,1179,-2.2,0.0,0.0,0.0,Spring,No Holiday,Yes,3436784,1,3
6264,9/10/2018,6,10.8,69.0,0.8,2000,5.3,,0.0,0.0,Autumn,Holiday,No,265151,0,10
6265,19/01/2018,7,-2.0,49.0,1.9,1281,-11.3,0.0,0.0,0.0,Winter,No Holiday,Yes,1929389,1,1
6266,20/04/2018,22,18.2,52.0,1.3,818,8.1,0.0,0.0,0.0,Spring,No Holiday,Yes,6425460,2,4
6267,9/5/2018,21,16.4,56.0,0.8,2000,7.5,0.0,0.0,0.0,Spring,No Holiday,Yes,9895616,2,5
6268,16/12/2017,22,-7.6,41.0,1.6,2000,-18.6,0.0,0.0,0.0,Winter,No Holiday,Yes,961455,0,12
6269,23/04/2018,4,9.5,95.0,2.4,410,8.7,0.0,3.5,0.0,Spring,No Holiday,Yes,554471,0,4
6270,10/12/2017,2,0.2,52.0,0.7,1726,-8.5,0.0,0.0,0.0,Winter,No Holiday,Yes,2130569,1,12
6272,15/07/2018,22,27.5,77.0,0.9,1778,23.0,0.0,0.0,0.0,Summer,No Holiday,Yes,9363724,2,7
6273,2/12/2017,7,-4.4,81.0,2.5,1276,-7.1,0.0,0.0,0.0,Winter,No Holiday,Yes,1453860,0,12
6274,22/08/2018,12,33.9,45.0,1.4,1923,20.2,2.95,0.0,0.0,Summer,No Holiday,Yes,4526029,1,8
6275,18/10/2018,21,12.6,60.0,0.5,2000,5.0,,0.0,0.0,Autumn,No Holiday,Yes,8356643,2,10
6276,15/11/2018,11,11.1,47.0,1.2,1047,0.1,1.48,0.0,0.0,Autumn,No Holiday,Yes,4374402,1,11
6277,22/10/2018,21,13.4,56.0,0.7,758,4.7,0.0,0.0,0.0,Autumn,No Holiday,Yes,8278159,2,10
6279,8/7/2018,19,26.3,51.0,1.7,2000,15.3,0.18,0.0,0.0,Summer,No Holiday,Yes,11976666,2,7
6280,27/05/2018,5,17.6,,0.8,1304,9.7,0.0,0.0,0.0,Spring,No Holiday,Yes,1325155,0,5
6282,30/06/2018,0,23.0,84.0,1.9,375,20.1,0.0,0.0,0.0,Summer,No Holiday,Yes,7355473,2,6
6283,8/8/2018,10,31.6,58.0,2.3,1528,22.3,2.02,0.0,0.0,Summer,No Holiday,Yes,3942977,1,8
6284,30/11/2018,0,1.8,62.0,1.6,1411,-4.7,0.0,0.0,0.0,Autumn,No Holiday,Yes,2654057,1,11
6285,29/09/2018,17,26.3,31.0,1.0,2000,7.8,1.03,0.0,0.0,Autumn,No Holiday,Yes,13059038,2,9
6286,10/2/2018,13,2.8,31.0,4.0,967,-12.6,1.42,0.0,0.0,Winter,No Holiday,Yes,1917029,1,2
6287,4/9/2018,13,,58.0,2.8,2000,17.5,2.87,0.0,0.0,Autumn,No Holiday,Yes,5714292,1,9
6288,7/9/2018,21,20.6,48.0,2.1,2000,9.1,0.0,0.0,0.0,Autumn,No Holiday,Yes,10433511,2,9
6289,12/10/2018,16,16.9,34.0,1.2,1942,0.9,1.47,0.0,0.0,Autumn,No Holiday,Yes,8146755,2,10
6290,5/12/2017,5,,33.0,2.6,2000,-20.9,0.0,0.0,0.0,Winter,No Holiday,Yes,846660,0,12
6291,17/07/2018,1,25.8,78.0,0.4,2000,21.6,0.0,0.0,0.0,Summer,No Holiday,Yes,4266227,1,7
6292,19/08/2018,6,23.1,64.0,,2000,15.9,0.0,0.0,0.0,Summer,No Holiday,Yes,1915398,1,8
6293,13/05/2018,8,14.1,98.0,1.3,834,13.7,0.26,0.0,0.0,Spring,No Holiday,Yes,2639763,1,5
6294,7/5/2018,16,,38.0,2.2,1903,9.2,1.1,0.0,0.0,Spring,No Holiday,Yes,12009985,2,5
6295,2/6/2018,3,18.9,63.0,1.5,1007,11.6,0.0,0.0,0.0,Summer,No Holiday,Yes,3394263,1,6
6296,23/02/2018,10,2.2,83.0,0.8,221,-0.3,0.92,,3.7,Winter,No Holiday,Yes,1424394,0,2
6297,17/05/2018,2,21.8,97.0,1.3,175,21.2,0.0,1.0,0.0,Spring,No Holiday,Yes,633286,0,5
6298,29/08/2018,1,22.8,97.0,0.5,2000,22.2,0.0,0.5,0.0,Summer,No Holiday,Yes,1902790,1,8
6299,7/6/2018,11,23.4,62.0,1.8,603,15.6,2.87,,0.0,Summer,No Holiday,Yes,5873957,1,6
6300,12/10/2018,23,9.8,66.0,0.5,1979,3.7,0.0,,0.0,Autumn,No Holiday,Yes,5061117,1,10
6301,30/06/2018,19,24.3,95.0,0.5,958,23.4,0.11,4.0,0.0,Summer,No Holiday,Yes,2437892,1,6
6302,16/05/2018,0,24.4,63.0,0.8,745,16.8,0.0,0.0,0.0,Spring,No Holiday,Yes,4161952,1,5
6303,6/6/2018,21,22.1,72.0,2.5,923,16.8,0.0,,0.0,Summer,Holiday,Yes,10532330,2,6
6304,16/07/2018,16,33.3,46.0,3.1,1914,20.1,2.51,0.0,0.0,Summer,No Holiday,Yes,5191951,1,7
6305,13/12/2017,14,-4.7,27.0,2.9,1883,-20.8,1.12,0.0,0.0,Winter,No Holiday,Yes,1483695,1,12
6306,4/2/2018,13,-8.3,34.0,4.0,1561,-21.4,2.22,0.0,0.0,Winter,No Holiday,Yes,1702640,0,2
6307,5/2/2018,20,,35.0,3.8,2000,-21.7,0.0,0.0,0.0,Winter,No Holiday,Yes,1504346,1,2
6308,5/7/2018,1,,79.0,1.7,1121,20.0,0.0,,0.0,Summer,No Holiday,Yes,4868413,1,7
6310,14/02/2018,20,2.8,29.0,2.8,1473,-13.5,0.0,0.0,0.0,Winter,No Holiday,Yes,1957916,1,2
6311,27/07/2018,18,33.7,62.0,3.2,1082,25.3,0.87,,0.0,Summer,No Holiday,Yes,11619545,2,7
6312,21/12/2017,3,-2.9,89.0,1.3,288,-4.4,0.0,0.0,2.2,Winter,No Holiday,Yes,1150705,0,12
6314,6/2/2018,12,-8.2,31.0,2.7,1858,-22.3,,0.0,0.0,Winter,No Holiday,Yes,1155235,0,2
6316,18/07/2018,20,28.8,66.0,1.9,1209,21.8,,0.0,0.0,Summer,No Holiday,Yes,11725671,2,7
6317,13/06/2018,10,23.0,57.0,2.2,1145,14.0,1.1,0.0,0.0,Summer,No Holiday,Yes,7273604,2,6
6318,26/11/2018,17,11.4,48.0,0.4,706,0.7,0.24,0.0,0.0,Autumn,No Holiday,Yes,6707130,2,11
6319,28/01/2018,7,-8.0,39.0,1.9,2000,-19.5,0.0,0.0,0.0,Winter,No Holiday,Yes,471088,0,1
6320,5/8/2018,1,27.7,83.0,2.7,1128,24.5,0.0,0.0,0.0,Summer,No Holiday,Yes,4678733,1,8
6322,25/08/2018,7,23.7,76.0,1.9,1281,19.2,0.08,0.0,0.0,Summer,No Holiday,Yes,2981542,1,8
6323,17/06/2018,7,19.6,75.0,0.9,884,15.0,0.42,0.0,0.0,Summer,No Holiday,Yes,2485473,1,6
6324,14/06/2018,3,20.8,73.0,0.7,756,15.7,0.0,0.0,0.0,Summer,No Holiday,Yes,1932945,1,6
6325,11/7/2018,0,24.6,96.0,0.7,308,23.9,0.0,0.5,0.0,Summer,No Holiday,Yes,1417096,1,7
6326,25/09/2018,21,18.5,48.0,1.0,2000,7.2,0.0,0.0,0.0,Autumn,Holiday,Yes,7848886,2,9
6327,23/03/2018,15,12.1,30.0,3.0,1120,-4.9,2.41,0.0,0.0,Spring,No Holiday,Yes,4611243,1,3
6328,4/9/2018,14,27.4,52.0,3.8,1998,16.6,2.67,0.0,0.0,Autumn,No Holiday,Yes,5357995,1,9
6330,9/5/2018,5,9.5,65.0,0.9,2000,3.2,0.0,0.0,0.0,Spring,No Holiday,Yes,1233731,1,5
6331,1/5/2018,12,13.2,59.0,,1399,3.3,,,0.1,Spring,Holiday,Yes,1138949,0,5
6332,28/12/2017,3,-6.0,32.0,2.5,2000,-20.0,,0.0,0.0,Winter,No Holiday,Yes,657901,0,12
6333,1/4/2018,15,,63.0,2.2,687,11.0,0.72,,0.0,Spring,No Holiday,Yes,7419656,2,4
6334,24/08/2018,8,24.4,86.0,1.7,2000,21.8,0.13,0.0,0.0,Summer,No Holiday,Yes,3187276,1,8
6335,10/7/2018,21,25.1,86.0,0.3,870,22.5,0.0,0.0,0.0,Summer,No Holiday,Yes,7286399,2,7
6336,19/01/2018,6,-1.8,49.0,1.4,1359,-11.1,0.0,0.0,0.0,Winter,No Holiday,Yes,1329095,0,1
6337,6/7/2018,22,22.5,54.0,2.1,2000,12.7,0.0,0.0,0.0,Summer,No Holiday,Yes,9752690,2,7
6338,17/06/2018,9,22.5,66.0,1.2,605,15.8,0.97,0.0,0.0,Summer,No Holiday,Yes,5334222,1,6
6339,10/9/2018,16,27.5,39.0,1.5,2000,12.3,,0.0,0.0,Autumn,No Holiday,Yes,8094458,2,9
6340,1/11/2018,18,11.8,43.0,1.3,1995,-0.3,,0.0,0.0,Autumn,No Holiday,Yes,11574981,2,11
6341,12/8/2018,22,28.8,79.0,0.2,1604,24.7,0.0,0.0,0.0,Summer,No Holiday,Yes,6413662,2,8
6342,4/7/2018,19,28.2,64.0,2.8,1978,20.7,0.5,0.0,0.0,Summer,No Holiday,Yes,14533436,2,7
6343,22/07/2018,17,37.6,33.0,2.1,1837,18.5,1.82,0.0,0.0,Summer,No Holiday,Yes,5565774,1,7
6344,28/10/2018,13,12.1,75.0,1.2,1775,7.7,0.99,0.0,0.0,Autumn,No Holiday,Yes,4926271,1,10
6345,26/07/2018,18,33.2,59.0,,1069,24.0,0.99,0.0,0.0,Summer,No Holiday,Yes,12788146,2,7
6346,5/3/2018,21,,59.0,1.5,2000,-4.1,,0.0,0.0,Spring,No Holiday,Yes,3197839,1,3
6347,3/10/2018,1,13.8,75.0,0.5,2000,9.4,0.0,0.0,0.0,Autumn,Holiday,Yes,5466714,1,10
6348,1/3/2018,15,1.6,35.0,4.5,1567,-12.2,2.54,0.0,0.0,Spring,Holiday,Yes,2868523,1,3
6349,6/11/2018,16,16.6,55.0,1.3,334,7.5,,0.0,0.0,Autumn,No Holiday,No,590512,0,11
6351,25/11/2018,7,1.3,96.0,0.9,198,0.7,0.0,0.0,2.5,Autumn,No Holiday,Yes,948079,0,11
6352,14/11/2018,12,14.2,45.0,0.9,1531,2.4,1.86,,0.0,Autumn,No Holiday,Yes,5405484,1,11
6353,4/10/2018,16,25.1,41.0,1.0,2000,10.9,1.22,0.0,0.0,Autumn,No Holiday,No,163698,0,10
6354,17/12/2017,8,-10.7,43.0,0.9,2000,-20.8,0.0,0.0,0.0,Winter,No Holiday,Yes,1459832,0,12
6355,27/09/2018,0,16.7,50.0,1.7,2000,6.2,0.0,0.0,0.0,Autumn,No Holiday,Yes,4036365,1,9
6356,12/10/2018,18,14.3,46.0,1.3,2000,2.8,0.16,0.0,0.0,Autumn,No Holiday,Yes,13513506,2,10
6357,24/10/2018,1,10.2,84.0,1.2,1036,7.6,0.0,0.0,0.0,Autumn,No Holiday,Yes,3616284,1,10
6359,28/06/2018,15,26.4,76.0,,1370,21.8,1.01,0.0,0.0,Summer,No Holiday,Yes,6788475,2,6
6360,12/10/2018,7,5.3,73.0,0.7,2000,0.8,0.01,0.0,0.0,Autumn,No Holiday,Yes,6527965,2,10
6361,5/7/2018,2,23.6,80.0,,879,19.9,0.0,0.0,0.0,Summer,No Holiday,Yes,3883184,1,7
6363,6/9/2018,0,22.5,83.0,0.5,1593,19.4,0.0,0.0,0.0,Autumn,No Holiday,Yes,5740143,1,9
6364,17/05/2018,11,20.4,98.0,0.9,300,20.0,0.25,2.5,0.0,Spring,No Holiday,Yes,1654475,0,5
6365,13/01/2018,1,-6.5,45.0,0.5,1964,-16.4,0.0,0.0,0.0,Winter,No Holiday,Yes,1609484,0,1
6366,17/03/2018,1,3.0,52.0,0.7,2000,-5.9,0.0,,0.0,Spring,No Holiday,Yes,2591689,1,3
6367,7/6/2018,0,19.6,82.0,1.7,628,16.4,0.0,0.0,0.0,Summer,No Holiday,Yes,5302991,1,6
6369,6/2/2018,14,-7.0,26.0,4.4,1986,-23.3,2.24,0.0,0.0,Winter,No Holiday,Yes,1056492,0,2
6370,19/09/2018,19,23.5,58.0,0.4,1836,14.7,0.0,0.0,0.0,Autumn,No Holiday,No,760536,0,9
6371,4/12/2017,22,-5.3,45.0,2.5,2000,-15.3,,0.0,0.0,Winter,No Holiday,Yes,2548578,1,12
6372,20/10/2018,0,11.3,71.0,1.2,1997,6.2,0.0,,0.0,Autumn,No Holiday,Yes,3927439,1,10
6373,12/12/2017,11,,59.0,11.0,1482,4.4,0.64,,0.1,Winter,Holiday,No,4484668,1,12
6374,21/03/2018,18,2.0,77.0,1.3,2000,-1.6,0.07,0.0,0.0,Spring,No Holiday,Yes,3911765,1,3
6376,7/1/2018,0,-3.8,48.0,0.7,1574,-13.2,0.0,,0.0,Winter,No Holiday,Yes,1338294,0,1
6377,24/04/2018,23,9.6,44.0,0.7,2000,-2.0,0.0,0.0,0.0,Spring,No Holiday,Yes,4515128,1,4
6378,26/08/2018,7,20.7,85.0,0.5,1052,18.0,0.11,0.0,0.0,Summer,No Holiday,Yes,2071910,1,8
6380,14/10/2018,1,9.5,65.0,0.9,990,3.2,0.0,0.0,0.0,Autumn,No Holiday,Yes,3463721,1,10
6381,23/07/2018,11,32.7,48.0,2.2,1908,20.2,,0.0,0.0,Summer,No Holiday,Yes,3396861,1,7
6382,10/4/2018,18,19.7,52.0,7.2,2000,9.5,0.2,0.0,0.0,Spring,No Holiday,Yes,9310645,2,4
6383,5/5/2018,12,21.9,35.0,3.4,1586,5.7,2.74,0.0,0.0,Spring,No Holiday,Yes,6710445,2,5
6385,4/5/2018,11,17.2,35.0,3.6,1731,1.5,2.93,0.0,0.0,Spring,No Holiday,Yes,5955779,1,5
6386,7/11/2018,8,11.3,89.0,1.1,279,9.5,0.01,0.0,0.0,Autumn,No Holiday,Yes,6894464,2,11
6388,12/8/2018,6,27.2,66.0,0.9,2000,20.2,0.0,0.0,0.0,Summer,No Holiday,Yes,1604725,1,8
6390,3/5/2018,2,7.3,86.0,1.7,2000,5.1,0.0,0.0,0.0,Spring,No Holiday,Yes,1483880,1,5
6391,13/05/2018,21,14.1,86.0,0.9,535,11.7,0.0,0.0,0.0,Spring,No Holiday,Yes,8133567,2,5
6392,19/03/2018,20,8.3,47.0,3.1,2000,-2.3,0.0,0.0,0.0,Spring,No Holiday,Yes,3901524,1,3
6393,30/12/2017,15,4.3,61.0,0.7,274,-2.5,0.23,0.0,0.0,Winter,No Holiday,Yes,2096296,1,12
6394,8/9/2018,23,20.7,52.0,1.4,2000,10.4,0.0,0.0,0.0,Autumn,No Holiday,Yes,6085163,2,9
6395,25/10/2018,7,7.3,85.0,1.4,1039,4.9,0.0,0.0,0.0,Autumn,No Holiday,Yes,6449605,2,10
6396,15/10/2018,18,18.0,66.0,2.3,554,11.5,0.1,0.0,0.0,Autumn,No Holiday,Yes,14041500,2,10
6397,21/07/2018,10,31.4,51.0,1.1,847,20.0,,0.0,0.0,Summer,No Holiday,Yes,4560529,1,7
6398,20/11/2018,4,1.3,48.0,0.5,2000,-8.5,0.0,0.0,0.0,Autumn,No Holiday,Yes,1000324,0,11
6399,16/07/2018,7,24.5,73.0,0.9,1901,19.3,,0.0,0.0,Summer,No Holiday,Yes,7827445,2,7
6400,26/05/2018,10,23.2,41.0,1.1,1440,9.2,,0.0,0.0,Spring,No Holiday,Yes,5618049,1,5
6401,15/12/2017,13,-1.6,40.0,0.3,868,-13.4,0.32,0.0,0.0,Winter,No Holiday,Yes,1738497,1,12
6402,24/08/2018,15,24.0,94.0,3.1,1188,22.9,0.41,0.5,0.0,Summer,No Holiday,Yes,2258253,1,8
6403,15/04/2018,12,12.5,53.0,,1324,3.1,2.52,0.0,0.0,Spring,No Holiday,Yes,5948926,2,4
6404,23/01/2018,0,-5.3,77.0,3.8,894,-8.7,0.0,0.0,1.0,Winter,No Holiday,Yes,1265297,0,1
6405,18/06/2018,22,22.9,56.0,1.3,1927,13.6,0.0,0.0,0.0,Summer,No Holiday,Yes,7807113,2,6
6406,23/04/2018,14,9.4,96.0,2.6,304,8.7,0.39,4.0,0.0,Spring,No Holiday,Yes,415159,0,4
6407,7/4/2018,20,4.2,44.0,4.1,2000,-6.9,0.0,0.0,0.0,Spring,No Holiday,Yes,2482541,1,4
6408,14/05/2018,21,20.5,67.0,1.4,357,14.1,0.0,0.0,0.0,Spring,No Holiday,Yes,10001457,2,5
6410,2/10/2018,17,21.2,40.0,,2000,7.0,0.98,0.0,0.0,Autumn,No Holiday,No,668139,0,10
6411,19/10/2018,23,11.7,70.0,1.7,2000,6.4,0.0,0.0,0.0,Autumn,No Holiday,Yes,5706824,1,10
6412,14/05/2018,8,13.8,79.0,0.9,313,10.2,0.44,0.0,0.0,Spring,No Holiday,Yes,10948304,2,5
6414,23/02/2018,23,5.5,80.0,2.7,258,2.3,0.0,0.0,0.0,Winter,No Holiday,Yes,2195485,1,2
6415,14/07/2018,11,29.0,65.0,2.0,1642,21.7,2.22,0.0,0.0,Summer,No Holiday,Yes,4833626,1,7
6416,10/10/2018,13,14.3,43.0,3.6,1995,1.8,1.86,0.0,0.0,Autumn,No Holiday,Yes,5191013,1,10
6417,28/07/2018,13,34.2,58.0,1.8,933,24.7,1.33,0.0,0.0,Summer,No Holiday,Yes,3757721,1,7
6418,14/02/2018,10,5.2,65.0,3.9,1313,-0.8,0.56,0.0,0.0,Winter,No Holiday,Yes,1954946,1,2
6419,13/08/2018,3,27.7,88.0,,833,25.5,0.0,0.0,0.0,Summer,No Holiday,Yes,1025832,0,8
6420,5/3/2018,10,4.4,80.0,1.8,2000,1.2,0.56,0.0,0.0,Spring,No Holiday,Yes,1539989,1,3
6421,14/07/2018,14,30.7,59.0,2.9,1612,21.7,2.05,0.0,0.0,Summer,No Holiday,Yes,5929586,1,7
6422,17/07/2018,12,30.8,57.0,2.3,940,21.2,,0.0,0.0,Summer,No Holiday,Yes,4461266,1,7
6424,4/8/2018,21,29.2,73.0,1.9,1933,23.8,0.0,,0.0,Summer,No Holiday,Yes,7787623,2,8
6425,6/6/2018,6,18.5,73.0,1.1,1028,13.5,,0.0,0.0,Summer,Holiday,Yes,2188382,1,6
6426,14/06/2018,20,22.6,74.0,1.2,1594,17.7,,0.0,0.0,Summer,No Holiday,Yes,8775217,2,6
6427,16/09/2018,6,22.0,90.0,1.3,471,20.2,0.0,0.0,0.0,Autumn,No Holiday,Yes,1651972,0,9
6429,22/04/2018,14,20.7,32.0,1.5,1996,3.3,0.69,0.0,0.0,Spring,No Holiday,Yes,3055802,1,4
6430,1/10/2018,23,13.4,69.0,3.7,2000,7.8,0.0,0.0,0.0,Autumn,No Holiday,Yes,5285828,1,10
6431,19/10/2018,7,7.3,72.0,0.4,2000,2.5,0.0,0.0,0.0,Autumn,No Holiday,Yes,7068299,2,10
6432,22/06/2018,4,19.1,86.0,1.4,322,16.6,,0.0,0.0,Summer,No Holiday,Yes,1525478,1,6
6433,24/11/2018,16,3.5,82.0,1.6,1092,0.7,0.51,0.0,3.6,Autumn,No Holiday,Yes,2372348,1,11
6434,18/09/2018,12,24.7,43.0,1.8,1809,11.2,1.75,0.0,0.0,Autumn,No Holiday,No,734026,0,9
6435,1/8/2018,17,39.0,41.0,2.6,1881,23.3,,0.0,0.0,Summer,No Holiday,Yes,5643161,1,8
6436,10/7/2018,19,25.7,83.0,,1011,22.5,0.08,0.5,0.0,Summer,No Holiday,Yes,4986455,1,7
6437,8/8/2018,14,33.6,50.0,3.5,1993,21.7,1.15,0.0,0.0,Summer,No Holiday,Yes,3855499,1,8
6438,15/01/2018,2,3.6,65.0,0.9,959,-2.3,0.0,0.0,0.0,Winter,No Holiday,Yes,1122729,0,1
6439,12/7/2018,23,25.5,84.0,,1906,22.5,0.0,0.0,0.0,Summer,No Holiday,Yes,7771316,2,7
6441,28/06/2018,10,25.3,70.0,0.6,1386,19.4,,0.0,0.0,Summer,No Holiday,Yes,4428784,1,6
6442,19/12/2017,13,-2.2,25.0,3.2,1970,-19.6,1.17,0.0,2.2,Winter,No Holiday,Yes,1293899,1,12
6443,30/07/2018,20,33.9,46.0,1.4,2000,20.6,,0.0,0.0,Summer,No Holiday,Yes,10475807,2,7
6444,9/6/2018,13,28.8,42.0,2.0,1438,14.6,2.38,0.0,0.0,Summer,No Holiday,Yes,8753901,2,6
6445,24/08/2018,3,24.8,87.0,2.2,1286,22.4,0.0,1.0,0.0,Summer,No Holiday,Yes,1142142,0,8
6446,7/8/2018,10,30.1,65.0,,2000,22.7,1.11,0.0,0.0,Summer,No Holiday,Yes,3846970,1,8
6447,11/1/2018,17,-9.3,43.0,2.8,1900,-19.6,,0.0,0.0,Winter,No Holiday,Yes,1402436,1,1
6448,3/10/2018,2,13.2,77.0,1.2,1972,9.2,0.0,0.0,0.0,Autumn,Holiday,Yes,3847925,1,10
6449,31/08/2018,0,23.9,75.0,1.7,1192,19.1,0.0,0.0,0.0,Summer,No Holiday,Yes,5059686,1,8
6450,14/03/2018,5,14.1,69.0,1.3,1923,8.4,0.0,0.0,0.0,Spring,No Holiday,Yes,1212587,0,3
6451,25/03/2018,18,14.4,44.0,2.7,596,2.2,0.6,0.0,0.0,Spring,No Holiday,Yes,4353134,1,3
6453,10/8/2018,2,26.9,84.0,,1007,23.9,0.0,0.0,0.0,Summer,No Holiday,Yes,2457496,1,8
6454,11/11/2018,15,10.2,58.0,2.0,573,2.2,0.29,0.0,0.0,Autumn,No Holiday,Yes,5128364,1,11
6456,15/04/2018,13,13.5,46.0,3.4,1325,2.0,2.71,0.0,0.0,Spring,No Holiday,Yes,6764297,2,4
6457,27/03/2018,18,16.8,60.0,3.1,580,8.9,0.46,0.0,0.0,Spring,No Holiday,Yes,8623730,2,3
6460,18/12/2017,11,-2.9,85.0,1.2,243,-5.0,0.06,0.0,4.8,Winter,No Holiday,Yes,1066164,0,12
6461,27/07/2018,6,27.2,85.0,0.1,702,24.4,0.02,0.0,0.0,Summer,No Holiday,Yes,3506051,1,7
6463,22/10/2018,20,14.5,51.0,1.4,751,4.4,0.0,0.0,0.0,Autumn,No Holiday,Yes,8916287,2,10
6464,26/02/2018,2,-1.7,66.0,0.8,1631,-7.2,0.0,0.0,0.0,Winter,No Holiday,Yes,988414,0,2
6465,3/1/2018,22,-5.2,53.0,1.3,1969,-13.3,0.0,0.0,0.0,Winter,No Holiday,Yes,1842278,1,1
6466,3/12/2017,2,3.3,79.0,1.4,830,0.0,0.0,0.0,0.0,Winter,No Holiday,Yes,1596587,1,12
6467,8/4/2018,5,1.3,51.0,1.6,2000,-7.7,0.0,0.0,0.0,Spring,No Holiday,Yes,1033106,0,4
6468,1/7/2018,18,22.2,96.0,1.2,673,21.5,0.09,3.5,0.0,Summer,No Holiday,Yes,1054012,0,7
6469,15/06/2018,10,22.0,56.0,1.5,1989,12.8,1.91,0.0,0.0,Summer,No Holiday,Yes,5565491,1,6
6470,10/11/2018,13,15.9,48.0,,538,4.8,1.87,0.0,0.0,Autumn,No Holiday,Yes,6303259,2,11
6471,12/10/2018,9,8.6,50.0,0.8,1785,-1.2,1.13,0.0,0.0,Autumn,No Holiday,Yes,5838604,2,10
6472,2/12/2017,4,-3.8,79.0,2.0,1167,-6.9,0.0,0.0,0.0,Winter,No Holiday,Yes,1139582,0,12
6473,19/06/2018,20,22.4,62.0,2.2,1041,14.7,,0.0,0.0,Summer,No Holiday,Yes,13441583,2,6
6474,1/3/2018,10,0.1,53.0,5.3,1022,-8.3,1.12,,0.0,Spring,Holiday,Yes,1864237,0,3
6475,10/10/2018,22,9.2,55.0,0.9,2000,0.6,0.0,0.0,0.0,Autumn,No Holiday,Yes,7186857,2,10
6476,11/7/2018,0,24.6,96.0,0.7,308,23.9,0.0,0.5,0.0,Summer,No Holiday,Yes,1417096,1,7
6477,12/6/2018,14,25.6,45.0,2.2,1961,12.7,1.39,,0.0,Summer,No Holiday,Yes,7305336,2,6
6478,14/02/2018,5,1.0,68.0,0.6,1519,-4.2,0.0,0.0,0.0,Winter,No Holiday,Yes,748703,0,2
6479,27/01/2018,14,-4.1,25.0,2.0,1730,-21.2,1.2,0.0,0.2,Winter,No Holiday,Yes,1566499,0,1
6480,30/09/2018,14,21.1,32.0,4.4,1999,3.7,2.48,0.0,0.0,Autumn,No Holiday,No,913149,0,9
6481,15/01/2018,19,4.4,53.0,1.2,538,-4.3,0.0,0.0,0.0,Winter,No Holiday,Yes,3234026,1,1
6482,25/08/2018,19,25.8,62.0,3.3,2000,17.9,,0.0,0.0,Summer,No Holiday,Yes,10328001,2,8
6483,27/07/2018,17,34.7,59.0,2.7,1095,25.5,1.49,0.0,0.0,Summer,No Holiday,Yes,7066128,2,7
6484,7/5/2018,1,15.1,84.0,0.3,1858,12.4,0.0,0.0,0.0,Spring,No Holiday,Yes,3457131,1,5
6485,10/1/2018,0,,82.0,0.8,152,-7.7,0.0,0.5,0.5,Winter,No Holiday,Yes,867293,0,1
6486,28/04/2018,8,12.7,67.0,0.6,378,6.7,0.86,0.0,0.0,Spring,No Holiday,Yes,4193301,1,4
6487,15/08/2018,0,30.0,67.0,0.8,1986,23.1,0.0,0.0,0.0,Summer,Holiday,Yes,5717099,1,8
6488,25/07/2018,9,29.4,66.0,2.5,1308,22.3,0.91,0.0,0.0,Summer,No Holiday,Yes,5190831,1,7
6489,11/7/2018,3,24.5,97.0,0.8,263,23.9,0.0,0.5,0.0,Summer,No Holiday,Yes,1102805,0,7
6490,31/10/2018,8,3.7,67.0,1.8,1987,-1.8,0.15,0.0,0.0,Autumn,No Holiday,Yes,10447281,2,10
6491,8/11/2018,5,10.8,89.0,1.6,957,9.0,0.0,0.0,0.0,Autumn,No Holiday,Yes,1156020,0,11
6493,9/9/2018,1,18.8,54.0,0.1,2000,9.2,0.0,0.0,0.0,Autumn,No Holiday,Yes,5096106,1,9
6494,17/09/2018,18,25.3,56.0,2.8,1992,15.8,0.54,0.0,0.0,Autumn,No Holiday,Yes,17641409,2,9
6495,2/1/2018,15,1.5,22.0,,1998,-17.9,0.76,0.0,0.0,Winter,No Holiday,Yes,2182448,1,1
6496,11/8/2018,22,31.3,53.0,2.3,2000,20.5,,0.0,0.0,Summer,No Holiday,Yes,7578476,2,8
6497,14/11/2018,4,5.6,70.0,0.6,1311,0.5,0.0,0.0,0.0,Autumn,No Holiday,Yes,1507460,0,11
6498,11/4/2018,19,13.2,28.0,2.9,2000,-4.9,0.22,0.0,0.0,Spring,No Holiday,No,863320,0,4
6499,16/05/2018,18,21.9,97.0,2.1,191,21.3,0.08,0.0,0.0,Spring,No Holiday,Yes,2992663,1,5
6500,21/10/2018,17,18.8,24.0,2.1,2000,-2.2,0.63,0.0,0.0,Autumn,No Holiday,Yes,10781613,2,10
6501,28/03/2018,0,12.0,76.0,0.8,346,7.8,0.0,0.0,0.0,Spring,No Holiday,Yes,2562192,1,3
6502,8/2/2018,22,-3.9,41.0,0.4,1462,-15.2,0.0,,0.0,Winter,No Holiday,Yes,2046720,1,2
6503,14/07/2018,21,,64.0,2.8,2000,20.7,0.0,0.0,0.0,Summer,No Holiday,Yes,10986497,2,7
6504,11/9/2018,6,17.0,55.0,1.2,2000,7.8,0.0,0.0,0.0,Autumn,No Holiday,Yes,4208307,1,9
6505,8/10/2018,4,10.4,61.0,0.6,2000,3.1,0.0,0.0,0.0,Autumn,No Holiday,Yes,1583703,0,10
6507,20/09/2018,17,19.3,76.0,2.1,2000,14.9,0.21,0.0,0.0,Autumn,No Holiday,Yes,7212805,2,9
6508,9/11/2018,12,13.9,50.0,4.1,1964,3.6,2.14,0.0,0.0,Autumn,No Holiday,No,742403,0,11
6509,21/07/2018,1,27.0,74.0,,1833,21.9,0.0,0.0,0.0,Summer,No Holiday,Yes,5333661,1,7
6510,30/11/2018,17,6.0,29.0,2.1,1877,-10.7,,0.0,0.0,Autumn,No Holiday,Yes,6151824,1,11
6511,12/4/2018,20,14.2,15.0,2.6,2000,-12.1,0.0,0.0,0.0,Spring,No Holiday,Yes,7381308,2,4
6512,15/06/2018,18,25.9,44.0,1.5,2000,12.7,1.36,0.0,0.0,Summer,No Holiday,Yes,15499390,2,6
6513,13/08/2018,15,34.0,51.0,1.8,1508,22.4,0.98,0.0,0.0,Summer,No Holiday,Yes,4799070,1,8
6514,11/6/2018,20,19.1,84.0,1.7,2000,16.3,,0.0,0.0,Summer,No Holiday,Yes,6939999,2,6
6515,2/6/2018,17,28.9,22.0,,1965,5.0,1.93,0.0,0.0,Summer,No Holiday,Yes,11102139,2,6
6517,2/12/2017,6,-4.3,82.0,2.1,1178,-6.9,0.0,0.0,0.0,Winter,No Holiday,Yes,845422,0,12
6518,27/05/2018,16,24.0,36.0,1.6,1811,7.9,1.34,0.0,0.0,Spring,No Holiday,Yes,11560650,2,5
6519,19/10/2018,5,7.7,73.0,0.0,2000,3.1,,0.0,0.0,Autumn,No Holiday,Yes,1784214,0,10
6520,19/01/2018,4,,45.0,1.4,1241,-11.1,0.0,0.0,0.0,Winter,No Holiday,Yes,432520,0,1
6521,22/04/2018,16,19.1,52.0,0.9,1583,9.0,0.37,0.0,0.0,Spring,No Holiday,Yes,846390,0,4
6522,11/7/2018,17,28.7,71.0,2.9,1666,22.9,,0.0,0.0,Summer,No Holiday,Yes,9632840,2,7
6524,4/2/2018,21,-8.9,35.0,3.2,2000,-21.6,0.0,0.0,0.0,Winter,No Holiday,Yes,674184,0,2
6525,12/3/2018,8,3.8,47.0,0.8,1229,-6.5,0.06,0.0,0.0,Spring,No Holiday,Yes,6257960,2,3
6526,5/6/2018,8,21.5,58.0,,1021,12.8,1.21,0.0,0.0,Summer,No Holiday,Yes,12222619,2,6
6527,5/11/2018,0,10.1,75.0,0.0,922,5.8,0.0,0.0,0.0,Autumn,No Holiday,Yes,3451934,1,11
6528,30/08/2018,3,24.1,97.0,2.5,1989,23.5,,1.5,0.0,Summer,No Holiday,Yes,932700,0,8
6529,27/08/2018,9,21.5,97.0,0.9,1543,20.9,0.19,0.5,0.0,Summer,No Holiday,Yes,1072766,0,8
6530,23/11/2018,14,6.3,16.0,2.9,2000,-17.7,1.67,0.0,0.0,Autumn,No Holiday,Yes,4368646,1,11
6531,26/05/2018,13,27.8,31.0,2.0,1326,9.1,3.29,0.0,0.0,Spring,No Holiday,Yes,7826646,2,5
6532,6/9/2018,3,21.5,85.0,0.1,1282,18.8,,0.0,0.0,Autumn,No Holiday,Yes,2753850,1,9
6533,8/9/2018,12,25.2,36.0,2.4,1995,9.0,2.93,0.0,0.0,Autumn,No Holiday,Yes,7006821,2,9
6534,6/12/2017,21,1.1,92.0,0.5,235,0.0,0.0,0.7,1.0,Winter,No Holiday,Yes,1815832,0,12
6535,26/01/2018,12,-14.4,30.0,2.7,1906,-28.2,1.17,0.0,0.5,Winter,No Holiday,Yes,1414785,0,1
6536,30/07/2018,15,35.5,43.0,1.3,2000,20.9,,0.0,0.0,Summer,No Holiday,Yes,3479186,1,7
6537,23/02/2018,12,5.3,70.0,0.9,226,0.2,1.73,0.0,1.7,Winter,No Holiday,Yes,2189581,1,2
6538,29/01/2018,18,-6.6,34.0,,2000,-19.8,0.06,0.0,0.0,Winter,No Holiday,Yes,2390016,1,1
6539,11/12/2017,11,-4.7,36.0,3.8,2000,-17.5,1.0,0.0,0.0,Winter,No Holiday,Yes,1610011,1,12
6540,22/10/2018,12,18.2,34.0,1.0,758,2.0,2.03,0.0,0.0,Autumn,No Holiday,Yes,5834310,1,10
6541,29/06/2018,11,24.8,74.0,1.8,644,19.8,,0.0,0.0,Summer,No Holiday,Yes,4885667,1,6
6542,20/05/2018,22,16.8,29.0,1.2,2000,-1.3,0.0,0.0,0.0,Spring,No Holiday,Yes,7444178,2,5
6543,16/08/2018,18,32.4,40.0,2.1,2000,17.0,1.04,0.0,0.0,Summer,No Holiday,Yes,12867828,2,8
6544,17/03/2018,2,2.3,56.0,0.6,2000,-5.5,0.0,0.0,0.0,Spring,No Holiday,Yes,2313044,1,3
6545,10/8/2018,21,31.3,55.0,0.9,2000,21.1,0.0,0.0,0.0,Summer,No Holiday,Yes,8463753,2,8
6546,31/10/2018,12,10.0,39.0,2.0,2000,-3.3,2.2,0.0,0.0,Autumn,No Holiday,Yes,4711991,1,10
6547,12/9/2018,8,18.2,56.0,1.5,1994,9.2,,0.0,0.0,Autumn,No Holiday,Yes,12913476,2,9
6548,30/05/2018,20,19.1,64.0,2.6,1530,12.1,,0.0,0.0,Spring,No Holiday,Yes,11510631,2,5
6549,27/11/2018,3,3.5,86.0,1.4,281,1.3,0.0,0.0,0.0,Autumn,No Holiday,Yes,1866854,0,11
6550,19/10/2018,21,13.3,56.0,1.1,2000,4.6,0.0,,0.0,Autumn,No Holiday,Yes,7828894,2,10
6551,13/01/2018,9,-6.3,76.0,0.6,330,-9.8,0.05,0.2,0.4,Winter,No Holiday,Yes,875499,0,1
6552,7/4/2018,0,3.0,67.0,3.3,945,-2.5,0.0,0.0,0.0,Spring,No Holiday,Yes,2139398,1,4
6553,2/4/2018,23,16.8,70.0,0.9,1426,11.2,0.0,,0.0,Spring,No Holiday,Yes,4887444,1,4
6554,14/03/2018,13,20.9,44.0,4.7,1795,8.1,2.66,0.0,0.0,Spring,No Holiday,Yes,4436099,1,3
6555,9/5/2018,10,16.1,43.0,1.4,1985,3.5,2.41,0.0,0.0,Spring,No Holiday,Yes,5207286,1,5
6556,11/11/2018,7,6.4,84.0,1.3,369,3.8,0.0,0.0,0.0,Autumn,No Holiday,Yes,1652390,1,11
6557,24/12/2017,18,1.9,82.0,4.3,699,-0.8,0.01,0.5,0.0,Winter,Holiday,Yes,1203964,0,12
6558,3/9/2018,22,21.7,97.0,0.4,440,21.1,0.0,0.5,0.0,Autumn,No Holiday,Yes,2554507,1,9
6559,1/11/2018,3,4.2,65.0,0.7,1962,-1.8,0.0,0.0,0.0,Autumn,No Holiday,Yes,2215446,1,11
6560,16/12/2017,5,-5.6,72.0,2.0,662,-9.8,0.0,0.0,0.0,Winter,No Holiday,Yes,723877,0,12
6561,2/8/2018,6,30.4,54.0,1.3,2000,20.0,,0.0,0.0,Summer,No Holiday,Yes,3837393,1,8
6562,23/12/2017,14,8.6,63.0,1.6,263,1.9,0.72,0.0,0.0,Winter,No Holiday,Yes,3002312,1,12
6563,25/07/2018,5,28.3,74.0,2.4,1378,23.2,0.0,0.0,0.0,Summer,No Holiday,Yes,1776212,1,7
6564,5/6/2018,9,23.5,51.0,1.4,1169,12.7,1.82,0.0,0.0,Summer,No Holiday,Yes,7438195,2,6
6565,23/11/2018,9,,33.0,0.9,1962,-15.7,0.57,0.0,0.0,Autumn,No Holiday,Yes,4900244,1,11
6566,11/1/2018,4,-11.5,57.0,2.3,1899,-18.3,0.0,0.0,0.0,Winter,No Holiday,Yes,333140,0,1
6567,27/10/2018,8,7.7,62.0,2.4,1985,0.8,0.23,0.0,0.0,Autumn,No Holiday,Yes,4139803,1,10
6568,12/3/2018,14,14.9,34.0,2.8,403,-0.8,2.22,0.0,0.0,Spring,No Holiday,Yes,3185716,1,3
6569,14/06/2018,11,20.5,79.0,1.7,770,16.7,1.25,0.0,0.0,Summer,No Holiday,Yes,4315605,1,6
6570,19/12/2017,8,-5.2,58.0,,1594,-12.1,0.0,0.0,2.5,Winter,No Holiday,Yes,2355270,1,12
6571,28/09/2018,23,16.6,69.0,1.0,2000,10.8,0.0,0.0,0.0,Autumn,No Holiday,No,473813,0,9
6572,10/3/2018,3,1.3,80.0,0.6,705,-1.7,0.0,0.0,0.0,Spring,No Holiday,Yes,1248236,0,3
6573,26/01/2018,14,-12.1,27.0,2.5,1879,-27.3,1.25,0.0,0.4,Winter,No Holiday,Yes,1134158,0,1
6574,28/10/2018,17,9.4,85.0,1.2,2000,6.9,,1.5,0.0,Autumn,No Holiday,Yes,2596208,1,10
6575,2/4/2018,22,17.4,66.0,2.3,1565,10.9,0.0,0.0,0.0,Spring,No Holiday,Yes,7187113,2,4
6576,4/1/2018,3,,54.0,1.7,1968,-15.1,0.0,0.0,0.0,Winter,No Holiday,Yes,1181680,0,1
6577,19/02/2018,6,-1.4,46.0,0.3,1651,-11.5,0.0,,0.0,Winter,No Holiday,Yes,1177817,0,2
6578,24/06/2018,18,29.8,35.0,3.3,1805,12.6,1.15,0.0,0.0,Summer,No Holiday,Yes,11447975,2,6
6579,4/1/2018,20,-2.8,39.0,1.7,1702,-14.8,0.0,0.0,0.0,Winter,No Holiday,Yes,1933494,1,1
6580,24/07/2018,22,29.8,66.0,3.2,1511,22.7,0.0,0.0,0.0,Summer,No Holiday,Yes,9247951,2,7
6581,25/06/2018,0,22.9,79.0,0.6,715,19.0,0.0,0.0,0.0,Summer,No Holiday,Yes,5559469,1,6
6583,1/1/2018,11,0.1,27.0,2.2,1874,-16.7,0.84,0.0,0.0,Winter,Holiday,Yes,1867960,0,1
6584,26/02/2018,0,-0.9,60.0,0.7,1844,-7.7,,0.0,0.0,Winter,No Holiday,Yes,1410425,0,2
6585,1/2/2018,9,-7.9,50.0,0.6,1805,-16.5,0.23,0.0,1.6,Winter,No Holiday,Yes,1858106,1,2
6586,17/09/2018,15,27.4,33.0,2.7,1955,9.6,2.5,0.0,0.0,Autumn,No Holiday,Yes,6804170,2,9
6587,12/10/2018,6,5.8,67.0,1.1,2000,0.1,0.0,0.0,0.0,Autumn,No Holiday,Yes,2821346,1,10
6588,9/1/2018,14,-1.8,45.0,3.7,1922,-12.1,,0.0,0.2,Winter,No Holiday,Yes,1839450,1,1
6589,29/09/2018,1,16.2,71.0,0.9,2000,10.9,0.0,0.0,0.0,Autumn,No Holiday,Yes,5871076,1,9
6590,9/10/2018,9,12.8,57.0,1.2,1838,4.4,0.55,0.0,0.0,Autumn,Holiday,No,951721,0,10
6591,29/09/2018,4,15.4,74.0,0.9,2000,10.7,0.0,0.0,0.0,Autumn,No Holiday,Yes,2592586,1,9
6592,27/06/2018,12,24.1,73.0,,992,18.9,2.15,0.0,0.0,Summer,No Holiday,Yes,6825430,2,6
6593,19/05/2018,7,11.4,,1.4,2000,4.5,0.46,0.0,0.0,Spring,No Holiday,Yes,2640012,1,5
6595,8/11/2018,11,10.9,95.0,2.4,519,10.1,0.12,0.0,0.0,Autumn,No Holiday,Yes,396970,0,11
6596,15/09/2018,22,23.1,79.0,0.6,1891,19.2,0.0,,0.0,Autumn,No Holiday,Yes,8324096,2,9
6597,4/3/2018,21,,89.0,2.1,606,8.8,0.0,2.0,0.0,Spring,No Holiday,Yes,324357,0,3
6598,6/7/2018,3,22.6,66.0,1.5,2000,15.9,0.0,,0.0,Summer,No Holiday,Yes,3124039,1,7
6599,5/3/2018,22,2.3,63.0,1.0,2000,-4.0,0.0,0.0,0.0,Spring,No Holiday,Yes,3209542,1,3
6600,20/08/2018,6,25.3,67.0,,1450,18.7,0.0,0.0,0.0,Summer,No Holiday,Yes,4277664,1,8
6601,27/08/2018,17,24.9,82.0,0.9,2000,21.6,0.67,,0.0,Summer,No Holiday,Yes,7385448,2,8
6602,17/05/2018,21,20.5,97.0,1.1,726,20.0,,4.0,0.0,Spring,No Holiday,Yes,850331,0,5
6603,11/1/2018,11,,41.0,3.5,1629,-20.9,0.84,0.0,0.0,Winter,No Holiday,Yes,1557267,0,1
6604,24/01/2018,11,-13.1,25.0,3.8,1964,-29.0,0.96,0.0,0.9,Winter,No Holiday,Yes,972186,0,1
6605,25/09/2018,5,11.5,70.0,0.5,2000,6.2,0.0,0.0,0.0,Autumn,Holiday,Yes,884672,0,9
6607,23/07/2018,19,32.6,58.0,3.2,1962,23.2,0.45,0.0,0.0,Summer,No Holiday,Yes,11484099,2,7
6608,27/04/2018,13,21.0,36.0,1.0,1164,5.3,2.99,,0.0,Spring,No Holiday,Yes,6354931,2,4
6609,11/10/2018,20,10.2,46.0,0.2,2000,-0.9,0.0,0.0,0.0,Autumn,No Holiday,Yes,7636320,2,10
6610,22/10/2018,6,9.2,65.0,,1689,2.9,0.0,0.0,0.0,Autumn,No Holiday,Yes,3229113,1,10
6611,18/09/2018,16,26.4,34.0,2.5,1953,9.2,1.6,0.0,0.0,Autumn,No Holiday,No,303406,0,9
6613,12/11/2018,16,12.9,38.0,2.6,1476,-1.1,0.94,0.0,0.0,Autumn,No Holiday,Yes,6308680,2,11
6614,14/09/2018,19,25.3,60.0,1.2,2000,16.9,,0.0,0.0,Autumn,No Holiday,Yes,11313594,2,9
6615,22/09/2018,22,18.6,62.0,0.6,2000,11.1,0.0,0.0,0.0,Autumn,No Holiday,Yes,7695420,2,9
6616,3/12/2017,21,4.7,87.0,1.2,247,2.7,0.0,0.0,0.0,Winter,No Holiday,Yes,2368652,1,12
6617,11/12/2017,17,-7.1,44.0,4.2,2000,-17.3,0.18,0.0,0.0,Winter,No Holiday,Yes,2181363,1,12
6618,28/09/2018,18,20.4,56.0,1.7,2000,11.3,0.2,0.0,0.0,Autumn,No Holiday,No,575518,0,9
6619,2/12/2017,19,5.0,52.0,2.3,1666,-4.0,,0.0,0.0,Winter,No Holiday,Yes,2521962,1,12
6620,31/07/2018,23,31.0,65.0,0.5,2000,23.6,0.0,0.0,0.0,Summer,No Holiday,Yes,5749819,2,7
6621,10/7/2018,6,20.7,97.0,0.9,2000,20.2,0.02,0.0,0.0,Summer,No Holiday,Yes,3422474,1,7
6622,21/01/2018,13,4.9,22.0,2.0,1446,-15.0,1.0,0.0,0.0,Winter,No Holiday,Yes,2179096,1,1
6623,19/06/2018,11,24.6,53.0,1.4,1472,14.3,,0.0,0.0,Summer,No Holiday,Yes,5785878,1,6
6624,31/10/2018,11,8.7,41.0,2.6,1907,-3.8,1.96,0.0,0.0,Autumn,No Holiday,Yes,3949302,1,10
6625,19/11/2018,1,5.9,60.0,,1332,-1.2,0.0,0.0,0.0,Autumn,No Holiday,Yes,1584338,1,11
6626,12/12/2017,5,-11.6,45.0,2.8,1951,-21.1,0.0,0.0,0.0,Winter,No Holiday,Yes,1081071,0,12
6627,25/04/2018,16,23.1,19.0,3.1,1871,-1.8,2.26,0.0,0.0,Spring,No Holiday,Yes,7929596,2,4
6628,15/07/2018,4,24.6,86.0,0.1,1358,22.0,0.0,,0.0,Summer,No Holiday,Yes,1824998,1,7
6629,7/6/2018,6,18.1,88.0,1.1,272,16.0,0.03,0.0,0.0,Summer,No Holiday,Yes,4128811,1,6
6630,7/8/2018,17,35.6,44.0,2.4,1860,21.4,1.69,0.0,0.0,Summer,No Holiday,Yes,7141020,2,8
6631,21/11/2018,13,8.0,35.0,,1895,-6.5,0.5,0.0,0.0,Autumn,No Holiday,Yes,3913993,1,11
6632,24/03/2018,20,7.1,83.0,3.3,203,4.4,0.0,0.0,0.0,Spring,No Holiday,Yes,3524052,1,3
6633,15/07/2018,15,32.9,49.0,2.6,1631,20.7,2.81,0.0,0.0,Summer,No Holiday,Yes,5619870,1,7
6634,26/12/2017,21,-6.6,39.0,3.2,2000,-18.2,0.0,0.0,0.0,Winter,No Holiday,Yes,1785303,1,12
6635,5/8/2018,7,27.5,86.0,1.8,485,24.9,0.03,0.4,0.0,Summer,No Holiday,Yes,1725050,1,8
6636,26/01/2018,2,-15.6,33.0,2.2,2000,-28.2,0.0,0.0,0.5,Winter,No Holiday,Yes,519664,0,1
6637,14/09/2018,14,26.3,58.0,1.5,1986,17.3,1.37,,0.0,Autumn,No Holiday,Yes,6484101,2,9
6638,23/09/2018,10,19.3,59.0,0.2,2000,11.0,0.94,0.0,0.0,Autumn,Holiday,Yes,3416933,1,9
6639,20/03/2018,23,1.8,37.0,2.3,2000,-11.3,0.0,0.0,0.0,Spring,No Holiday,Yes,2350060,1,3
6640,19/01/2018,18,2.9,45.0,1.6,1629,-7.8,0.04,0.0,0.0,Winter,No Holiday,Yes,3795949,1,1
6641,4/1/2018,22,-3.6,46.0,1.3,1689,-13.5,0.0,0.0,0.0,Winter,No Holiday,Yes,2223945,1,1
6642,14/04/2018,21,9.1,76.0,3.5,1113,5.0,0.0,0.0,0.0,Spring,No Holiday,Yes,3831672,1,4
6644,26/08/2018,17,23.5,58.0,1.2,2000,14.7,0.52,0.0,0.0,Summer,No Holiday,Yes,7213700,2,8
6645,24/02/2018,21,0.7,31.0,1.3,1923,-14.5,0.0,,0.0,Winter,No Holiday,Yes,1645946,1,2
6646,18/09/2018,15,26.1,43.0,2.8,1785,12.5,1.62,0.0,0.0,Autumn,No Holiday,No,509968,0,9
6647,10/2/2018,4,1.9,74.0,1.2,514,-2.2,0.0,0.0,0.0,Winter,No Holiday,Yes,813387,0,2
6648,19/08/2018,23,27.5,60.0,0.3,2000,19.0,0.0,0.0,0.0,Summer,No Holiday,Yes,5459275,1,8
6649,17/05/2018,13,23.4,83.0,1.7,1944,20.3,1.5,0.0,0.0,Spring,No Holiday,Yes,3280210,1,5
6650,11/2/2018,21,-5.6,69.0,2.2,1984,-10.3,0.0,0.0,0.0,Winter,No Holiday,Yes,928908,0,2
6651,15/07/2018,5,24.5,85.0,0.7,1345,21.8,0.0,,0.0,Summer,No Holiday,Yes,1418728,1,7
6652,3/9/2018,9,23.6,86.0,1.2,336,21.1,0.14,2.0,0.0,Autumn,No Holiday,Yes,4414250,1,9
6653,9/6/2018,3,19.1,84.0,0.6,421,16.3,,0.0,0.0,Summer,No Holiday,Yes,3425833,1,6
6654,15/09/2018,19,23.8,78.0,2.2,1991,19.7,0.0,0.0,0.0,Autumn,No Holiday,Yes,8397629,2,9
6655,27/12/2017,23,-6.3,39.0,0.9,2000,-18.0,0.0,0.0,0.0,Winter,No Holiday,Yes,1817576,1,12
6656,19/11/2018,12,10.3,38.0,1.2,1130,-3.4,1.08,0.0,0.0,Autumn,No Holiday,Yes,5011271,1,11
6657,6/10/2018,22,17.7,78.0,0.3,2000,13.8,0.0,0.0,0.0,Autumn,No Holiday,Yes,8112584,2,10
6658,13/11/2018,23,7.6,49.0,0.6,1971,-2.4,0.0,0.0,0.0,Autumn,No Holiday,Yes,4546391,1,11
6659,31/03/2018,11,16.7,45.0,1.9,1054,4.6,2.07,0.0,0.0,Spring,No Holiday,Yes,4227997,1,3
6661,25/10/2018,4,8.5,83.0,1.2,1577,5.7,0.0,0.0,0.0,Autumn,No Holiday,Yes,1838368,0,10
6662,15/11/2018,13,15.1,37.0,1.9,990,0.4,1.74,0.0,0.0,Autumn,No Holiday,Yes,4773128,1,11
6664,25/10/2018,1,,78.0,0.4,1669,6.3,0.0,0.0,0.0,Autumn,No Holiday,Yes,3547447,1,10
6665,7/9/2018,20,21.6,43.0,1.4,2000,8.4,0.0,0.0,0.0,Autumn,No Holiday,Yes,11013214,2,9
6666,11/4/2018,7,8.8,85.0,1.1,438,6.4,0.11,0.0,0.0,Spring,No Holiday,No,107410,0,4
6667,26/09/2018,0,17.0,51.0,1.5,2000,6.7,0.0,0.0,0.0,Autumn,No Holiday,Yes,4379803,1,9
6668,21/11/2018,4,6.7,87.0,1.2,580,4.6,0.0,0.0,0.0,Autumn,No Holiday,Yes,657529,0,11
6669,11/9/2018,4,17.7,52.0,,2000,7.7,0.0,0.0,0.0,Autumn,No Holiday,Yes,1997707,1,9
6670,26/08/2018,18,23.4,67.0,0.6,2000,16.9,0.36,0.0,0.0,Summer,No Holiday,Yes,7822327,2,8
6671,30/03/2018,4,9.9,67.0,1.1,820,4.0,0.0,0.0,0.0,Spring,No Holiday,Yes,1316953,0,3
6672,11/10/2018,3,6.7,71.0,1.0,2000,1.8,0.0,0.0,0.0,Autumn,No Holiday,Yes,1802622,1,10
6673,3/5/2018,10,13.8,47.0,,1561,2.6,1.64,0.0,0.0,Spring,No Holiday,Yes,4220064,1,5
6674,14/10/2018,10,13.3,47.0,0.5,818,2.2,1.67,0.0,0.0,Autumn,No Holiday,Yes,4843973,1,10
6675,24/04/2018,4,9.5,94.0,1.2,2000,8.5,0.0,0.5,0.0,Spring,No Holiday,Yes,1012760,0,4
6676,13/06/2018,15,25.5,50.0,2.2,1025,14.3,0.47,0.0,0.0,Summer,No Holiday,Yes,11360064,2,6
6677,9/12/2017,17,3.5,37.0,1.8,1963,-9.8,0.1,0.0,0.0,Winter,No Holiday,Yes,3176117,1,12
6678,14/09/2018,13,26.4,57.0,1.2,2000,17.1,1.8,0.0,0.0,Autumn,No Holiday,Yes,6527381,2,9
6679,12/5/2018,21,15.8,97.0,0.6,193,15.3,0.0,,0.0,Spring,No Holiday,Yes,381457,0,5
6681,17/11/2018,11,7.8,38.0,0.8,1369,-5.6,1.65,,0.0,Autumn,No Holiday,Yes,4542216,1,11
6682,4/8/2018,5,29.2,62.0,2.1,1835,21.1,0.0,0.0,0.0,Summer,No Holiday,Yes,1309625,1,8
6683,2/2/2018,10,-4.1,43.0,1.2,1187,-14.8,,0.0,0.0,Winter,No Holiday,Yes,1680217,0,2
6684,2/1/2018,16,1.3,23.0,2.9,2000,-17.6,0.51,0.0,0.0,Winter,No Holiday,Yes,2190397,1,1
6685,30/03/2018,17,19.4,45.0,2.9,778,7.1,,0.0,0.0,Spring,No Holiday,Yes,8159149,2,3
6686,18/02/2018,5,-4.0,28.0,0.5,2000,-19.8,0.0,0.0,0.0,Winter,No Holiday,Yes,720859,0,2
6688,9/12/2017,19,1.5,48.0,0.4,1878,-8.3,0.0,,0.0,Winter,No Holiday,Yes,2369241,1,12
6689,25/09/2018,14,23.7,28.0,1.4,2000,4.0,2.77,,0.0,Autumn,Holiday,Yes,8241725,2,9
6690,28/06/2018,4,22.3,88.0,0.9,298,20.2,0.0,0.0,0.0,Summer,No Holiday,Yes,1728775,1,6
6691,13/12/2017,16,-4.5,26.0,2.2,2000,-21.1,0.56,0.0,0.0,Winter,No Holiday,Yes,1920406,1,12
6693,16/06/2018,10,21.8,46.0,0.9,1927,9.6,2.46,0.0,0.0,Summer,No Holiday,Yes,6628364,2,6
6694,27/04/2018,5,9.9,69.0,1.1,808,4.4,0.0,0.0,0.0,Spring,No Holiday,Yes,1098819,0,4
6695,28/04/2018,17,20.1,29.0,3.3,1840,1.4,1.78,0.0,0.0,Spring,No Holiday,Yes,11185900,2,4
6696,16/04/2018,1,7.6,62.0,1.2,1885,0.7,0.0,0.0,0.0,Spring,No Holiday,Yes,2047149,1,4
6697,26/06/2018,3,25.4,50.0,1.1,870,14.2,0.0,0.0,0.0,Summer,No Holiday,Yes,2501734,1,6
6699,22/08/2018,15,36.8,36.0,1.0,2000,19.2,2.46,0.0,0.0,Summer,No Holiday,Yes,5233991,1,8
6700,2/10/2018,15,21.8,38.0,2.6,1913,6.8,2.22,0.0,0.0,Autumn,No Holiday,No,253123,0,10
6701,12/10/2018,15,,33.0,,1929,0.6,2.04,0.0,0.0,Autumn,No Holiday,Yes,6602582,2,10
6702,3/5/2018,3,7.0,86.0,1.2,2000,4.8,0.0,0.0,0.0,Spring,No Holiday,Yes,1328459,0,5
6703,9/6/2018,11,27.2,46.0,1.7,1301,14.5,2.88,0.0,0.0,Summer,No Holiday,Yes,6731083,2,6
6704,31/01/2018,5,-2.8,83.0,0.6,946,-5.2,0.0,0.0,3.5,Winter,No Holiday,Yes,838800,0,1
6705,22/03/2018,15,10.7,34.0,4.5,1850,-4.5,2.51,0.0,0.0,Spring,No Holiday,Yes,4345378,1,3
6706,14/09/2018,9,22.3,69.0,1.3,2000,16.3,0.61,0.0,0.0,Autumn,No Holiday,Yes,6382924,2,9
6707,17/12/2017,20,-6.0,42.0,0.8,2000,-16.8,0.0,0.0,0.0,Winter,No Holiday,Yes,1389966,0,12
6708,27/11/2018,0,0.6,,2.2,0,48.8,,0.0,1.2,Autumn,Holiday,Yes,5565491,1,11
6709,5/5/2018,8,14.4,51.0,2.3,1907,4.3,0.92,,0.0,Spring,No Holiday,Yes,3411541,1,5
6710,6/11/2018,23,12.2,74.0,,291,7.6,0.0,0.0,0.0,Autumn,No Holiday,No,345614,0,11
6711,5/4/2018,19,7.6,96.0,1.5,1309,6.9,0.0,1.5,0.0,Spring,No Holiday,Yes,1287617,0,4
6712,19/07/2018,14,33.1,47.0,2.5,1785,20.2,3.26,0.0,0.0,Summer,No Holiday,Yes,4392283,1,7
6713,26/04/2018,14,,28.0,3.1,1414,2.2,2.84,0.0,0.0,Spring,No Holiday,Yes,6621665,2,4
6714,30/07/2018,14,,,0.7,1132,-8.7,0.0,0.0,0.1,Summer,No Holiday,Yes,846250,0,7
6715,7/6/2018,9,20.5,73.0,1.6,364,15.4,1.23,0.0,0.0,Summer,No Holiday,Yes,6865279,2,6
6716,7/11/2018,0,11.9,74.0,1.6,287,7.4,0.0,0.0,0.0,Autumn,No Holiday,Yes,3683306,1,11
6717,18/09/2018,3,18.7,76.0,0.5,1916,14.3,0.0,0.0,0.0,Autumn,No Holiday,No,777347,0,9
6718,19/07/2018,17,34.0,44.0,2.3,1891,20.0,1.95,,0.0,Summer,No Holiday,Yes,8576479,2,7
6719,5/8/2018,22,29.1,77.0,3.0,1559,24.6,0.0,0.0,0.0,Summer,No Holiday,Yes,7038608,2,8
6720,23/07/2018,14,34.3,45.0,2.2,1967,20.6,1.64,0.0,0.0,Summer,No Holiday,Yes,3562686,1,7
6721,3/12/2017,6,3.4,86.0,2.5,278,1.2,0.0,1.0,0.0,Winter,No Holiday,Yes,757121,0,12
6722,5/1/2018,7,-5.3,53.0,1.1,1300,-13.4,0.0,0.0,0.0,Winter,No Holiday,Yes,2084989,1,1
6723,30/09/2018,8,16.2,69.0,1.1,2000,10.4,0.54,0.0,0.0,Autumn,No Holiday,No,930547,0,9
6724,14/05/2018,23,18.8,73.0,0.8,291,13.8,0.0,0.0,0.0,Spring,No Holiday,Yes,5453180,1,5
6725,15/03/2018,7,14.3,97.0,0.3,189,13.8,0.0,0.0,0.0,Spring,No Holiday,Yes,303979,0,3
6726,6/10/2018,2,16.9,88.0,2.5,2000,14.8,0.0,1.5,0.0,Autumn,No Holiday,No,270204,0,10
6727,20/03/2018,8,4.3,43.0,4.2,2000,-7.2,0.37,0.0,0.0,Spring,No Holiday,Yes,6503510,2,3
6728,6/8/2018,13,34.3,54.0,2.2,1540,23.6,,0.0,0.0,Summer,No Holiday,Yes,3981542,1,8
6729,29/08/2018,13,27.1,75.0,3.7,1972,22.2,0.28,0.0,0.0,Summer,No Holiday,Yes,3711426,1,8
6730,8/6/2018,22,20.5,78.0,0.9,550,16.5,0.0,0.0,0.0,Summer,No Holiday,Yes,10952963,2,6
6731,31/01/2018,7,-3.5,83.0,1.6,953,-5.9,0.0,0.0,3.5,Winter,No Holiday,Yes,992212,0,1
6733,26/12/2017,15,-1.9,17.0,5.0,2000,-23.7,0.93,0.0,0.0,Winter,No Holiday,Yes,2386031,1,12
6734,10/9/2018,20,23.4,48.0,1.8,2000,11.7,0.0,0.0,0.0,Autumn,No Holiday,Yes,12539395,2,9
6735,1/3/2018,13,1.4,37.0,4.0,1681,-11.7,2.95,,0.0,Spring,Holiday,Yes,2567140,1,3
6736,2/9/2018,23,25.1,65.0,2.2,2000,18.0,0.0,0.0,0.0,Autumn,No Holiday,Yes,6198140,1,9
6737,14/12/2017,23,-5.6,53.0,1.2,1290,-13.6,0.0,0.0,0.0,Winter,No Holiday,Yes,1168221,1,12
6738,8/10/2018,13,20.2,28.0,1.3,2000,1.0,2.25,,0.0,Autumn,No Holiday,Yes,7046074,2,10
6739,28/05/2018,4,17.2,,0.4,1619,8.8,0.0,0.0,0.0,Spring,No Holiday,Yes,1206770,0,5
6740,20/05/2018,16,22.2,23.0,2.2,2000,0.0,1.66,0.0,0.0,Spring,No Holiday,Yes,11869962,2,5
6741,9/7/2018,4,21.4,63.0,1.5,2000,14.0,0.0,0.0,0.0,Summer,No Holiday,Yes,1722833,1,7
6742,7/10/2018,16,20.7,34.0,2.0,2000,4.2,1.23,0.0,0.0,Autumn,No Holiday,Yes,11970964,2,10
6743,12/4/2018,9,11.5,43.0,1.7,1818,-0.6,1.43,,0.0,Spring,No Holiday,Yes,5923423,1,4
6744,13/07/2018,22,26.7,82.0,1.3,1725,23.3,0.0,0.0,0.0,Summer,No Holiday,Yes,10587171,2,7
6745,26/09/2018,12,22.5,37.0,1.8,2000,7.0,2.5,0.0,0.0,Autumn,No Holiday,Yes,7154000,2,9
6746,18/12/2017,4,-5.4,81.0,0.7,270,-8.1,0.0,0.0,0.7,Winter,No Holiday,Yes,270211,0,12
6747,3/5/2018,20,12.6,47.0,3.2,1935,1.5,,,0.0,Spring,No Holiday,Yes,7915966,2,5
6748,19/02/2018,20,2.4,60.0,1.9,661,-4.5,0.0,0.0,0.0,Winter,No Holiday,Yes,2757898,1,2
6749,21/12/2017,2,-2.2,88.0,1.4,348,-3.9,0.0,0.0,2.2,Winter,No Holiday,Yes,978653,0,12
6750,9/9/2018,12,25.9,39.0,1.2,1950,10.8,2.89,0.0,0.0,Autumn,No Holiday,Yes,6445534,2,9
6751,30/05/2018,17,24.1,41.0,2.2,1980,10.0,,0.0,0.0,Spring,No Holiday,Yes,10948767,2,5
6752,19/06/2018,4,,73.0,1.6,848,14.7,0.0,0.0,0.0,Summer,No Holiday,Yes,1565047,1,6
6753,10/6/2018,23,20.9,56.0,1.5,2000,11.7,0.0,0.0,0.0,Summer,No Holiday,Yes,6191462,2,6
6754,22/10/2018,9,11.9,50.0,1.1,1529,1.7,0.75,0.0,0.0,Autumn,No Holiday,Yes,6381114,2,10
6755,13/07/2018,20,28.2,76.0,2.2,1888,23.5,,0.0,0.0,Summer,No Holiday,Yes,11376438,2,7
6756,24/04/2018,19,13.3,37.0,1.2,2000,-1.1,0.12,0.0,0.0,Spring,No Holiday,Yes,8305721,2,4
6757,9/5/2018,9,14.4,46.0,1.2,1899,2.9,1.77,0.0,0.0,Spring,No Holiday,Yes,6235268,2,5
6758,26/11/2018,11,7.2,66.0,1.5,542,1.2,1.41,0.0,0.0,Autumn,No Holiday,Yes,3928620,1,11
6760,26/05/2018,19,24.9,46.0,3.1,1341,12.4,,0.0,0.0,Spring,No Holiday,Yes,10128300,2,5
6761,29/03/2018,5,12.7,83.0,0.8,392,9.8,,0.0,0.0,Spring,No Holiday,Yes,787361,0,3
6762,9/6/2018,5,19.0,85.0,0.4,467,16.4,0.0,,0.0,Summer,No Holiday,Yes,1853416,1,6
6763,11/7/2018,12,28.1,73.0,2.1,1326,22.7,0.87,0.0,0.0,Summer,No Holiday,Yes,5281117,1,7
6764,12/7/2018,17,27.9,75.0,2.5,1643,23.0,0.75,0.0,0.0,Summer,No Holiday,Yes,9910477,2,7
6765,28/09/2018,9,16.5,50.0,1.2,2000,6.0,0.66,0.0,0.0,Autumn,No Holiday,No,496486,0,9
6766,16/12/2017,17,-4.6,26.0,2.6,2000,-21.2,0.17,0.0,0.0,Winter,No Holiday,Yes,2039903,1,12
6767,13/09/2018,9,21.8,64.0,1.6,2000,14.6,0.52,,0.0,Autumn,No Holiday,Yes,7443630,2,9
6768,9/1/2018,10,-4.8,57.0,3.0,1559,-12.0,0.47,0.0,0.5,Winter,No Holiday,Yes,1327652,0,1
6769,1/1/2018,8,-5.0,55.0,1.0,2000,-12.6,0.0,0.0,0.0,Winter,Holiday,Yes,970339,0,1
6771,7/11/2018,1,11.9,76.0,1.4,286,7.7,0.0,0.0,0.0,Autumn,No Holiday,Yes,2708762,1,11
6772,13/05/2018,2,14.5,97.0,2.9,359,14.0,0.0,0.1,0.0,Spring,No Holiday,Yes,1436381,0,5
6773,24/03/2018,15,12.4,58.0,4.1,404,4.3,2.26,0.0,0.0,Spring,No Holiday,Yes,5591292,1,3
6774,18/02/2018,19,1.5,30.0,2.6,2000,-14.2,0.0,,0.0,Winter,No Holiday,Yes,1311397,1,2
6775,2/9/2018,13,28.5,42.0,1.7,1990,14.3,2.94,0.0,0.0,Autumn,No Holiday,Yes,7109032,2,9
6776,1/11/2018,7,2.5,75.0,0.5,1763,-1.4,,0.0,0.0,Autumn,No Holiday,Yes,5676166,1,11
6777,22/07/2018,22,31.7,51.0,1.4,1742,20.3,0.0,,0.0,Summer,No Holiday,Yes,7977582,2,7
6778,22/03/2018,14,11.4,30.0,3.1,1672,-5.5,2.82,0.0,0.0,Spring,No Holiday,Yes,3904124,1,3
6779,6/7/2018,5,22.5,66.0,1.5,2000,15.8,,0.0,0.0,Summer,No Holiday,Yes,1947076,1,7
6780,8/4/2018,19,2.5,94.0,1.8,349,1.6,0.0,1.0,0.0,Spring,No Holiday,Yes,1159849,0,4
6781,20/04/2018,6,11.2,63.0,0.7,821,4.4,0.0,0.0,0.0,Spring,No Holiday,Yes,2079495,1,4
6782,13/01/2018,15,-1.5,62.0,0.9,957,-7.8,,0.0,0.0,Winter,No Holiday,Yes,2100426,1,1
6783,10/9/2018,2,20.0,59.0,1.5,2000,11.7,,0.0,0.0,Autumn,No Holiday,Yes,1949097,1,9
6784,1/7/2018,1,22.7,87.0,0.5,1072,20.4,0.0,0.0,0.0,Summer,No Holiday,Yes,4799976,1,7
6785,11/7/2018,18,28.4,75.0,2.4,1564,23.5,0.52,0.0,0.0,Summer,No Holiday,Yes,15865884,2,7
6786,26/06/2018,21,23.5,94.0,4.6,227,22.4,0.0,1.5,0.0,Summer,No Holiday,Yes,1591643,1,6
6788,16/10/2018,1,,65.0,1.1,1099,5.9,0.0,0.0,0.0,Autumn,No Holiday,Yes,3745199,1,10
6789,3/7/2018,4,22.7,97.0,0.2,1808,22.1,0.0,0.0,0.0,Summer,No Holiday,Yes,1018383,0,7
6791,8/11/2018,3,11.8,86.0,1.6,1819,9.5,0.0,0.5,0.0,Autumn,No Holiday,Yes,1174941,0,11
6792,15/02/2018,13,2.2,18.0,3.4,1942,-19.7,2.3,0.0,0.0,Winter,Holiday,Yes,2124104,1,2
6793,27/11/2018,7,3.6,83.0,0.9,350,0.9,0.0,0.0,0.0,Autumn,No Holiday,Yes,4595894,1,11
6794,8/5/2018,4,15.4,63.0,1.6,2000,8.3,0.0,0.0,0.0,Spring,No Holiday,Yes,1085058,0,5
6795,20/10/2018,6,7.5,79.0,0.6,1025,4.0,0.0,0.0,0.0,Autumn,No Holiday,Yes,1204263,1,10
6796,3/5/2018,19,13.3,49.0,3.6,1919,2.7,0.45,0.0,0.0,Spring,No Holiday,Yes,9223966,2,5
6799,24/12/2017,5,5.1,82.0,0.6,185,2.2,,0.0,0.0,Winter,Holiday,Yes,639608,0,12
6800,15/03/2018,11,13.9,98.0,,296,13.5,0.13,0.0,0.0,Spring,No Holiday,Yes,1172519,0,3
6801,21/10/2018,0,11.2,62.0,0.0,1613,4.1,0.0,0.0,0.0,Autumn,No Holiday,Yes,3981041,1,10
6802,28/07/2018,20,29.2,82.0,0.4,1000,25.8,,0.0,0.0,Summer,No Holiday,Yes,5888558,2,7
6803,13/12/2017,0,-9.5,48.0,1.3,1996,-18.4,0.0,0.0,0.0,Winter,No Holiday,Yes,1186364,0,12
6805,27/04/2018,19,18.7,53.0,2.7,753,8.9,0.24,0.0,0.0,Spring,No Holiday,Yes,10247530,2,4
6806,22/01/2018,19,-0.1,88.0,,582,-1.8,0.0,0.0,1.0,Winter,No Holiday,Yes,1497114,0,1
6807,20/09/2018,7,18.0,95.0,1.6,375,17.1,0.0,1.5,0.0,Autumn,No Holiday,Yes,917764,0,9
6808,24/04/2018,3,9.6,94.0,1.3,523,8.6,0.0,2.4,0.0,Spring,No Holiday,Yes,1164212,0,4
6809,22/07/2018,11,33.8,45.0,1.9,1928,20.2,2.74,0.0,0.0,Summer,No Holiday,Yes,3408556,1,7
6810,6/5/2018,10,15.4,97.0,0.6,374,14.9,,1.5,0.0,Spring,No Holiday,Yes,1000123,0,5
6811,28/11/2018,7,2.5,24.0,0.2,1306,-16.0,0.0,0.0,0.0,Autumn,No Holiday,Yes,4785936,1,11
6812,22/03/2018,3,1.3,87.0,1.7,822,-0.6,0.0,0.0,0.0,Spring,No Holiday,Yes,1201741,0,3
6813,28/07/2018,15,28.9,86.0,2.2,1592,26.3,0.26,7.3,0.0,Summer,No Holiday,Yes,2453346,1,7
6814,17/05/2018,18,22.6,97.0,1.1,304,22.0,0.07,1.5,0.0,Spring,No Holiday,Yes,2496663,1,5
6815,15/03/2018,1,16.3,68.0,2.1,1859,10.3,0.0,0.0,0.0,Spring,No Holiday,Yes,2546542,1,3
6816,17/06/2018,5,19.0,85.0,0.8,567,16.4,0.0,0.0,0.0,Summer,No Holiday,Yes,1550865,1,6
6817,11/2/2018,12,-3.9,28.0,2.9,1921,-19.7,2.12,0.0,0.0,Winter,No Holiday,Yes,1250009,0,2
6818,1/9/2018,13,29.4,48.0,,1942,17.2,2.88,0.0,0.0,Autumn,No Holiday,Yes,7341093,2,9
6819,23/04/2018,12,9.0,96.0,1.9,481,8.3,0.43,5.5,0.0,Spring,No Holiday,Yes,592060,0,4
6821,16/10/2018,6,10.1,71.0,0.2,1474,5.0,0.0,0.0,0.0,Autumn,No Holiday,Yes,3086340,1,10
6822,8/3/2018,7,3.0,90.0,0.7,578,1.5,0.0,,0.0,Spring,No Holiday,Yes,790133,0,3
6823,21/12/2017,4,-3.6,91.0,1.2,241,-4.8,0.0,0.0,2.2,Winter,No Holiday,Yes,866066,0,12
6824,7/12/2017,1,1.5,92.0,0.4,227,0.3,0.0,0.0,0.9,Winter,No Holiday,Yes,1310421,1,12
6825,6/7/2018,17,26.6,52.0,2.2,2000,15.9,1.02,0.0,0.0,Summer,No Holiday,Yes,11934165,2,7
6826,21/09/2018,8,17.8,97.0,2.0,1284,17.3,0.09,4.0,0.0,Autumn,No Holiday,Yes,1378711,0,9
6827,24/10/2018,17,17.0,47.0,2.2,1989,5.5,0.59,0.0,0.0,Autumn,No Holiday,Yes,10191084,2,10
6828,3/4/2018,21,17.0,83.0,3.2,744,14.0,0.0,0.0,0.0,Spring,No Holiday,Yes,6407183,2,4
6829,17/07/2018,22,27.2,70.0,1.9,1110,21.2,0.0,0.0,0.0,Summer,No Holiday,Yes,10869432,2,7
6830,28/03/2018,14,18.6,46.0,4.4,1664,6.7,,0.0,0.0,Spring,No Holiday,Yes,4404541,1,3
6831,13/10/2018,5,6.7,81.0,1.1,1467,3.6,,0.0,0.0,Autumn,No Holiday,Yes,992620,0,10
6832,19/04/2018,20,15.5,38.0,1.7,745,1.2,0.0,0.0,0.0,Spring,No Holiday,Yes,7018483,2,4
6833,22/09/2018,12,24.2,43.0,2.2,1798,10.8,2.31,0.0,0.0,Autumn,No Holiday,Yes,6726408,2,9
6834,26/08/2018,19,22.7,69.0,1.9,2000,16.7,0.08,0.0,0.0,Summer,No Holiday,Yes,8200787,2,8
6835,30/09/2018,5,16.1,78.0,0.4,2000,12.2,0.0,0.0,0.0,Autumn,No Holiday,No,969303,0,9
6836,23/04/2018,21,9.4,94.0,2.1,869,8.4,0.0,1.5,0.0,Spring,No Holiday,Yes,1088447,0,4
6837,9/8/2018,8,28.6,75.0,1.2,1588,23.7,0.56,,0.0,Summer,No Holiday,Yes,8986497,2,8
6838,30/12/2017,1,-0.5,83.0,0.7,244,-3.0,0.0,0.0,0.0,Winter,No Holiday,Yes,1540904,1,12
6839,4/10/2018,22,19.8,60.0,1.6,2000,11.8,0.0,,0.0,Autumn,No Holiday,No,914431,0,10
6840,15/02/2018,7,-3.0,40.0,0.9,2000,-14.7,0.0,0.0,0.0,Winter,Holiday,Yes,1042070,0,2
6841,5/10/2018,21,16.5,96.0,2.2,963,15.8,0.0,1.5,0.0,Autumn,No Holiday,Yes,550977,0,10
6842,10/6/2018,19,23.4,55.0,1.0,2000,13.8,0.12,0.0,0.0,Summer,No Holiday,Yes,12329334,2,6
6843,15/09/2018,0,21.8,83.0,1.5,2000,18.7,0.0,0.0,0.0,Autumn,No Holiday,Yes,5303066,1,9
6844,13/03/2018,23,13.4,81.0,2.6,958,10.1,0.0,0.0,0.0,Spring,No Holiday,Yes,3774992,1,3
6845,31/01/2018,4,-2.4,82.0,1.5,877,-5.0,0.0,0.0,3.5,Winter,No Holiday,Yes,978514,0,1
6846,28/06/2018,13,27.2,68.0,1.8,1575,20.7,,0.0,0.0,Summer,No Holiday,Yes,5738081,1,6
6847,23/10/2018,4,10.0,73.0,,622,5.3,0.0,0.0,0.0,Autumn,No Holiday,Yes,1363475,0,10
6848,25/03/2018,14,16.1,37.0,2.4,315,1.3,2.62,0.0,0.0,Spring,No Holiday,Yes,5222257,1,3
6849,4/9/2018,15,26.7,51.0,3.4,2000,15.7,2.09,0.0,0.0,Autumn,No Holiday,Yes,6358032,2,9
6850,16/02/2018,22,-0.6,70.0,3.4,1204,-5.4,0.0,0.0,0.0,Winter,Holiday,Yes,954302,0,2
6851,17/01/2018,1,3.3,64.0,0.4,339,-2.8,0.0,0.0,0.0,Winter,No Holiday,Yes,1543188,0,1
6852,24/08/2018,21,23.5,79.0,3.6,2000,19.6,0.0,0.0,0.0,Summer,No Holiday,Yes,6982571,2,8
6853,19/04/2018,9,12.4,29.0,1.5,1380,-5.1,1.49,0.0,0.0,Spring,No Holiday,Yes,2456063,1,4
6854,17/05/2018,5,18.8,97.0,0.9,1927,18.3,0.0,0.0,0.0,Spring,No Holiday,Yes,1138580,0,5
6855,7/11/2018,14,15.5,68.0,1.4,693,9.6,1.15,,0.0,Autumn,No Holiday,Yes,4382735,1,11
6856,3/12/2017,13,6.8,81.0,1.9,390,3.7,0.6,0.0,0.0,Winter,No Holiday,Yes,3166767,1,12
6857,28/08/2018,16,25.0,97.0,0.7,1181,24.4,0.17,2.5,0.0,Summer,No Holiday,Yes,868219,0,8
6858,18/04/2018,16,18.5,22.0,2.7,1515,-3.6,2.27,0.0,0.0,Spring,No Holiday,Yes,7089866,2,4
6859,15/09/2018,17,24.4,75.0,0.6,2000,19.6,0.17,0.0,0.0,Autumn,No Holiday,Yes,8323264,2,9
6860,21/11/2018,9,6.4,53.0,0.7,1486,-2.5,0.21,0.0,0.0,Autumn,No Holiday,Yes,4861886,1,11
6861,2/2/2018,11,-1.4,37.0,1.0,1317,-14.2,0.91,0.0,0.0,Winter,No Holiday,Yes,1809330,1,2
6862,19/12/2017,21,-5.0,57.0,1.9,2000,-12.2,0.0,0.0,2.0,Winter,No Holiday,Yes,1717773,1,12
6863,28/01/2018,1,-7.5,45.0,2.4,1853,-17.4,0.0,,0.0,Winter,No Holiday,Yes,807798,0,1
6864,20/12/2017,12,-3.2,49.0,1.3,1723,-12.4,0.53,0.0,1.9,Winter,No Holiday,Yes,1211134,1,12
6865,11/7/2018,23,26.9,79.0,0.1,1541,22.9,0.0,,0.0,Summer,No Holiday,Yes,7090205,2,7
6866,3/2/2018,7,-8.8,58.0,4.0,1942,-15.5,0.0,0.0,0.3,Winter,No Holiday,Yes,903303,0,2
6867,17/07/2018,2,25.3,78.0,1.0,2000,21.1,0.0,0.0,0.0,Summer,No Holiday,Yes,3222734,1,7
6868,26/03/2018,1,6.3,87.0,1.8,153,4.2,0.0,0.0,0.0,Spring,No Holiday,Yes,1882704,0,3
6870,27/08/2018,14,23.3,89.0,1.5,1435,21.3,1.23,0.5,0.0,Summer,No Holiday,Yes,1473934,1,8
6871,16/08/2018,1,28.2,70.0,1.0,2000,22.2,0.0,0.0,0.0,Summer,No Holiday,Yes,3444875,1,8
6872,17/01/2018,21,3.1,74.0,,333,-1.0,0.0,0.0,0.0,Winter,No Holiday,Yes,2505602,1,1
6873,22/06/2018,0,20.7,67.0,1.9,885,14.3,0.0,0.0,0.0,Summer,No Holiday,Yes,6303390,2,6
6874,7/8/2018,4,27.3,68.0,0.7,2000,20.8,0.0,0.0,0.0,Summer,No Holiday,Yes,1082322,0,8
6875,5/1/2018,13,0.9,43.0,2.0,1112,-10.2,0.98,0.0,0.0,Winter,No Holiday,Yes,1988070,1,1
6876,18/09/2018,17,25.5,38.0,2.9,1997,10.1,,0.0,0.0,Autumn,No Holiday,No,874688,0,9
6877,15/11/2018,9,6.8,64.0,1.0,949,0.4,0.5,0.0,0.0,Autumn,No Holiday,Yes,6668604,2,11
6879,20/10/2018,2,10.1,78.0,0.1,1887,6.4,0.0,0.0,0.0,Autumn,No Holiday,Yes,2843080,1,10
6880,27/09/2018,23,17.7,51.0,1.4,2000,7.4,0.0,0.0,0.0,Autumn,No Holiday,Yes,6306763,2,9
6881,30/11/2018,13,7.1,24.0,2.8,1838,-12.1,1.83,0.0,0.0,Autumn,No Holiday,Yes,4266003,1,11
6882,29/08/2018,18,23.9,96.0,0.2,991,23.2,0.0,1.5,0.0,Summer,No Holiday,Yes,1099245,0,8
6883,13/12/2017,5,-11.5,58.0,1.1,1923,-18.1,0.0,0.0,0.0,Winter,No Holiday,Yes,600201,0,12
6884,17/06/2018,19,24.2,62.0,1.9,1225,16.4,0.39,0.0,0.0,Summer,No Holiday,Yes,13437470,2,6
6885,7/5/2018,17,25.5,31.0,2.3,1974,7.1,1.5,0.0,0.0,Spring,No Holiday,Yes,12658522,2,5
6886,28/01/2018,23,-8.7,42.0,2.1,1981,-19.3,0.0,0.0,0.0,Winter,No Holiday,Yes,1102775,0,1
6888,23/10/2018,0,11.6,61.0,0.7,673,4.3,0.0,0.0,0.0,Autumn,No Holiday,Yes,3624919,1,10
6889,17/01/2018,14,7.7,54.0,2.6,313,-1.0,0.58,0.0,0.0,Winter,No Holiday,Yes,1306120,1,1
6891,6/7/2018,23,22.0,55.0,1.7,2000,12.5,0.0,0.0,0.0,Summer,No Holiday,Yes,8135658,2,7
6892,26/06/2018,18,24.1,95.0,4.4,261,23.2,0.03,1.0,0.0,Summer,No Holiday,Yes,1633117,0,6
6893,3/7/2018,11,29.2,66.0,1.4,1953,22.1,2.72,0.0,0.0,Summer,No Holiday,Yes,4909610,1,7
6894,8/11/2018,17,11.9,97.0,0.7,269,11.4,0.0,0.0,0.0,Autumn,No Holiday,Yes,221785,0,11
6896,14/07/2018,1,25.4,85.0,1.4,1663,22.6,0.0,0.0,0.0,Summer,No Holiday,Yes,6035442,1,7
6897,30/11/2018,18,4.7,34.0,1.9,1661,-9.8,0.0,0.0,0.0,Autumn,No Holiday,Yes,7665160,2,11
6898,29/11/2018,16,5.8,39.0,2.6,1489,-7.1,0.1,0.0,0.0,Autumn,No Holiday,Yes,4262118,1,11
6899,13/10/2018,19,14.8,47.0,1.3,1111,3.5,0.0,0.0,0.0,Autumn,No Holiday,Yes,7460046,2,10
6900,28/02/2018,15,4.8,87.0,2.9,312,2.8,0.08,4.5,0.0,Winter,No Holiday,Yes,267300,0,2
6901,9/1/2018,15,-2.4,51.0,4.6,1458,-11.1,0.46,0.0,0.0,Winter,No Holiday,Yes,1882267,1,1
6902,24/07/2018,18,34.9,53.0,2.2,1296,23.8,0.86,0.0,0.0,Summer,No Holiday,Yes,12348467,2,7
6903,17/10/2018,3,10.2,80.0,0.3,1191,6.8,0.0,0.0,0.0,Autumn,No Holiday,Yes,1375586,1,10
6904,20/06/2018,0,19.7,71.0,,1330,14.2,0.0,0.0,0.0,Summer,No Holiday,Yes,6208889,1,6
6905,14/04/2018,9,7.5,94.0,1.5,506,6.5,0.15,1.5,0.0,Spring,No Holiday,Yes,918535,0,4
6906,29/09/2018,11,22.3,50.0,1.3,2000,11.3,2.36,0.0,0.0,Autumn,No Holiday,Yes,6922771,2,9
6907,22/03/2018,7,,85.0,1.5,1321,-1.6,0.01,0.0,0.0,Spring,No Holiday,Yes,3849905,1,3
6908,4/4/2018,22,10.9,58.0,1.5,2000,2.9,0.0,0.0,0.0,Spring,No Holiday,Yes,6125298,1,4
6909,19/10/2018,18,16.6,40.0,2.4,2000,2.9,,0.0,0.0,Autumn,No Holiday,Yes,13843840,2,10
6912,28/07/2018,23,28.6,74.0,0.7,1807,23.5,,0.0,0.0,Summer,No Holiday,Yes,6107624,2,7
6913,11/3/2018,17,11.1,25.0,2.0,1765,-8.2,1.19,0.0,0.0,Spring,No Holiday,Yes,5615260,1,3
6914,8/4/2018,1,2.4,46.0,1.7,2000,-8.0,0.0,0.0,0.0,Spring,No Holiday,Yes,1908379,1,4
6915,7/4/2018,1,2.6,67.0,2.7,1053,-2.9,0.0,0.0,0.0,Spring,No Holiday,Yes,2139248,1,4
6916,6/2/2018,0,-10.6,47.0,3.5,1803,-19.7,0.0,0.0,0.0,Winter,No Holiday,Yes,887568,0,2
6917,9/10/2018,22,16.7,55.0,1.9,2000,7.6,0.0,0.0,0.0,Autumn,Holiday,No,549929,0,10
6918,29/09/2018,3,15.5,73.0,1.0,2000,10.6,0.0,0.0,0.0,Autumn,No Holiday,Yes,2697774,1,9
6919,12/4/2018,21,13.4,15.0,2.7,2000,-12.7,0.0,0.0,0.0,Spring,No Holiday,Yes,6650913,2,4
6920,8/8/2018,9,30.2,66.0,,1131,23.1,1.48,,0.0,Summer,No Holiday,Yes,4660577,1,8
6921,21/01/2018,1,-0.8,58.0,0.4,400,-8.0,0.0,,0.0,Winter,No Holiday,Yes,1408818,0,1
6922,30/11/2018,6,,68.0,0.8,1322,-5.9,0.0,0.0,0.0,Autumn,No Holiday,Yes,2469897,1,11
6923,21/06/2018,14,28.0,39.0,2.6,1833,12.7,3.14,0.0,0.0,Summer,No Holiday,Yes,6501692,2,6
6924,4/7/2018,14,31.3,58.0,3.0,1479,22.0,2.46,0.0,0.0,Summer,No Holiday,Yes,6008718,1,7
6925,4/11/2018,10,11.1,51.0,0.8,679,1.3,1.38,0.0,0.0,Autumn,No Holiday,Yes,4301330,1,11
6926,14/03/2018,23,16.1,69.0,1.8,1666,10.4,0.0,0.0,0.0,Spring,No Holiday,Yes,3684947,1,3
6927,21/02/2018,23,-2.7,58.0,1.1,2000,-9.8,0.0,0.0,0.0,Winter,No Holiday,Yes,1545551,1,2
6928,31/08/2018,15,30.3,41.0,2.5,1864,15.5,2.72,0.0,0.0,Summer,No Holiday,Yes,5954835,2,8
6929,28/08/2018,15,25.2,96.0,0.6,1754,24.5,0.51,0.5,0.0,Summer,No Holiday,Yes,1006766,0,8
6930,21/01/2018,23,-0.4,32.0,0.6,2000,-15.1,0.0,0.0,0.0,Winter,No Holiday,Yes,1362010,0,1
6931,28/09/2018,15,20.3,52.0,1.3,2000,10.1,1.15,,0.0,Autumn,No Holiday,No,711277,0,9
6932,12/11/2018,11,10.3,40.0,0.7,1672,-2.7,1.66,0.0,0.0,Autumn,No Holiday,Yes,4443639,1,11
6933,22/12/2017,2,-1.1,79.0,0.7,736,-4.2,0.0,0.0,0.8,Winter,Holiday,Yes,1732808,0,12
6935,8/2/2018,18,-0.5,26.0,1.7,1999,-17.7,0.15,0.0,0.0,Winter,No Holiday,Yes,3615400,1,2
6936,24/01/2018,14,-11.1,26.0,3.8,1980,-26.8,1.25,,0.8,Winter,No Holiday,Yes,1160958,0,1
6937,20/02/2018,0,0.0,75.0,2.3,394,-3.9,0.0,0.0,0.0,Winter,No Holiday,Yes,1542794,0,2
6938,19/09/2018,14,26.1,40.0,1.2,1840,11.4,1.21,0.0,0.0,Autumn,No Holiday,No,967430,0,9
6939,26/12/2017,6,-2.8,73.0,0.7,1906,-6.9,0.0,0.0,0.0,Winter,No Holiday,Yes,1106086,0,12
6940,21/09/2018,17,21.2,77.0,1.2,2000,16.9,0.31,0.0,0.0,Autumn,No Holiday,Yes,10611522,2,9
6941,28/08/2018,21,22.9,98.0,2.1,1146,22.5,0.0,29.5,0.0,Summer,No Holiday,Yes,866104,0,8
6942,8/12/2017,0,-3.5,49.0,,1893,-12.6,0.0,0.0,0.0,Winter,No Holiday,Yes,1708475,1,12
6943,6/11/2018,14,17.4,50.0,2.4,336,6.8,1.52,0.0,0.0,Autumn,No Holiday,No,129788,0,11
6945,4/4/2018,21,11.8,57.0,1.9,2000,3.5,0.0,0.0,0.0,Spring,No Holiday,Yes,6558530,2,4
6946,17/06/2018,0,21.5,76.0,1.4,1015,17.0,0.0,0.0,0.0,Summer,No Holiday,Yes,6910745,2,6
6947,14/02/2018,9,3.9,64.0,2.9,1483,-2.3,0.18,0.0,0.0,Winter,No Holiday,Yes,2157217,1,2
6948,23/05/2018,23,14.6,54.0,1.5,1596,5.3,0.0,0.0,0.0,Spring,No Holiday,Yes,5987902,1,5
6949,4/7/2018,23,24.7,74.0,1.4,1596,19.7,,0.0,0.0,Summer,No Holiday,Yes,8217508,2,7
6950,9/8/2018,11,30.8,63.0,2.4,1919,22.9,0.94,0.0,0.0,Summer,No Holiday,Yes,4320998,1,8
6951,18/09/2018,14,26.1,37.0,2.3,1749,10.2,1.92,0.0,0.0,Autumn,No Holiday,No,856349,0,9
6952,30/12/2017,21,1.8,92.0,,109,0.6,0.0,0.2,0.0,Winter,No Holiday,Yes,1042047,0,12
6953,16/07/2018,11,31.5,51.0,2.1,1498,20.1,2.83,0.0,0.0,Summer,No Holiday,Yes,4169433,1,7
6954,27/10/2018,11,10.4,42.0,4.1,1988,-1.9,2.01,0.0,0.0,Autumn,No Holiday,Yes,5780353,1,10
6955,1/3/2018,19,-1.7,45.0,3.3,1375,-12.1,0.01,0.0,0.0,Spring,Holiday,Yes,1473190,1,3
6956,23/04/2018,7,9.0,95.0,2.3,294,8.2,0.0,6.0,0.0,Spring,No Holiday,Yes,645475,0,4
6958,14/08/2018,18,33.7,53.0,2.4,2000,22.7,0.78,0.0,0.0,Summer,No Holiday,Yes,12725727,2,8
6959,19/03/2018,10,,77.0,2.7,1587,5.2,0.27,0.0,0.0,Spring,No Holiday,Yes,1548410,1,3
6960,9/10/2018,0,12.6,54.0,0.2,2000,3.5,0.0,0.0,0.0,Autumn,Holiday,No,309627,0,10
6961,17/11/2018,17,7.7,34.0,2.6,2000,-7.2,0.13,0.0,0.0,Autumn,No Holiday,Yes,5769160,1,11
6962,7/5/2018,8,14.8,80.0,0.3,1921,11.3,0.31,0.0,0.0,Spring,No Holiday,Yes,3798361,1,5
6964,27/09/2018,7,13.2,60.0,0.5,2000,5.5,0.02,0.0,0.0,Autumn,No Holiday,Yes,7151578,2,9
6965,13/02/2018,14,,,4.1,71,-20.4,0.0,3.9,0.0,Winter,No Holiday,No,1394544,1,2
6967,22/08/2018,17,36.4,39.0,1.2,2000,20.2,1.15,0.0,0.0,Summer,No Holiday,Yes,8559203,2,8
6968,6/2/2018,5,-12.3,37.0,2.9,2000,-24.0,0.0,0.0,0.0,Winter,No Holiday,Yes,651536,0,2
6969,22/10/2018,15,,31.0,,855,2.5,1.25,0.0,0.0,Autumn,No Holiday,Yes,7270208,2,10
6970,23/02/2018,0,1.7,86.0,2.7,54,-0.3,0.0,0.4,0.4,Winter,No Holiday,Yes,388666,0,2
6971,25/06/2018,8,23.8,66.0,0.9,960,17.0,0.74,0.0,0.0,Summer,No Holiday,Yes,12836813,2,6
6972,10/9/2018,15,27.6,38.0,1.4,2000,11.9,2.09,0.0,0.0,Autumn,No Holiday,Yes,6402687,2,9
6973,13/02/2018,12,1.0,41.0,3.3,1794,-10.8,2.11,0.0,0.0,Winter,No Holiday,Yes,2248013,1,2
6974,9/12/2017,16,4.4,33.0,1.6,1963,-10.5,0.4,0.0,0.0,Winter,No Holiday,Yes,2958704,1,12
6975,11/6/2018,17,20.7,72.0,3.4,2000,15.4,0.11,,0.0,Summer,No Holiday,Yes,7576795,2,6
6976,22/12/2017,9,0.3,67.0,0.7,897,-5.1,0.03,0.0,0.6,Winter,Holiday,Yes,2334722,1,12
6977,20/03/2018,20,2.7,45.0,3.3,2000,-8.0,0.0,0.0,0.0,Spring,No Holiday,Yes,2968102,1,3
6978,22/05/2018,14,22.8,53.0,1.4,1630,12.7,0.98,0.0,0.0,Spring,Holiday,Yes,8062010,2,5
6979,18/12/2017,21,2.8,73.0,2.4,831,-1.5,0.0,0.0,2.6,Winter,No Holiday,Yes,1154512,0,12
6980,10/8/2018,1,26.9,84.0,0.2,1061,23.9,0.0,0.0,0.0,Summer,No Holiday,Yes,4013390,1,8
6981,18/01/2018,3,3.6,74.0,1.7,273,-0.6,0.0,0.0,0.0,Winter,No Holiday,Yes,654223,0,1
6982,29/08/2018,19,23.5,97.0,0.3,323,22.9,0.0,6.5,0.0,Summer,No Holiday,Yes,505549,0,8
6984,15/05/2018,1,17.5,78.0,0.6,277,13.6,0.0,0.0,0.0,Spring,No Holiday,Yes,3179352,1,5
6985,6/11/2018,3,9.4,81.0,0.3,500,6.2,0.0,0.0,0.0,Autumn,No Holiday,No,318370,0,11
6986,27/11/2018,1,4.5,82.0,0.4,350,1.6,0.0,0.0,0.0,Autumn,No Holiday,Yes,2666053,1,11
6988,7/7/2018,1,21.1,57.0,2.0,2000,12.2,0.0,,0.0,Summer,No Holiday,Yes,5999912,1,7
6989,30/12/2017,11,2.0,69.0,1.0,257,-3.1,0.32,0.0,0.0,Winter,No Holiday,Yes,1619011,1,12
6990,25/05/2018,19,22.0,40.0,1.6,1658,7.7,0.47,0.0,0.0,Spring,No Holiday,Yes,12004846,2,5
6991,24/12/2017,5,5.1,82.0,0.6,185,2.2,,0.0,0.0,Winter,Holiday,Yes,639608,0,12
6992,13/05/2018,1,15.1,97.0,1.7,173,14.6,0.0,0.2,0.0,Spring,No Holiday,Yes,1152346,0,5
6993,29/04/2018,10,17.5,35.0,1.8,1570,1.8,,0.0,0.0,Spring,No Holiday,Yes,4495168,1,4
6994,5/11/2018,3,8.3,81.0,1.1,642,5.2,0.0,0.0,0.0,Autumn,No Holiday,Yes,1648767,0,11
6995,27/05/2018,17,23.5,32.0,3.2,1925,0.0,1.01,0.0,0.0,Spring,No Holiday,Yes,12547564,2,5
6996,10/3/2018,22,5.0,75.0,2.2,1084,0.9,0.0,0.0,0.0,Spring,No Holiday,Yes,2269749,1,3
6997,20/12/2017,0,-6.5,63.0,1.5,1666,-12.3,0.0,0.0,2.0,Winter,No Holiday,Yes,1163440,0,12
6998,27/12/2017,19,-5.5,31.0,2.1,2000,-19.9,0.0,0.0,0.0,Winter,No Holiday,Yes,2521220,1,12
6999,31/10/2018,7,3.2,74.0,0.9,2000,-0.9,0.0,0.0,0.0,Autumn,No Holiday,Yes,5659289,2,10
7000,26/09/2018,1,16.6,53.0,1.7,2000,6.9,0.0,0.0,0.0,Autumn,No Holiday,Yes,3341102,1,9
7001,5/4/2018,8,6.7,94.0,2.7,1127,5.7,0.05,2.0,0.0,Spring,No Holiday,Yes,1436031,0,4
7002,30/04/2018,20,20.0,69.0,2.4,533,14.1,0.0,0.0,0.0,Spring,No Holiday,Yes,9946594,2,4
7003,21/09/2018,2,19.1,78.0,1.3,2000,15.1,0.0,0.0,0.0,Autumn,No Holiday,Yes,1209401,0,9
7004,10/4/2018,8,9.6,38.0,1.4,1527,-4.0,0.58,0.0,0.0,Spring,No Holiday,Yes,8976453,2,4
7005,4/3/2018,3,8.5,96.0,0.4,238,7.8,0.0,0.1,0.0,Spring,No Holiday,Yes,1071098,0,3
7007,4/7/2018,8,26.4,64.0,0.5,1909,19.0,,,0.0,Summer,No Holiday,Yes,11690627,2,7
7008,27/09/2018,16,23.6,31.0,1.1,2000,5.4,1.37,0.0,0.0,Autumn,No Holiday,Yes,8977181,2,9
7009,25/09/2018,0,14.7,55.0,1.6,2000,5.7,0.0,0.0,0.0,Autumn,Holiday,Yes,3196177,1,9
7010,1/6/2018,16,29.9,34.0,3.2,1912,12.3,2.46,0.0,0.0,Summer,No Holiday,Yes,7845221,2,6
7011,13/10/2018,9,10.0,56.0,1.0,1761,1.6,1.03,0.0,0.0,Autumn,No Holiday,Yes,4709337,1,10
7013,21/06/2018,13,27.3,33.0,3.4,1921,9.6,3.42,0.0,0.0,Summer,No Holiday,Yes,6736140,2,6
7014,21/08/2018,12,25.7,74.0,3.4,1951,20.7,1.16,0.0,0.0,Summer,No Holiday,Yes,5161673,1,8
7015,18/05/2018,7,16.6,98.0,0.6,219,16.2,0.01,0.5,0.0,Spring,No Holiday,Yes,1765239,1,5
7016,19/07/2018,18,33.0,51.0,2.4,1566,21.5,1.23,0.0,0.0,Summer,No Holiday,Yes,14125748,2,7
7017,30/03/2018,3,10.3,68.0,0.7,887,4.6,0.0,0.0,0.0,Spring,No Holiday,Yes,1712370,0,3
7018,13/09/2018,10,22.7,61.0,0.9,2000,14.7,0.82,0.0,0.0,Autumn,No Holiday,Yes,5018371,1,9
7019,10/12/2017,15,6.7,63.0,4.5,715,0.1,0.35,0.0,1.0,Winter,No Holiday,Yes,1855682,1,12
7020,14/01/2018,23,2.7,60.0,0.6,794,-4.3,0.0,0.0,0.0,Winter,No Holiday,Yes,980549,0,1
7021,26/07/2018,5,27.4,78.0,0.8,1301,23.2,,0.0,0.0,Summer,No Holiday,Yes,1628837,1,7
7022,10/3/2018,18,6.2,61.0,3.2,1411,-0.7,0.4,0.0,0.0,Spring,No Holiday,Yes,3576182,1,3
7023,24/06/2018,6,20.2,87.0,2.0,255,17.9,0.01,0.0,0.0,Summer,No Holiday,Yes,1636573,1,6
7024,27/02/2018,13,5.8,39.0,0.6,931,-7.1,0.35,0.0,0.0,Winter,No Holiday,Yes,2485962,1,2
7025,31/12/2017,18,0.7,31.0,2.3,2000,-14.5,0.01,0.0,0.0,Winter,Holiday,Yes,2041121,1,12
7026,19/02/2018,21,1.8,63.0,1.2,604,-4.5,0.0,0.0,0.0,Winter,No Holiday,Yes,2244093,1,2
7027,23/12/2017,11,5.7,81.0,1.1,192,2.6,,0.0,0.0,Winter,No Holiday,Yes,1542219,1,12
7028,15/04/2018,22,9.0,65.0,1.7,1953,2.7,0.0,0.0,0.0,Spring,No Holiday,Yes,3314335,1,4
7029,25/11/2018,5,2.1,94.0,0.4,248,1.2,0.0,,2.5,Autumn,No Holiday,Yes,1355376,0,11
7030,18/03/2018,5,5.6,55.0,1.2,1008,-2.7,0.0,0.0,0.0,Spring,No Holiday,Yes,1222428,0,3
7031,20/08/2018,7,25.4,60.0,1.4,1879,17.0,0.16,0.0,0.0,Summer,No Holiday,Yes,7399945,2,8
7033,18/04/2018,11,15.5,22.0,1.4,1762,-6.1,2.82,0.0,0.0,Spring,No Holiday,Yes,5127513,1,4
7034,7/9/2018,2,21.3,76.0,2.2,1559,16.8,0.0,0.5,0.0,Autumn,No Holiday,Yes,1678169,1,9
7035,7/7/2018,4,20.0,63.0,1.8,2000,12.7,0.0,0.0,0.0,Summer,No Holiday,Yes,2424029,1,7
7036,29/09/2018,13,24.9,40.0,1.4,2000,10.3,,0.0,0.0,Autumn,No Holiday,Yes,9771229,2,9
7037,17/12/2017,9,-10.5,38.0,1.1,1950,-22.1,0.19,0.0,0.0,Winter,No Holiday,Yes,927741,0,12
7038,16/03/2018,12,9.4,40.0,2.6,1913,-3.5,,0.0,0.0,Spring,No Holiday,Yes,3792063,1,3
7039,4/6/2018,18,24.4,48.0,1.9,1998,12.6,,0.0,0.0,Summer,No Holiday,Yes,17685732,2,6
7040,18/08/2018,15,31.7,30.0,1.9,1943,11.9,2.23,0.0,0.0,Summer,No Holiday,Yes,6825448,2,8
7041,3/5/2018,4,7.0,87.0,1.3,2000,4.9,0.0,0.0,0.0,Spring,No Holiday,Yes,990715,0,5
7042,26/02/2018,14,9.9,25.0,1.5,1401,-9.2,,0.0,0.0,Winter,No Holiday,Yes,2930215,1,2
7043,19/10/2018,10,13.8,44.0,1.5,1953,1.7,1.66,,0.0,Autumn,No Holiday,Yes,4462189,1,10
7044,27/12/2017,0,-7.9,37.0,2.2,2000,-20.0,0.0,0.0,0.0,Winter,No Holiday,Yes,1377455,0,12
7045,9/9/2018,8,17.4,56.0,0.8,2000,8.5,0.49,0.0,0.0,Autumn,No Holiday,Yes,4060851,1,9
7046,22/07/2018,5,25.5,72.0,0.4,2000,20.0,0.0,0.0,0.0,Summer,No Holiday,Yes,1869905,1,7
7047,22/04/2018,23,11.3,94.0,1.6,368,10.3,0.0,3.0,0.0,Spring,No Holiday,Yes,643274,0,4
7048,20/10/2018,10,13.0,49.0,0.5,1685,2.5,1.61,0.0,0.0,Autumn,No Holiday,Yes,5692432,1,10
7049,7/5/2018,11,20.2,45.0,1.1,1894,7.8,2.33,0.0,0.0,Spring,No Holiday,Yes,6172599,2,5
7050,22/02/2018,3,-2.8,57.0,0.5,1995,-10.1,0.0,,0.0,Winter,No Holiday,Yes,1167181,0,2
7051,13/06/2018,8,20.7,65.0,1.5,1004,13.8,,,0.0,Summer,No Holiday,Yes,5741666,1,6
7053,19/03/2018,16,8.9,63.0,3.0,1614,2.2,0.28,0.0,0.0,Spring,No Holiday,Yes,1700745,1,3
7055,27/05/2018,15,23.9,37.0,2.6,1889,8.3,1.82,0.0,0.0,Spring,No Holiday,Yes,11067903,2,5
7056,31/07/2018,3,29.3,57.0,1.6,2000,19.8,0.0,0.0,0.0,Summer,No Holiday,Yes,1982122,1,7
7057,29/08/2018,8,25.3,83.0,3.4,1982,22.1,,0.0,0.0,Summer,No Holiday,Yes,8965861,2,8
7058,23/10/2018,22,12.3,73.0,0.9,1392,7.5,0.0,0.0,0.0,Autumn,No Holiday,Yes,7264924,2,10
7059,19/03/2018,22,7.6,48.0,3.1,2000,-2.7,0.0,0.0,0.0,Spring,No Holiday,Yes,3308648,1,3
7060,1/2/2018,20,-2.4,36.0,1.0,2000,-15.4,0.0,,0.0,Winter,No Holiday,Yes,1726493,1,2
7061,22/12/2017,12,4.5,56.0,0.8,836,-3.5,0.71,0.0,0.0,Winter,Holiday,Yes,2029499,1,12
7062,5/1/2018,1,-5.1,51.0,1.5,1550,-13.6,0.0,0.0,0.0,Winter,No Holiday,Yes,1519074,0,1
7063,3/11/2018,4,6.3,72.0,1.0,1104,1.6,0.0,0.0,0.0,Autumn,No Holiday,No,589094,0,11
7064,9/7/2018,12,20.7,83.0,0.6,1244,17.7,0.32,0.0,0.0,Summer,No Holiday,Yes,1099495,0,7
7065,3/11/2018,9,7.9,58.0,1.3,1033,0.1,0.8,0.0,0.0,Autumn,No Holiday,No,868933,0,11
7066,24/06/2018,14,31.6,34.0,2.9,1050,13.8,3.12,0.0,0.0,Summer,No Holiday,Yes,5890344,2,6
7068,23/03/2018,4,2.0,80.0,0.8,474,-1.0,0.0,0.0,0.0,Spring,No Holiday,Yes,726503,0,3
7069,24/03/2018,1,4.7,51.0,1.1,728,-4.5,0.0,0.0,0.0,Spring,No Holiday,Yes,1959387,1,3
7070,25/08/2018,17,26.9,60.0,2.8,2000,18.4,0.77,0.0,0.0,Summer,No Holiday,Yes,10156420,2,8
7071,20/10/2018,14,20.0,22.0,1.6,1950,-2.3,2.29,0.0,0.0,Autumn,No Holiday,Yes,8661953,2,10
7072,26/06/2018,22,22.4,95.0,4.1,222,21.5,0.0,0.0,0.0,Summer,No Holiday,Yes,2866313,1,6
7074,7/11/2018,18,14.4,77.0,1.0,912,10.4,0.0,0.0,0.0,Autumn,No Holiday,Yes,7275132,2,11
7076,19/05/2018,9,15.7,49.0,1.6,2000,5.0,2.0,0.0,0.0,Spring,No Holiday,Yes,4996184,1,5
7078,6/3/2018,21,5.5,33.0,3.2,1995,-9.5,0.0,0.0,0.0,Spring,No Holiday,Yes,3561890,1,3
7079,18/02/2018,17,4.2,17.0,2.5,1990,-18.7,,0.0,0.0,Winter,No Holiday,Yes,2630704,1,2
7080,9/12/2017,10,-2.2,42.0,1.3,1646,-13.4,0.61,0.0,0.0,Winter,No Holiday,Yes,1550027,1,12
7081,19/07/2018,6,23.3,83.0,0.2,875,20.2,0.02,0.0,0.0,Summer,No Holiday,Yes,4204185,1,7
7082,11/12/2017,12,-5.2,33.0,4.6,1973,-19.0,1.26,0.0,0.0,Winter,No Holiday,Yes,1565843,1,12
7083,6/9/2018,8,21.8,77.0,0.9,1419,17.5,0.43,0.0,0.0,Autumn,No Holiday,Yes,13043524,2,9
7084,10/2/2018,6,1.6,78.0,1.6,448,-1.8,,0.0,0.0,Winter,No Holiday,Yes,893199,0,2
7085,2/7/2018,15,24.2,93.0,1.0,590,22.9,0.78,0.0,0.0,Summer,No Holiday,Yes,3471992,1,7
7086,1/1/2018,16,3.0,28.0,2.5,1864,-13.7,0.51,0.0,0.0,Winter,Holiday,Yes,2033442,1,1
7087,8/9/2018,10,22.2,43.0,0.9,1891,9.0,2.09,0.0,0.0,Autumn,No Holiday,Yes,6437199,2,9
7088,3/4/2018,0,16.8,69.0,0.8,1395,11.0,0.0,0.0,0.0,Spring,No Holiday,Yes,3731712,1,4
7089,24/11/2018,3,2.8,28.0,1.6,2000,-13.9,0.0,0.0,0.0,Autumn,No Holiday,Yes,2296587,1,11
7090,19/01/2018,15,5.4,25.0,2.4,1686,-13.1,0.9,0.0,0.0,Winter,No Holiday,Yes,2678617,1,1
7091,11/2/2018,12,-3.9,28.0,2.9,1921,-19.7,2.12,0.0,0.0,Winter,No Holiday,Yes,1250009,0,2
7092,4/12/2017,20,-3.6,38.0,3.0,2000,-15.8,0.0,,0.0,Winter,No Holiday,Yes,2398498,1,12
